[0.000000] (-) TimerEvent: {}
[0.000186] (musashi_basestation_client) JobQueued: {'identifier': 'musashi_basestation_client', 'dependencies': OrderedDict()}
[0.000389] (musashi_camera) JobQueued: {'identifier': 'musashi_camera', 'dependencies': OrderedDict()}
[0.000401] (musashi_description) JobQueued: {'identifier': 'musashi_description', 'dependencies': OrderedDict()}
[0.000411] (musashi_msgs) JobQueued: {'identifier': 'musashi_msgs', 'dependencies': OrderedDict()}
[0.000420] (musashi_rqt_player_controller) JobQueued: {'identifier': 'musashi_rqt_player_controller', 'dependencies': OrderedDict()}
[0.000429] (musashi_rqt_player_server) JobQueued: {'identifier': 'musashi_rqt_player_server', 'dependencies': OrderedDict()}
[0.000438] (musashi_rqt_refereebox_client) JobQueued: {'identifier': 'musashi_rqt_refereebox_client', 'dependencies': OrderedDict()}
[0.000446] (musashi_rviz) JobQueued: {'identifier': 'musashi_rviz', 'dependencies': OrderedDict([('musashi_msgs', '/home/aviken/colcon_ws/install/musashi_msgs')])}
[0.000457] (musashi_msgs) JobStarted: {'identifier': 'musashi_msgs'}
[0.005107] (musashi_basestation_client) JobStarted: {'identifier': 'musashi_basestation_client'}
[0.009384] (musashi_camera) JobStarted: {'identifier': 'musashi_camera'}
[0.013382] (musashi_description) JobStarted: {'identifier': 'musashi_description'}
[0.017674] (musashi_rqt_player_controller) JobStarted: {'identifier': 'musashi_rqt_player_controller'}
[0.021320] (musashi_rqt_player_server) JobStarted: {'identifier': 'musashi_rqt_player_server'}
[0.025100] (musashi_rqt_refereebox_client) JobStarted: {'identifier': 'musashi_rqt_refereebox_client'}
[0.030134] (musashi_msgs) JobProgress: {'identifier': 'musashi_msgs', 'progress': 'cmake'}
[0.030468] (musashi_msgs) JobProgress: {'identifier': 'musashi_msgs', 'progress': 'build'}
[0.030895] (musashi_msgs) Command: {'cmd': ['/usr/bin/cmake', '--build', '/home/aviken/colcon_ws/build/musashi_msgs', '--', '-j16', '-l16'], 'cwd': '/home/aviken/colcon_ws/build/musashi_msgs', 'env': OrderedDict([('LESSOPEN', '| /usr/bin/lesspipe %s'), ('USER', 'aviken'), ('XDG_SESSION_TYPE', 'x11'), ('SHLVL', '1'), ('LD_LIBRARY_PATH', '/home/aviken/turtlebot3_ws/install/turtlebot3_msgs/lib:/home/aviken/turtlebot3_ws/install/turtlebot3_applications_msgs/lib:/home/aviken/turtlebot3_ws/install/dynamixel_sdk_custom_interfaces/lib:/home/aviken/turtlebot3_ws/install/dynamixel_sdk/lib:/home/aviken/colcon_ws/install/musashi_msgs/lib:/usr/lib/x86_64-linux-gnu/gazebo-11/plugins:/opt/ros/humble/opt/rviz_ogre_vendor/lib:/opt/ros/humble/lib/x86_64-linux-gnu:/opt/ros/humble/lib:/usr/lib/x86_64-linux-gnu/gazebo-11/plugins:'), ('HOME', '/home/aviken'), ('OLDPWD', '/home/aviken/colcon_ws'), ('DESKTOP_SESSION', 'ubuntu'), ('GAZEBO_MASTER_URI', 'http://localhost:11345'), ('ROS_PYTHON_VERSION', '3'), ('GNOME_SHELL_SESSION_MODE', 'ubuntu'), ('GTK_MODULES', 'gail:atk-bridge'), ('SYSTEMD_EXEC_PID', '3281'), ('DBUS_SESSION_BUS_ADDRESS', 'unix:path=/run/user/1000/bus'), ('COLORTERM', 'truecolor'), ('IM_CONFIG_PHASE', '1'), ('COLCON_PREFIX_PATH', '/home/aviken/turtlebot3_ws/install:/home/aviken/colcon_ws/install'), ('ROS_DISTRO', 'humble'), ('GTK_IM_MODULE', 'ibus'), ('LOGNAME', 'aviken'), ('_', '/usr/bin/colcon'), ('ROS_VERSION', '2'), ('XDG_SESSION_CLASS', 'user'), ('USERNAME', 'aviken'), ('TERM', 'xterm-256color'), ('GAZEBO_MODEL_PATH', '/usr/share/gazebo-11/models:'), ('GNOME_DESKTOP_SESSION_ID', 'this-is-deprecated'), ('ROS_LOCALHOST_ONLY', '0'), ('WINDOWPATH', '2'), ('OGRE_RESOURCE_PATH', '/usr/lib/x86_64-linux-gnu/OGRE-1.9.0'), ('PATH', '/opt/ros/humble/bin:/home/aviken/.local/bin:/usr/local/sbin:/usr/local/bin:/usr/sbin:/usr/bin:/sbin:/bin:/usr/games:/usr/local/games:/snap/bin:/snap/bin'), ('SESSION_MANAGER', 'local/aviken:@/tmp/.ICE-unix/2448,unix/aviken:/tmp/.ICE-unix/2448'), ('XDG_MENU_PREFIX', 'gnome-'), ('GNOME_TERMINAL_SCREEN', '/org/gnome/Terminal/screen/9be58a34_b1a2_430c_944f_125250bf66a2'), ('XDG_RUNTIME_DIR', '/run/user/1000'), ('DISPLAY', ':1'), ('LANG', 'ja_JP.UTF-8'), ('XDG_CURRENT_DESKTOP', 'ubuntu:GNOME'), ('XMODIFIERS', '@im=ibus'), ('XDG_SESSION_DESKTOP', 'ubuntu'), ('XAUTHORITY', '/run/user/1000/gdm/Xauthority'), ('LS_COLORS', 'rs=0:di=01;34:ln=01;36:mh=00:pi=40;33:so=01;35:do=01;35:bd=40;33;01:cd=40;33;01:or=40;31;01:mi=00:su=37;41:sg=30;43:ca=30;41:tw=30;42:ow=34;42:st=37;44:ex=01;32:*.tar=01;31:*.tgz=01;31:*.arc=01;31:*.arj=01;31:*.taz=01;31:*.lha=01;31:*.lz4=01;31:*.lzh=01;31:*.lzma=01;31:*.tlz=01;31:*.txz=01;31:*.tzo=01;31:*.t7z=01;31:*.zip=01;31:*.z=01;31:*.dz=01;31:*.gz=01;31:*.lrz=01;31:*.lz=01;31:*.lzo=01;31:*.xz=01;31:*.zst=01;31:*.tzst=01;31:*.bz2=01;31:*.bz=01;31:*.tbz=01;31:*.tbz2=01;31:*.tz=01;31:*.deb=01;31:*.rpm=01;31:*.jar=01;31:*.war=01;31:*.ear=01;31:*.sar=01;31:*.rar=01;31:*.alz=01;31:*.ace=01;31:*.zoo=01;31:*.cpio=01;31:*.7z=01;31:*.rz=01;31:*.cab=01;31:*.wim=01;31:*.swm=01;31:*.dwm=01;31:*.esd=01;31:*.jpg=01;35:*.jpeg=01;35:*.mjpg=01;35:*.mjpeg=01;35:*.gif=01;35:*.bmp=01;35:*.pbm=01;35:*.pgm=01;35:*.ppm=01;35:*.tga=01;35:*.xbm=01;35:*.xpm=01;35:*.tif=01;35:*.tiff=01;35:*.png=01;35:*.svg=01;35:*.svgz=01;35:*.mng=01;35:*.pcx=01;35:*.mov=01;35:*.mpg=01;35:*.mpeg=01;35:*.m2v=01;35:*.mkv=01;35:*.webm=01;35:*.webp=01;35:*.ogm=01;35:*.mp4=01;35:*.m4v=01;35:*.mp4v=01;35:*.vob=01;35:*.qt=01;35:*.nuv=01;35:*.wmv=01;35:*.asf=01;35:*.rm=01;35:*.rmvb=01;35:*.flc=01;35:*.avi=01;35:*.fli=01;35:*.flv=01;35:*.gl=01;35:*.dl=01;35:*.xcf=01;35:*.xwd=01;35:*.yuv=01;35:*.cgm=01;35:*.emf=01;35:*.ogv=01;35:*.ogx=01;35:*.aac=00;36:*.au=00;36:*.flac=00;36:*.m4a=00;36:*.mid=00;36:*.midi=00;36:*.mka=00;36:*.mp3=00;36:*.mpc=00;36:*.ogg=00;36:*.ra=00;36:*.wav=00;36:*.oga=00;36:*.opus=00;36:*.spx=00;36:*.xspf=00;36:'), ('GNOME_TERMINAL_SERVICE', ':1.91'), ('SSH_AGENT_LAUNCHER', 'gnome-keyring'), ('SSH_AUTH_SOCK', '/run/user/1000/keyring/ssh'), ('ROS_DOMAIN_ID', '30'), ('AMENT_PREFIX_PATH', '/home/aviken/turtlebot3_ws/install/turtlebot3_applications:/home/aviken/turtlebot3_ws/install/turtlebot3_yolo_object_detection:/home/aviken/turtlebot3_ws/install/turtlebot3:/home/aviken/turtlebot3_ws/install/turtlebot3_teleop:/home/aviken/turtlebot3_ws/install/turtlebot3_ps4_teleop:/home/aviken/turtlebot3_ws/install/turtlebot3_panorama:/home/aviken/turtlebot3_ws/install/turtlebot3_bringup:/home/aviken/turtlebot3_ws/install/turtlebot3_node:/home/aviken/turtlebot3_ws/install/turtlebot3_navigation2:/home/aviken/turtlebot3_ws/install/turtlebot3_example:/home/aviken/turtlebot3_ws/install/turtlebot3_msgs:/home/aviken/turtlebot3_ws/install/turtlebot3_follower:/home/aviken/turtlebot3_ws/install/turtlebot3_description:/home/aviken/turtlebot3_ws/install/turtlebot3_cartographer:/home/aviken/turtlebot3_ws/install/turtlebot3_automatic_parking_vision:/home/aviken/turtlebot3_ws/install/turtlebot3_automatic_parking:/home/aviken/turtlebot3_ws/install/turtlebot3_aruco_tracker:/home/aviken/turtlebot3_ws/install/turtlebot3_applications_msgs:/home/aviken/turtlebot3_ws/install/dynamixel_sdk_examples:/home/aviken/turtlebot3_ws/install/dynamixel_sdk_custom_interfaces:/home/aviken/turtlebot3_ws/install/dynamixel_sdk:/home/aviken/colcon_ws/install/musashi_rviz:/home/aviken/colcon_ws/install/musashi_rqt_refereebox_client:/home/aviken/colcon_ws/install/musashi_rqt_player_server:/home/aviken/colcon_ws/install/musashi_rqt_player_controller:/home/aviken/colcon_ws/install/musashi_msgs:/home/aviken/colcon_ws/install/musashi_description:/home/aviken/colcon_ws/install/musashi_camera:/home/aviken/colcon_ws/install/musashi_basestation_client:/opt/ros/humble'), ('SHELL', '/bin/bash'), ('QT_ACCESSIBILITY', '1'), ('GDMSESSION', 'ubuntu'), ('LESSCLOSE', '/usr/bin/lesspipe %s %s'), ('GPG_AGENT_INFO', '/run/user/1000/gnupg/S.gpg-agent:0:1'), ('GAZEBO_RESOURCE_PATH', '/usr/share/gazebo-11:'), ('GAZEBO_MODEL_DATABASE_URI', 'http://models.gazebosim.org'), ('QT_IM_MODULE', 'ibus'), ('PWD', '/home/aviken/colcon_ws/build/musashi_msgs'), ('TURTLEBOT3_MODEL', 'burger'), ('XDG_CONFIG_DIRS', '/etc/xdg/xdg-ubuntu:/etc/xdg'), ('GAZEBO_PLUGIN_PATH', '/usr/lib/x86_64-linux-gnu/gazebo-11/plugins:'), ('XDG_DATA_DIRS', '/usr/share/ubuntu:/usr/share/gnome:/usr/local/share/:/usr/share/:/var/lib/snapd/desktop'), ('PYTHONPATH', '/home/aviken/turtlebot3_ws/build/turtlebot3_yolo_object_detection:/home/aviken/turtlebot3_ws/install/turtlebot3_yolo_object_detection/lib/python3.10/site-packages:/home/aviken/turtlebot3_ws/build/turtlebot3_teleop:/home/aviken/turtlebot3_ws/install/turtlebot3_teleop/lib/python3.10/site-packages:/home/aviken/turtlebot3_ws/build/turtlebot3_ps4_teleop:/home/aviken/turtlebot3_ws/install/turtlebot3_ps4_teleop/lib/python3.10/site-packages:/home/aviken/turtlebot3_ws/build/turtlebot3_example:/home/aviken/turtlebot3_ws/install/turtlebot3_example/lib/python3.10/site-packages:/home/aviken/turtlebot3_ws/install/turtlebot3_msgs/local/lib/python3.10/dist-packages:/home/aviken/turtlebot3_ws/build/turtlebot3_automatic_parking_vision:/home/aviken/turtlebot3_ws/install/turtlebot3_automatic_parking_vision/lib/python3.10/site-packages:/home/aviken/turtlebot3_ws/build/turtlebot3_automatic_parking:/home/aviken/turtlebot3_ws/install/turtlebot3_automatic_parking/lib/python3.10/site-packages:/home/aviken/turtlebot3_ws/build/turtlebot3_aruco_tracker:/home/aviken/turtlebot3_ws/install/turtlebot3_aruco_tracker/lib/python3.10/site-packages:/home/aviken/turtlebot3_ws/install/turtlebot3_applications_msgs/local/lib/python3.10/dist-packages:/home/aviken/turtlebot3_ws/install/dynamixel_sdk_custom_interfaces/local/lib/python3.10/dist-packages:/home/aviken/turtlebot3_ws/install/dynamixel_sdk/local/lib/python3.10/dist-packages:/home/aviken/colcon_ws/install/musashi_rviz/lib/python3.10/site-packages:/home/aviken/colcon_ws/install/musashi_rqt_refereebox_client/lib/python3.10/site-packages:/home/aviken/colcon_ws/install/musashi_rqt_player_server/lib/python3.10/site-packages:/home/aviken/colcon_ws/install/musashi_rqt_player_controller/lib/python3.10/site-packages:/home/aviken/colcon_ws/install/musashi_msgs/local/lib/python3.10/dist-packages:/home/aviken/colcon_ws/install/musashi_description/lib/python3.10/site-packages:/home/aviken/colcon_ws/install/musashi_camera/lib/python3.10/site-packages:/home/aviken/colcon_ws/install/musashi_basestation_client/lib/python3.10/site-packages:/opt/ros/humble/lib/python3.10/site-packages:/opt/ros/humble/local/lib/python3.10/dist-packages'), ('COLCON', '1'), ('VTE_VERSION', '6800'), ('CMAKE_PREFIX_PATH', '/home/aviken/turtlebot3_ws/install/turtlebot3_applications:/home/aviken/turtlebot3_ws/install/turtlebot3:/home/aviken/turtlebot3_ws/install/turtlebot3_panorama:/home/aviken/turtlebot3_ws/install/turtlebot3_bringup:/home/aviken/turtlebot3_ws/install/turtlebot3_node:/home/aviken/turtlebot3_ws/install/turtlebot3_navigation2:/home/aviken/turtlebot3_ws/install/turtlebot3_msgs:/home/aviken/turtlebot3_ws/install/turtlebot3_follower:/home/aviken/turtlebot3_ws/install/turtlebot3_description:/home/aviken/turtlebot3_ws/install/turtlebot3_cartographer:/home/aviken/turtlebot3_ws/install/turtlebot3_applications_msgs:/home/aviken/turtlebot3_ws/install/dynamixel_sdk_examples:/home/aviken/turtlebot3_ws/install/dynamixel_sdk_custom_interfaces:/home/aviken/turtlebot3_ws/install/dynamixel_sdk:/home/aviken/colcon_ws/install/musashi_msgs:/home/aviken/turtlebot3_ws/install/turtlebot3_yolo_object_detection:/home/aviken/turtlebot3_ws/install/turtlebot3_teleop:/home/aviken/turtlebot3_ws/install/turtlebot3_ps4_teleop:/home/aviken/turtlebot3_ws/install/turtlebot3_example:/home/aviken/turtlebot3_ws/install/turtlebot3_automatic_parking_vision:/home/aviken/turtlebot3_ws/install/turtlebot3_automatic_parking:/home/aviken/turtlebot3_ws/install/turtlebot3_aruco_tracker:/home/aviken/colcon_ws/install/musashi_rviz:/home/aviken/colcon_ws/install/musashi_rqt_refereebox_client:/home/aviken/colcon_ws/install/musashi_rqt_player_server:/home/aviken/colcon_ws/install/musashi_rqt_player_controller:/home/aviken/colcon_ws/install/musashi_description:/home/aviken/colcon_ws/install/musashi_camera:/home/aviken/colcon_ws/install/musashi_basestation_client:/opt/ros/humble')]), 'shell': False}
[0.099842] (-) TimerEvent: {}
[0.200093] (-) TimerEvent: {}
[0.300402] (-) TimerEvent: {}
[0.400819] (-) TimerEvent: {}
[0.501161] (-) TimerEvent: {}
[0.601425] (-) TimerEvent: {}
[0.701676] (-) TimerEvent: {}
[0.801916] (-) TimerEvent: {}
[0.902207] (-) TimerEvent: {}
[1.002479] (-) TimerEvent: {}
[1.014885] (musashi_msgs) StdoutLine: {'line': b'\x1b[35m\x1b[1mConsolidate compiler generated dependencies of target musashi_msgs__rosidl_generator_c\x1b[0m\n'}
[1.015091] (musashi_msgs) StdoutLine: {'line': b'[  1%] Built target musashi_msgs__cpp\n'}
[1.015138] (musashi_msgs) StdoutLine: {'line': b'[ 12%] Built target musashi_msgs__rosidl_generator_c\n'}
[1.015178] (musashi_msgs) StdoutLine: {'line': b'[ 12%] Built target ament_cmake_python_symlink_musashi_msgs\n'}
[1.015215] (musashi_msgs) StdoutLine: {'line': b'\x1b[35m\x1b[1mConsolidate compiler generated dependencies of target musashi_msgs__rosidl_typesupport_fastrtps_cpp\x1b[0m\n'}
[1.015258] (musashi_msgs) StdoutLine: {'line': b'\x1b[35m\x1b[1mConsolidate compiler generated dependencies of target musashi_msgs__rosidl_typesupport_introspection_cpp\x1b[0m\n'}
[1.015294] (musashi_msgs) StdoutLine: {'line': b'\x1b[35m\x1b[1mConsolidate compiler generated dependencies of target musashi_msgs__rosidl_typesupport_cpp\x1b[0m\n'}
[1.015329] (musashi_msgs) StdoutLine: {'line': b'\x1b[35m\x1b[1mConsolidate compiler generated dependencies of target musashi_msgs__rosidl_typesupport_c\x1b[0m\n'}
[1.015363] (musashi_msgs) StdoutLine: {'line': b'\x1b[35m\x1b[1mConsolidate compiler generated dependencies of target musashi_msgs__rosidl_typesupport_introspection_c\x1b[0m\n'}
[1.015398] (musashi_msgs) StdoutLine: {'line': b'\x1b[35m\x1b[1mConsolidate compiler generated dependencies of target musashi_msgs__rosidl_typesupport_fastrtps_c\x1b[0m\n'}
[1.015433] (musashi_msgs) StdoutLine: {'line': b'[ 25%] Built target musashi_msgs__rosidl_typesupport_introspection_c\n'}
[1.015468] (musashi_msgs) StdoutLine: {'line': b'[ 35%] Built target musashi_msgs__rosidl_typesupport_c\n'}
[1.015504] (musashi_msgs) StdoutLine: {'line': b'[ 46%] Built target musashi_msgs__rosidl_typesupport_fastrtps_cpp\n'}
[1.015539] (musashi_msgs) StdoutLine: {'line': b'[ 63%] Built target musashi_msgs__rosidl_typesupport_introspection_cpp\n'}
[1.015588] (musashi_msgs) StdoutLine: {'line': b'[ 69%] Built target musashi_msgs__rosidl_typesupport_cpp\n'}
[1.015643] (musashi_msgs) StdoutLine: {'line': b'[ 80%] Built target musashi_msgs__rosidl_typesupport_fastrtps_c\n'}
[1.016065] (musashi_msgs) StdoutLine: {'line': b'[ 80%] Built target musashi_msgs\n'}
[1.016217] (musashi_msgs) StdoutLine: {'line': b'[ 81%] Built target musashi_msgs__py\n'}
[1.016524] (musashi_msgs) StdoutLine: {'line': b'\x1b[35m\x1b[1mConsolidate compiler generated dependencies of target musashi_msgs__rosidl_generator_py\x1b[0m\n'}
[1.016564] (musashi_msgs) StdoutLine: {'line': b'[ 91%] Built target musashi_msgs__rosidl_generator_py\n'}
[1.016598] (musashi_msgs) StdoutLine: {'line': b'\x1b[35m\x1b[1mConsolidate compiler generated dependencies of target musashi_msgs__rosidl_typesupport_introspection_c__pyext\x1b[0m\n'}
[1.016633] (musashi_msgs) StdoutLine: {'line': b'\x1b[35m\x1b[1mConsolidate compiler generated dependencies of target musashi_msgs__rosidl_typesupport_fastrtps_c__pyext\x1b[0m\n'}
[1.016671] (musashi_msgs) StdoutLine: {'line': b'\x1b[35m\x1b[1mConsolidate compiler generated dependencies of target musashi_msgs__rosidl_typesupport_c__pyext\x1b[0m\n'}
[1.016708] (musashi_msgs) StdoutLine: {'line': b'[100%] Built target musashi_msgs__rosidl_typesupport_fastrtps_c__pyext\n'}
[1.016744] (musashi_msgs) StdoutLine: {'line': b'[100%] Built target musashi_msgs__rosidl_typesupport_c__pyext\n'}
[1.016777] (musashi_msgs) StdoutLine: {'line': b'[100%] Built target musashi_msgs__rosidl_typesupport_introspection_c__pyext\n'}
[1.016811] (musashi_msgs) StdoutLine: {'line': b'running egg_info\n'}
[1.016843] (musashi_msgs) StdoutLine: {'line': b'writing musashi_msgs.egg-info/PKG-INFO\n'}
[1.016874] (musashi_msgs) StdoutLine: {'line': b'writing dependency_links to musashi_msgs.egg-info/dependency_links.txt\n'}
[1.016907] (musashi_msgs) StdoutLine: {'line': b'writing top-level names to musashi_msgs.egg-info/top_level.txt\n'}
[1.016939] (musashi_msgs) StdoutLine: {'line': b"reading manifest file 'musashi_msgs.egg-info/SOURCES.txt'\n"}
[1.016975] (musashi_msgs) StdoutLine: {'line': b"writing manifest file 'musashi_msgs.egg-info/SOURCES.txt'\n"}
[1.017006] (musashi_msgs) StdoutLine: {'line': b'[100%] Built target ament_cmake_python_build_musashi_msgs_egg\n'}
[1.102637] (-) TimerEvent: {}
[1.188226] (musashi_msgs) CommandEnded: {'returncode': 0}
[1.188882] (musashi_msgs) JobProgress: {'identifier': 'musashi_msgs', 'progress': 'install'}
[1.195294] (musashi_msgs) Command: {'cmd': ['/usr/bin/cmake', '--install', '/home/aviken/colcon_ws/build/musashi_msgs'], 'cwd': '/home/aviken/colcon_ws/build/musashi_msgs', 'env': OrderedDict([('LESSOPEN', '| /usr/bin/lesspipe %s'), ('USER', 'aviken'), ('XDG_SESSION_TYPE', 'x11'), ('SHLVL', '1'), ('LD_LIBRARY_PATH', '/home/aviken/turtlebot3_ws/install/turtlebot3_msgs/lib:/home/aviken/turtlebot3_ws/install/turtlebot3_applications_msgs/lib:/home/aviken/turtlebot3_ws/install/dynamixel_sdk_custom_interfaces/lib:/home/aviken/turtlebot3_ws/install/dynamixel_sdk/lib:/home/aviken/colcon_ws/install/musashi_msgs/lib:/usr/lib/x86_64-linux-gnu/gazebo-11/plugins:/opt/ros/humble/opt/rviz_ogre_vendor/lib:/opt/ros/humble/lib/x86_64-linux-gnu:/opt/ros/humble/lib:/usr/lib/x86_64-linux-gnu/gazebo-11/plugins:'), ('HOME', '/home/aviken'), ('OLDPWD', '/home/aviken/colcon_ws'), ('DESKTOP_SESSION', 'ubuntu'), ('GAZEBO_MASTER_URI', 'http://localhost:11345'), ('ROS_PYTHON_VERSION', '3'), ('GNOME_SHELL_SESSION_MODE', 'ubuntu'), ('GTK_MODULES', 'gail:atk-bridge'), ('SYSTEMD_EXEC_PID', '3281'), ('DBUS_SESSION_BUS_ADDRESS', 'unix:path=/run/user/1000/bus'), ('COLORTERM', 'truecolor'), ('IM_CONFIG_PHASE', '1'), ('COLCON_PREFIX_PATH', '/home/aviken/turtlebot3_ws/install:/home/aviken/colcon_ws/install'), ('ROS_DISTRO', 'humble'), ('GTK_IM_MODULE', 'ibus'), ('LOGNAME', 'aviken'), ('_', '/usr/bin/colcon'), ('ROS_VERSION', '2'), ('XDG_SESSION_CLASS', 'user'), ('USERNAME', 'aviken'), ('TERM', 'xterm-256color'), ('GAZEBO_MODEL_PATH', '/usr/share/gazebo-11/models:'), ('GNOME_DESKTOP_SESSION_ID', 'this-is-deprecated'), ('ROS_LOCALHOST_ONLY', '0'), ('WINDOWPATH', '2'), ('OGRE_RESOURCE_PATH', '/usr/lib/x86_64-linux-gnu/OGRE-1.9.0'), ('PATH', '/opt/ros/humble/bin:/home/aviken/.local/bin:/usr/local/sbin:/usr/local/bin:/usr/sbin:/usr/bin:/sbin:/bin:/usr/games:/usr/local/games:/snap/bin:/snap/bin'), ('SESSION_MANAGER', 'local/aviken:@/tmp/.ICE-unix/2448,unix/aviken:/tmp/.ICE-unix/2448'), ('XDG_MENU_PREFIX', 'gnome-'), ('GNOME_TERMINAL_SCREEN', '/org/gnome/Terminal/screen/9be58a34_b1a2_430c_944f_125250bf66a2'), ('XDG_RUNTIME_DIR', '/run/user/1000'), ('DISPLAY', ':1'), ('LANG', 'ja_JP.UTF-8'), ('XDG_CURRENT_DESKTOP', 'ubuntu:GNOME'), ('XMODIFIERS', '@im=ibus'), ('XDG_SESSION_DESKTOP', 'ubuntu'), ('XAUTHORITY', '/run/user/1000/gdm/Xauthority'), ('LS_COLORS', 'rs=0:di=01;34:ln=01;36:mh=00:pi=40;33:so=01;35:do=01;35:bd=40;33;01:cd=40;33;01:or=40;31;01:mi=00:su=37;41:sg=30;43:ca=30;41:tw=30;42:ow=34;42:st=37;44:ex=01;32:*.tar=01;31:*.tgz=01;31:*.arc=01;31:*.arj=01;31:*.taz=01;31:*.lha=01;31:*.lz4=01;31:*.lzh=01;31:*.lzma=01;31:*.tlz=01;31:*.txz=01;31:*.tzo=01;31:*.t7z=01;31:*.zip=01;31:*.z=01;31:*.dz=01;31:*.gz=01;31:*.lrz=01;31:*.lz=01;31:*.lzo=01;31:*.xz=01;31:*.zst=01;31:*.tzst=01;31:*.bz2=01;31:*.bz=01;31:*.tbz=01;31:*.tbz2=01;31:*.tz=01;31:*.deb=01;31:*.rpm=01;31:*.jar=01;31:*.war=01;31:*.ear=01;31:*.sar=01;31:*.rar=01;31:*.alz=01;31:*.ace=01;31:*.zoo=01;31:*.cpio=01;31:*.7z=01;31:*.rz=01;31:*.cab=01;31:*.wim=01;31:*.swm=01;31:*.dwm=01;31:*.esd=01;31:*.jpg=01;35:*.jpeg=01;35:*.mjpg=01;35:*.mjpeg=01;35:*.gif=01;35:*.bmp=01;35:*.pbm=01;35:*.pgm=01;35:*.ppm=01;35:*.tga=01;35:*.xbm=01;35:*.xpm=01;35:*.tif=01;35:*.tiff=01;35:*.png=01;35:*.svg=01;35:*.svgz=01;35:*.mng=01;35:*.pcx=01;35:*.mov=01;35:*.mpg=01;35:*.mpeg=01;35:*.m2v=01;35:*.mkv=01;35:*.webm=01;35:*.webp=01;35:*.ogm=01;35:*.mp4=01;35:*.m4v=01;35:*.mp4v=01;35:*.vob=01;35:*.qt=01;35:*.nuv=01;35:*.wmv=01;35:*.asf=01;35:*.rm=01;35:*.rmvb=01;35:*.flc=01;35:*.avi=01;35:*.fli=01;35:*.flv=01;35:*.gl=01;35:*.dl=01;35:*.xcf=01;35:*.xwd=01;35:*.yuv=01;35:*.cgm=01;35:*.emf=01;35:*.ogv=01;35:*.ogx=01;35:*.aac=00;36:*.au=00;36:*.flac=00;36:*.m4a=00;36:*.mid=00;36:*.midi=00;36:*.mka=00;36:*.mp3=00;36:*.mpc=00;36:*.ogg=00;36:*.ra=00;36:*.wav=00;36:*.oga=00;36:*.opus=00;36:*.spx=00;36:*.xspf=00;36:'), ('GNOME_TERMINAL_SERVICE', ':1.91'), ('SSH_AGENT_LAUNCHER', 'gnome-keyring'), ('SSH_AUTH_SOCK', '/run/user/1000/keyring/ssh'), ('ROS_DOMAIN_ID', '30'), ('AMENT_PREFIX_PATH', '/home/aviken/turtlebot3_ws/install/turtlebot3_applications:/home/aviken/turtlebot3_ws/install/turtlebot3_yolo_object_detection:/home/aviken/turtlebot3_ws/install/turtlebot3:/home/aviken/turtlebot3_ws/install/turtlebot3_teleop:/home/aviken/turtlebot3_ws/install/turtlebot3_ps4_teleop:/home/aviken/turtlebot3_ws/install/turtlebot3_panorama:/home/aviken/turtlebot3_ws/install/turtlebot3_bringup:/home/aviken/turtlebot3_ws/install/turtlebot3_node:/home/aviken/turtlebot3_ws/install/turtlebot3_navigation2:/home/aviken/turtlebot3_ws/install/turtlebot3_example:/home/aviken/turtlebot3_ws/install/turtlebot3_msgs:/home/aviken/turtlebot3_ws/install/turtlebot3_follower:/home/aviken/turtlebot3_ws/install/turtlebot3_description:/home/aviken/turtlebot3_ws/install/turtlebot3_cartographer:/home/aviken/turtlebot3_ws/install/turtlebot3_automatic_parking_vision:/home/aviken/turtlebot3_ws/install/turtlebot3_automatic_parking:/home/aviken/turtlebot3_ws/install/turtlebot3_aruco_tracker:/home/aviken/turtlebot3_ws/install/turtlebot3_applications_msgs:/home/aviken/turtlebot3_ws/install/dynamixel_sdk_examples:/home/aviken/turtlebot3_ws/install/dynamixel_sdk_custom_interfaces:/home/aviken/turtlebot3_ws/install/dynamixel_sdk:/home/aviken/colcon_ws/install/musashi_rviz:/home/aviken/colcon_ws/install/musashi_rqt_refereebox_client:/home/aviken/colcon_ws/install/musashi_rqt_player_server:/home/aviken/colcon_ws/install/musashi_rqt_player_controller:/home/aviken/colcon_ws/install/musashi_msgs:/home/aviken/colcon_ws/install/musashi_description:/home/aviken/colcon_ws/install/musashi_camera:/home/aviken/colcon_ws/install/musashi_basestation_client:/opt/ros/humble'), ('SHELL', '/bin/bash'), ('QT_ACCESSIBILITY', '1'), ('GDMSESSION', 'ubuntu'), ('LESSCLOSE', '/usr/bin/lesspipe %s %s'), ('GPG_AGENT_INFO', '/run/user/1000/gnupg/S.gpg-agent:0:1'), ('GAZEBO_RESOURCE_PATH', '/usr/share/gazebo-11:'), ('GAZEBO_MODEL_DATABASE_URI', 'http://models.gazebosim.org'), ('QT_IM_MODULE', 'ibus'), ('PWD', '/home/aviken/colcon_ws/build/musashi_msgs'), ('TURTLEBOT3_MODEL', 'burger'), ('XDG_CONFIG_DIRS', '/etc/xdg/xdg-ubuntu:/etc/xdg'), ('GAZEBO_PLUGIN_PATH', '/usr/lib/x86_64-linux-gnu/gazebo-11/plugins:'), ('XDG_DATA_DIRS', '/usr/share/ubuntu:/usr/share/gnome:/usr/local/share/:/usr/share/:/var/lib/snapd/desktop'), ('PYTHONPATH', '/home/aviken/turtlebot3_ws/build/turtlebot3_yolo_object_detection:/home/aviken/turtlebot3_ws/install/turtlebot3_yolo_object_detection/lib/python3.10/site-packages:/home/aviken/turtlebot3_ws/build/turtlebot3_teleop:/home/aviken/turtlebot3_ws/install/turtlebot3_teleop/lib/python3.10/site-packages:/home/aviken/turtlebot3_ws/build/turtlebot3_ps4_teleop:/home/aviken/turtlebot3_ws/install/turtlebot3_ps4_teleop/lib/python3.10/site-packages:/home/aviken/turtlebot3_ws/build/turtlebot3_example:/home/aviken/turtlebot3_ws/install/turtlebot3_example/lib/python3.10/site-packages:/home/aviken/turtlebot3_ws/install/turtlebot3_msgs/local/lib/python3.10/dist-packages:/home/aviken/turtlebot3_ws/build/turtlebot3_automatic_parking_vision:/home/aviken/turtlebot3_ws/install/turtlebot3_automatic_parking_vision/lib/python3.10/site-packages:/home/aviken/turtlebot3_ws/build/turtlebot3_automatic_parking:/home/aviken/turtlebot3_ws/install/turtlebot3_automatic_parking/lib/python3.10/site-packages:/home/aviken/turtlebot3_ws/build/turtlebot3_aruco_tracker:/home/aviken/turtlebot3_ws/install/turtlebot3_aruco_tracker/lib/python3.10/site-packages:/home/aviken/turtlebot3_ws/install/turtlebot3_applications_msgs/local/lib/python3.10/dist-packages:/home/aviken/turtlebot3_ws/install/dynamixel_sdk_custom_interfaces/local/lib/python3.10/dist-packages:/home/aviken/turtlebot3_ws/install/dynamixel_sdk/local/lib/python3.10/dist-packages:/home/aviken/colcon_ws/install/musashi_rviz/lib/python3.10/site-packages:/home/aviken/colcon_ws/install/musashi_rqt_refereebox_client/lib/python3.10/site-packages:/home/aviken/colcon_ws/install/musashi_rqt_player_server/lib/python3.10/site-packages:/home/aviken/colcon_ws/install/musashi_rqt_player_controller/lib/python3.10/site-packages:/home/aviken/colcon_ws/install/musashi_msgs/local/lib/python3.10/dist-packages:/home/aviken/colcon_ws/install/musashi_description/lib/python3.10/site-packages:/home/aviken/colcon_ws/install/musashi_camera/lib/python3.10/site-packages:/home/aviken/colcon_ws/install/musashi_basestation_client/lib/python3.10/site-packages:/opt/ros/humble/lib/python3.10/site-packages:/opt/ros/humble/local/lib/python3.10/dist-packages'), ('COLCON', '1'), ('VTE_VERSION', '6800'), ('CMAKE_PREFIX_PATH', '/home/aviken/turtlebot3_ws/install/turtlebot3_applications:/home/aviken/turtlebot3_ws/install/turtlebot3:/home/aviken/turtlebot3_ws/install/turtlebot3_panorama:/home/aviken/turtlebot3_ws/install/turtlebot3_bringup:/home/aviken/turtlebot3_ws/install/turtlebot3_node:/home/aviken/turtlebot3_ws/install/turtlebot3_navigation2:/home/aviken/turtlebot3_ws/install/turtlebot3_msgs:/home/aviken/turtlebot3_ws/install/turtlebot3_follower:/home/aviken/turtlebot3_ws/install/turtlebot3_description:/home/aviken/turtlebot3_ws/install/turtlebot3_cartographer:/home/aviken/turtlebot3_ws/install/turtlebot3_applications_msgs:/home/aviken/turtlebot3_ws/install/dynamixel_sdk_examples:/home/aviken/turtlebot3_ws/install/dynamixel_sdk_custom_interfaces:/home/aviken/turtlebot3_ws/install/dynamixel_sdk:/home/aviken/colcon_ws/install/musashi_msgs:/home/aviken/turtlebot3_ws/install/turtlebot3_yolo_object_detection:/home/aviken/turtlebot3_ws/install/turtlebot3_teleop:/home/aviken/turtlebot3_ws/install/turtlebot3_ps4_teleop:/home/aviken/turtlebot3_ws/install/turtlebot3_example:/home/aviken/turtlebot3_ws/install/turtlebot3_automatic_parking_vision:/home/aviken/turtlebot3_ws/install/turtlebot3_automatic_parking:/home/aviken/turtlebot3_ws/install/turtlebot3_aruco_tracker:/home/aviken/colcon_ws/install/musashi_rviz:/home/aviken/colcon_ws/install/musashi_rqt_refereebox_client:/home/aviken/colcon_ws/install/musashi_rqt_player_server:/home/aviken/colcon_ws/install/musashi_rqt_player_controller:/home/aviken/colcon_ws/install/musashi_description:/home/aviken/colcon_ws/install/musashi_camera:/home/aviken/colcon_ws/install/musashi_basestation_client:/opt/ros/humble')]), 'shell': False}
[1.201125] (musashi_msgs) StdoutLine: {'line': b'-- Install configuration: ""\n'}
[1.201375] (musashi_msgs) StdoutLine: {'line': b'-- Execute custom install script\n'}
[1.201596] (musashi_msgs) StdoutLine: {'line': b'-- Up-to-date symlink: /home/aviken/colcon_ws/install/musashi_msgs/share/ament_index/resource_index/rosidl_interfaces/musashi_msgs\n'}
[1.201867] (musashi_msgs) StdoutLine: {'line': b'-- Up-to-date symlink: /home/aviken/colcon_ws/install/musashi_msgs/include/musashi_msgs/musashi_msgs/msg/detail/motor_state__functions.h\n'}
[1.202365] (musashi_msgs) StdoutLine: {'line': b'-- Up-to-date symlink: /home/aviken/colcon_ws/install/musashi_msgs/include/musashi_msgs/musashi_msgs/msg/detail/motor_state__struct.h\n'}
[1.202446] (musashi_msgs) StdoutLine: {'line': b'-- Up-to-date symlink: /home/aviken/colcon_ws/install/musashi_msgs/include/musashi_msgs/musashi_msgs/msg/detail/motor_state__type_support.h\n'}
[1.202513] (musashi_msgs) StdoutLine: {'line': b'-- Up-to-date symlink: /home/aviken/colcon_ws/install/musashi_msgs/include/musashi_msgs/musashi_msgs/msg/detail/motor_states__functions.h\n'}
[1.202579] (musashi_msgs) StdoutLine: {'line': b'-- Up-to-date symlink: /home/aviken/colcon_ws/install/musashi_msgs/include/musashi_msgs/musashi_msgs/msg/detail/motor_states__struct.h\n'}
[1.202643] (-) TimerEvent: {}
[1.202846] (musashi_msgs) StdoutLine: {'line': b'-- Up-to-date symlink: /home/aviken/colcon_ws/install/musashi_msgs/include/musashi_msgs/musashi_msgs/msg/detail/motor_states__type_support.h\n'}
[1.203423] (musashi_msgs) StdoutLine: {'line': b'-- Up-to-date symlink: /home/aviken/colcon_ws/install/musashi_msgs/include/musashi_msgs/musashi_msgs/msg/detail/player_state__functions.h\n'}
[1.203505] (musashi_msgs) StdoutLine: {'line': b'-- Up-to-date symlink: /home/aviken/colcon_ws/install/musashi_msgs/include/musashi_msgs/musashi_msgs/msg/detail/player_state__struct.h\n'}
[1.203571] (musashi_msgs) StdoutLine: {'line': b'-- Up-to-date symlink: /home/aviken/colcon_ws/install/musashi_msgs/include/musashi_msgs/musashi_msgs/msg/detail/player_state__type_support.h\n'}
[1.203638] (musashi_msgs) StdoutLine: {'line': b'-- Up-to-date symlink: /home/aviken/colcon_ws/install/musashi_msgs/include/musashi_msgs/musashi_msgs/msg/detail/player_states__functions.h\n'}
[1.203751] (musashi_msgs) StdoutLine: {'line': b'-- Up-to-date symlink: /home/aviken/colcon_ws/install/musashi_msgs/include/musashi_msgs/musashi_msgs/msg/detail/player_states__struct.h\n'}
[1.203851] (musashi_msgs) StdoutLine: {'line': b'-- Up-to-date symlink: /home/aviken/colcon_ws/install/musashi_msgs/include/musashi_msgs/musashi_msgs/msg/detail/player_states__type_support.h\n'}
[1.203914] (musashi_msgs) StdoutLine: {'line': b'-- Up-to-date symlink: /home/aviken/colcon_ws/install/musashi_msgs/include/musashi_msgs/musashi_msgs/msg/detail/polar2_d__functions.h\n'}
[1.203977] (musashi_msgs) StdoutLine: {'line': b'-- Up-to-date symlink: /home/aviken/colcon_ws/install/musashi_msgs/include/musashi_msgs/musashi_msgs/msg/detail/polar2_d__struct.h\n'}
[1.204038] (musashi_msgs) StdoutLine: {'line': b'-- Up-to-date symlink: /home/aviken/colcon_ws/install/musashi_msgs/include/musashi_msgs/musashi_msgs/msg/detail/polar2_d__type_support.h\n'}
[1.204128] (musashi_msgs) StdoutLine: {'line': b'-- Up-to-date symlink: /home/aviken/colcon_ws/install/musashi_msgs/include/musashi_msgs/musashi_msgs/msg/detail/referee_cmd__functions.h\n'}
[1.204195] (musashi_msgs) StdoutLine: {'line': b'-- Up-to-date symlink: /home/aviken/colcon_ws/install/musashi_msgs/include/musashi_msgs/musashi_msgs/msg/detail/referee_cmd__struct.h\n'}
[1.204260] (musashi_msgs) StdoutLine: {'line': b'-- Up-to-date symlink: /home/aviken/colcon_ws/install/musashi_msgs/include/musashi_msgs/musashi_msgs/msg/detail/referee_cmd__type_support.h\n'}
[1.204324] (musashi_msgs) StdoutLine: {'line': b'-- Up-to-date symlink: /home/aviken/colcon_ws/install/musashi_msgs/include/musashi_msgs/musashi_msgs/msg/motor_state.h\n'}
[1.204388] (musashi_msgs) StdoutLine: {'line': b'-- Up-to-date symlink: /home/aviken/colcon_ws/install/musashi_msgs/include/musashi_msgs/musashi_msgs/msg/motor_states.h\n'}
[1.204451] (musashi_msgs) StdoutLine: {'line': b'-- Up-to-date symlink: /home/aviken/colcon_ws/install/musashi_msgs/include/musashi_msgs/musashi_msgs/msg/player_state.h\n'}
[1.204514] (musashi_msgs) StdoutLine: {'line': b'-- Up-to-date symlink: /home/aviken/colcon_ws/install/musashi_msgs/include/musashi_msgs/musashi_msgs/msg/player_states.h\n'}
[1.204577] (musashi_msgs) StdoutLine: {'line': b'-- Up-to-date symlink: /home/aviken/colcon_ws/install/musashi_msgs/include/musashi_msgs/musashi_msgs/msg/polar2_d.h\n'}
[1.204635] (musashi_msgs) StdoutLine: {'line': b'-- Up-to-date symlink: /home/aviken/colcon_ws/install/musashi_msgs/include/musashi_msgs/musashi_msgs/msg/referee_cmd.h\n'}
[1.204751] (musashi_msgs) StdoutLine: {'line': b'-- Up-to-date symlink: /home/aviken/colcon_ws/install/musashi_msgs/include/musashi_msgs/musashi_msgs/msg/rosidl_generator_c__visibility_control.h\n'}
[1.204821] (musashi_msgs) StdoutLine: {'line': b'-- Up-to-date symlink: /home/aviken/colcon_ws/install/musashi_msgs/share/musashi_msgs/environment/library_path.sh\n'}
[1.204887] (musashi_msgs) StdoutLine: {'line': b'-- Up-to-date symlink: /home/aviken/colcon_ws/install/musashi_msgs/share/musashi_msgs/environment/library_path.dsv\n'}
[1.204951] (musashi_msgs) StdoutLine: {'line': b'-- Up-to-date symlink: /home/aviken/colcon_ws/install/musashi_msgs/include/musashi_msgs/musashi_msgs/msg/detail/motor_state__rosidl_typesupport_fastrtps_c.h\n'}
[1.205015] (musashi_msgs) StdoutLine: {'line': b'-- Up-to-date symlink: /home/aviken/colcon_ws/install/musashi_msgs/include/musashi_msgs/musashi_msgs/msg/detail/motor_states__rosidl_typesupport_fastrtps_c.h\n'}
[1.205128] (musashi_msgs) StdoutLine: {'line': b'-- Up-to-date symlink: /home/aviken/colcon_ws/install/musashi_msgs/include/musashi_msgs/musashi_msgs/msg/detail/player_state__rosidl_typesupport_fastrtps_c.h\n'}
[1.205191] (musashi_msgs) StdoutLine: {'line': b'-- Up-to-date symlink: /home/aviken/colcon_ws/install/musashi_msgs/include/musashi_msgs/musashi_msgs/msg/detail/player_states__rosidl_typesupport_fastrtps_c.h\n'}
[1.205252] (musashi_msgs) StdoutLine: {'line': b'-- Up-to-date symlink: /home/aviken/colcon_ws/install/musashi_msgs/include/musashi_msgs/musashi_msgs/msg/detail/polar2_d__rosidl_typesupport_fastrtps_c.h\n'}
[1.205315] (musashi_msgs) StdoutLine: {'line': b'-- Up-to-date symlink: /home/aviken/colcon_ws/install/musashi_msgs/include/musashi_msgs/musashi_msgs/msg/detail/referee_cmd__rosidl_typesupport_fastrtps_c.h\n'}
[1.205378] (musashi_msgs) StdoutLine: {'line': b'-- Up-to-date symlink: /home/aviken/colcon_ws/install/musashi_msgs/include/musashi_msgs/musashi_msgs/msg/rosidl_typesupport_fastrtps_c__visibility_control.h\n'}
[1.205443] (musashi_msgs) StdoutLine: {'line': b'-- Up-to-date symlink: /home/aviken/colcon_ws/install/musashi_msgs/include/musashi_msgs/musashi_msgs/msg/detail/motor_state__rosidl_typesupport_introspection_c.h\n'}
[1.205509] (musashi_msgs) StdoutLine: {'line': b'-- Up-to-date symlink: /home/aviken/colcon_ws/install/musashi_msgs/include/musashi_msgs/musashi_msgs/msg/detail/motor_states__rosidl_typesupport_introspection_c.h\n'}
[1.205574] (musashi_msgs) StdoutLine: {'line': b'-- Up-to-date symlink: /home/aviken/colcon_ws/install/musashi_msgs/include/musashi_msgs/musashi_msgs/msg/detail/player_state__rosidl_typesupport_introspection_c.h\n'}
[1.205639] (musashi_msgs) StdoutLine: {'line': b'-- Up-to-date symlink: /home/aviken/colcon_ws/install/musashi_msgs/include/musashi_msgs/musashi_msgs/msg/detail/player_states__rosidl_typesupport_introspection_c.h\n'}
[1.205784] (musashi_msgs) StdoutLine: {'line': b'-- Up-to-date symlink: /home/aviken/colcon_ws/install/musashi_msgs/include/musashi_msgs/musashi_msgs/msg/detail/polar2_d__rosidl_typesupport_introspection_c.h\n'}
[1.205868] (musashi_msgs) StdoutLine: {'line': b'-- Up-to-date symlink: /home/aviken/colcon_ws/install/musashi_msgs/include/musashi_msgs/musashi_msgs/msg/detail/referee_cmd__rosidl_typesupport_introspection_c.h\n'}
[1.205969] (musashi_msgs) StdoutLine: {'line': b'-- Up-to-date symlink: /home/aviken/colcon_ws/install/musashi_msgs/include/musashi_msgs/musashi_msgs/msg/rosidl_typesupport_introspection_c__visibility_control.h\n'}
[1.206036] (musashi_msgs) StdoutLine: {'line': b'-- Up-to-date symlink: /home/aviken/colcon_ws/install/musashi_msgs/include/musashi_msgs/musashi_msgs/msg/detail/motor_state__builder.hpp\n'}
[1.206128] (musashi_msgs) StdoutLine: {'line': b'-- Up-to-date symlink: /home/aviken/colcon_ws/install/musashi_msgs/include/musashi_msgs/musashi_msgs/msg/detail/motor_state__struct.hpp\n'}
[1.206194] (musashi_msgs) StdoutLine: {'line': b'-- Up-to-date symlink: /home/aviken/colcon_ws/install/musashi_msgs/include/musashi_msgs/musashi_msgs/msg/detail/motor_state__traits.hpp\n'}
[1.206261] (musashi_msgs) StdoutLine: {'line': b'-- Up-to-date symlink: /home/aviken/colcon_ws/install/musashi_msgs/include/musashi_msgs/musashi_msgs/msg/detail/motor_state__type_support.hpp\n'}
[1.206329] (musashi_msgs) StdoutLine: {'line': b'-- Up-to-date symlink: /home/aviken/colcon_ws/install/musashi_msgs/include/musashi_msgs/musashi_msgs/msg/detail/motor_states__builder.hpp\n'}
[1.206393] (musashi_msgs) StdoutLine: {'line': b'-- Up-to-date symlink: /home/aviken/colcon_ws/install/musashi_msgs/include/musashi_msgs/musashi_msgs/msg/detail/motor_states__struct.hpp\n'}
[1.206458] (musashi_msgs) StdoutLine: {'line': b'-- Up-to-date symlink: /home/aviken/colcon_ws/install/musashi_msgs/include/musashi_msgs/musashi_msgs/msg/detail/motor_states__traits.hpp\n'}
[1.206522] (musashi_msgs) StdoutLine: {'line': b'-- Up-to-date symlink: /home/aviken/colcon_ws/install/musashi_msgs/include/musashi_msgs/musashi_msgs/msg/detail/motor_states__type_support.hpp\n'}
[1.206624] (musashi_msgs) StdoutLine: {'line': b'-- Up-to-date symlink: /home/aviken/colcon_ws/install/musashi_msgs/include/musashi_msgs/musashi_msgs/msg/detail/player_state__builder.hpp\n'}
[1.206716] (musashi_msgs) StdoutLine: {'line': b'-- Up-to-date symlink: /home/aviken/colcon_ws/install/musashi_msgs/include/musashi_msgs/musashi_msgs/msg/detail/player_state__struct.hpp\n'}
[1.206810] (musashi_msgs) StdoutLine: {'line': b'-- Up-to-date symlink: /home/aviken/colcon_ws/install/musashi_msgs/include/musashi_msgs/musashi_msgs/msg/detail/player_state__traits.hpp\n'}
[1.206876] (musashi_msgs) StdoutLine: {'line': b'-- Up-to-date symlink: /home/aviken/colcon_ws/install/musashi_msgs/include/musashi_msgs/musashi_msgs/msg/detail/player_state__type_support.hpp\n'}
[1.206941] (musashi_msgs) StdoutLine: {'line': b'-- Up-to-date symlink: /home/aviken/colcon_ws/install/musashi_msgs/include/musashi_msgs/musashi_msgs/msg/detail/player_states__builder.hpp\n'}
[1.207005] (musashi_msgs) StdoutLine: {'line': b'-- Up-to-date symlink: /home/aviken/colcon_ws/install/musashi_msgs/include/musashi_msgs/musashi_msgs/msg/detail/player_states__struct.hpp\n'}
[1.207070] (musashi_msgs) StdoutLine: {'line': b'-- Up-to-date symlink: /home/aviken/colcon_ws/install/musashi_msgs/include/musashi_msgs/musashi_msgs/msg/detail/player_states__traits.hpp\n'}
[1.207132] (musashi_msgs) StdoutLine: {'line': b'-- Up-to-date symlink: /home/aviken/colcon_ws/install/musashi_msgs/include/musashi_msgs/musashi_msgs/msg/detail/player_states__type_support.hpp\n'}
[1.207193] (musashi_msgs) StdoutLine: {'line': b'-- Up-to-date symlink: /home/aviken/colcon_ws/install/musashi_msgs/include/musashi_msgs/musashi_msgs/msg/detail/polar2_d__builder.hpp\n'}
[1.207256] (musashi_msgs) StdoutLine: {'line': b'-- Up-to-date symlink: /home/aviken/colcon_ws/install/musashi_msgs/include/musashi_msgs/musashi_msgs/msg/detail/polar2_d__struct.hpp\n'}
[1.207316] (musashi_msgs) StdoutLine: {'line': b'-- Up-to-date symlink: /home/aviken/colcon_ws/install/musashi_msgs/include/musashi_msgs/musashi_msgs/msg/detail/polar2_d__traits.hpp\n'}
[1.207376] (musashi_msgs) StdoutLine: {'line': b'-- Up-to-date symlink: /home/aviken/colcon_ws/install/musashi_msgs/include/musashi_msgs/musashi_msgs/msg/detail/polar2_d__type_support.hpp\n'}
[1.207439] (musashi_msgs) StdoutLine: {'line': b'-- Up-to-date symlink: /home/aviken/colcon_ws/install/musashi_msgs/include/musashi_msgs/musashi_msgs/msg/detail/referee_cmd__builder.hpp\n'}
[1.207503] (musashi_msgs) StdoutLine: {'line': b'-- Up-to-date symlink: /home/aviken/colcon_ws/install/musashi_msgs/include/musashi_msgs/musashi_msgs/msg/detail/referee_cmd__struct.hpp\n'}
[1.207570] (musashi_msgs) StdoutLine: {'line': b'-- Up-to-date symlink: /home/aviken/colcon_ws/install/musashi_msgs/include/musashi_msgs/musashi_msgs/msg/detail/referee_cmd__traits.hpp\n'}
[1.207635] (musashi_msgs) StdoutLine: {'line': b'-- Up-to-date symlink: /home/aviken/colcon_ws/install/musashi_msgs/include/musashi_msgs/musashi_msgs/msg/detail/referee_cmd__type_support.hpp\n'}
[1.207771] (musashi_msgs) StdoutLine: {'line': b'-- Up-to-date symlink: /home/aviken/colcon_ws/install/musashi_msgs/include/musashi_msgs/musashi_msgs/msg/motor_state.hpp\n'}
[1.207839] (musashi_msgs) StdoutLine: {'line': b'-- Up-to-date symlink: /home/aviken/colcon_ws/install/musashi_msgs/include/musashi_msgs/musashi_msgs/msg/motor_states.hpp\n'}
[1.207904] (musashi_msgs) StdoutLine: {'line': b'-- Up-to-date symlink: /home/aviken/colcon_ws/install/musashi_msgs/include/musashi_msgs/musashi_msgs/msg/player_state.hpp\n'}
[1.207967] (musashi_msgs) StdoutLine: {'line': b'-- Up-to-date symlink: /home/aviken/colcon_ws/install/musashi_msgs/include/musashi_msgs/musashi_msgs/msg/player_states.hpp\n'}
[1.208032] (musashi_msgs) StdoutLine: {'line': b'-- Up-to-date symlink: /home/aviken/colcon_ws/install/musashi_msgs/include/musashi_msgs/musashi_msgs/msg/polar2_d.hpp\n'}
[1.208129] (musashi_msgs) StdoutLine: {'line': b'-- Up-to-date symlink: /home/aviken/colcon_ws/install/musashi_msgs/include/musashi_msgs/musashi_msgs/msg/referee_cmd.hpp\n'}
[1.208212] (musashi_msgs) StdoutLine: {'line': b'-- Up-to-date symlink: /home/aviken/colcon_ws/install/musashi_msgs/include/musashi_msgs/musashi_msgs/msg/rosidl_generator_cpp__visibility_control.hpp\n'}
[1.208278] (musashi_msgs) StdoutLine: {'line': b'-- Up-to-date symlink: /home/aviken/colcon_ws/install/musashi_msgs/include/musashi_msgs/musashi_msgs/msg/detail/motor_state__rosidl_typesupport_fastrtps_cpp.hpp\n'}
[1.208344] (musashi_msgs) StdoutLine: {'line': b'-- Up-to-date symlink: /home/aviken/colcon_ws/install/musashi_msgs/include/musashi_msgs/musashi_msgs/msg/detail/motor_states__rosidl_typesupport_fastrtps_cpp.hpp\n'}
[1.208409] (musashi_msgs) StdoutLine: {'line': b'-- Up-to-date symlink: /home/aviken/colcon_ws/install/musashi_msgs/include/musashi_msgs/musashi_msgs/msg/detail/player_state__rosidl_typesupport_fastrtps_cpp.hpp\n'}
[1.208473] (musashi_msgs) StdoutLine: {'line': b'-- Up-to-date symlink: /home/aviken/colcon_ws/install/musashi_msgs/include/musashi_msgs/musashi_msgs/msg/detail/player_states__rosidl_typesupport_fastrtps_cpp.hpp\n'}
[1.208535] (musashi_msgs) StdoutLine: {'line': b'-- Up-to-date symlink: /home/aviken/colcon_ws/install/musashi_msgs/include/musashi_msgs/musashi_msgs/msg/detail/polar2_d__rosidl_typesupport_fastrtps_cpp.hpp\n'}
[1.208596] (musashi_msgs) StdoutLine: {'line': b'-- Up-to-date symlink: /home/aviken/colcon_ws/install/musashi_msgs/include/musashi_msgs/musashi_msgs/msg/detail/referee_cmd__rosidl_typesupport_fastrtps_cpp.hpp\n'}
[1.208654] (musashi_msgs) StdoutLine: {'line': b'-- Up-to-date symlink: /home/aviken/colcon_ws/install/musashi_msgs/include/musashi_msgs/musashi_msgs/msg/rosidl_typesupport_fastrtps_cpp__visibility_control.h\n'}
[1.208789] (musashi_msgs) StdoutLine: {'line': b'-- Up-to-date symlink: /home/aviken/colcon_ws/install/musashi_msgs/include/musashi_msgs/musashi_msgs/msg/detail/motor_state__rosidl_typesupport_introspection_cpp.hpp\n'}
[1.208857] (musashi_msgs) StdoutLine: {'line': b'-- Up-to-date symlink: /home/aviken/colcon_ws/install/musashi_msgs/include/musashi_msgs/musashi_msgs/msg/detail/motor_states__rosidl_typesupport_introspection_cpp.hpp\n'}
[1.208925] (musashi_msgs) StdoutLine: {'line': b'-- Up-to-date symlink: /home/aviken/colcon_ws/install/musashi_msgs/include/musashi_msgs/musashi_msgs/msg/detail/player_state__rosidl_typesupport_introspection_cpp.hpp\n'}
[1.208990] (musashi_msgs) StdoutLine: {'line': b'-- Up-to-date symlink: /home/aviken/colcon_ws/install/musashi_msgs/include/musashi_msgs/musashi_msgs/msg/detail/player_states__rosidl_typesupport_introspection_cpp.hpp\n'}
[1.209055] (musashi_msgs) StdoutLine: {'line': b'-- Up-to-date symlink: /home/aviken/colcon_ws/install/musashi_msgs/include/musashi_msgs/musashi_msgs/msg/detail/polar2_d__rosidl_typesupport_introspection_cpp.hpp\n'}
[1.209119] (musashi_msgs) StdoutLine: {'line': b'-- Up-to-date symlink: /home/aviken/colcon_ws/install/musashi_msgs/include/musashi_msgs/musashi_msgs/msg/detail/referee_cmd__rosidl_typesupport_introspection_cpp.hpp\n'}
[1.209181] (musashi_msgs) StdoutLine: {'line': b'-- Up-to-date symlink: /home/aviken/colcon_ws/install/musashi_msgs/share/musashi_msgs/environment/pythonpath.sh\n'}
[1.209247] (musashi_msgs) StdoutLine: {'line': b'-- Up-to-date symlink: /home/aviken/colcon_ws/install/musashi_msgs/share/musashi_msgs/environment/pythonpath.dsv\n'}
[1.209312] (musashi_msgs) StdoutLine: {'line': b'-- Up-to-date symlink: /home/aviken/colcon_ws/install/musashi_msgs/local/lib/python3.10/dist-packages/musashi_msgs-0.0.0-py3.10.egg-info/PKG-INFO\n'}
[1.209375] (musashi_msgs) StdoutLine: {'line': b'-- Up-to-date symlink: /home/aviken/colcon_ws/install/musashi_msgs/local/lib/python3.10/dist-packages/musashi_msgs-0.0.0-py3.10.egg-info/SOURCES.txt\n'}
[1.209438] (musashi_msgs) StdoutLine: {'line': b'-- Up-to-date symlink: /home/aviken/colcon_ws/install/musashi_msgs/local/lib/python3.10/dist-packages/musashi_msgs-0.0.0-py3.10.egg-info/dependency_links.txt\n'}
[1.209560] (musashi_msgs) StdoutLine: {'line': b'-- Up-to-date symlink: /home/aviken/colcon_ws/install/musashi_msgs/local/lib/python3.10/dist-packages/musashi_msgs-0.0.0-py3.10.egg-info/top_level.txt\n'}
[1.209629] (musashi_msgs) StdoutLine: {'line': b'-- Up-to-date symlink: /home/aviken/colcon_ws/install/musashi_msgs/local/lib/python3.10/dist-packages/musashi_msgs/__init__.py\n'}
[1.209725] (musashi_msgs) StdoutLine: {'line': b'-- Up-to-date symlink: /home/aviken/colcon_ws/install/musashi_msgs/local/lib/python3.10/dist-packages/musashi_msgs/_musashi_msgs_s.ep.rosidl_typesupport_c.c\n'}
[1.209789] (musashi_msgs) StdoutLine: {'line': b'-- Up-to-date symlink: /home/aviken/colcon_ws/install/musashi_msgs/local/lib/python3.10/dist-packages/musashi_msgs/_musashi_msgs_s.ep.rosidl_typesupport_fastrtps_c.c\n'}
[1.209845] (musashi_msgs) StdoutLine: {'line': b'-- Up-to-date symlink: /home/aviken/colcon_ws/install/musashi_msgs/local/lib/python3.10/dist-packages/musashi_msgs/_musashi_msgs_s.ep.rosidl_typesupport_introspection_c.c\n'}
[1.209922] (musashi_msgs) StdoutLine: {'line': b'-- Up-to-date symlink: /home/aviken/colcon_ws/install/musashi_msgs/local/lib/python3.10/dist-packages/musashi_msgs/libmusashi_msgs__rosidl_generator_py.so\n'}
[1.210005] (musashi_msgs) StdoutLine: {'line': b'-- Up-to-date symlink: /home/aviken/colcon_ws/install/musashi_msgs/local/lib/python3.10/dist-packages/musashi_msgs/msg/__init__.py\n'}
[1.210091] (musashi_msgs) StdoutLine: {'line': b'-- Up-to-date symlink: /home/aviken/colcon_ws/install/musashi_msgs/local/lib/python3.10/dist-packages/musashi_msgs/msg/_motor_state.py\n'}
[1.210158] (musashi_msgs) StdoutLine: {'line': b'-- Up-to-date symlink: /home/aviken/colcon_ws/install/musashi_msgs/local/lib/python3.10/dist-packages/musashi_msgs/msg/_motor_state_s.c\n'}
[1.210221] (musashi_msgs) StdoutLine: {'line': b'-- Up-to-date symlink: /home/aviken/colcon_ws/install/musashi_msgs/local/lib/python3.10/dist-packages/musashi_msgs/msg/_motor_states.py\n'}
[1.210286] (musashi_msgs) StdoutLine: {'line': b'-- Up-to-date symlink: /home/aviken/colcon_ws/install/musashi_msgs/local/lib/python3.10/dist-packages/musashi_msgs/msg/_motor_states_s.c\n'}
[1.210354] (musashi_msgs) StdoutLine: {'line': b'-- Up-to-date symlink: /home/aviken/colcon_ws/install/musashi_msgs/local/lib/python3.10/dist-packages/musashi_msgs/msg/_player_state.py\n'}
[1.210421] (musashi_msgs) StdoutLine: {'line': b'-- Up-to-date symlink: /home/aviken/colcon_ws/install/musashi_msgs/local/lib/python3.10/dist-packages/musashi_msgs/msg/_player_state_s.c\n'}
[1.210487] (musashi_msgs) StdoutLine: {'line': b'-- Up-to-date symlink: /home/aviken/colcon_ws/install/musashi_msgs/local/lib/python3.10/dist-packages/musashi_msgs/msg/_player_states.py\n'}
[1.210553] (musashi_msgs) StdoutLine: {'line': b'-- Up-to-date symlink: /home/aviken/colcon_ws/install/musashi_msgs/local/lib/python3.10/dist-packages/musashi_msgs/msg/_player_states_s.c\n'}
[1.210619] (musashi_msgs) StdoutLine: {'line': b'-- Up-to-date symlink: /home/aviken/colcon_ws/install/musashi_msgs/local/lib/python3.10/dist-packages/musashi_msgs/msg/_polar2_d.py\n'}
[1.210747] (musashi_msgs) StdoutLine: {'line': b'-- Up-to-date symlink: /home/aviken/colcon_ws/install/musashi_msgs/local/lib/python3.10/dist-packages/musashi_msgs/msg/_polar2_d_s.c\n'}
[1.210819] (musashi_msgs) StdoutLine: {'line': b'-- Up-to-date symlink: /home/aviken/colcon_ws/install/musashi_msgs/local/lib/python3.10/dist-packages/musashi_msgs/msg/_referee_cmd.py\n'}
[1.210885] (musashi_msgs) StdoutLine: {'line': b'-- Up-to-date symlink: /home/aviken/colcon_ws/install/musashi_msgs/local/lib/python3.10/dist-packages/musashi_msgs/msg/_referee_cmd_s.c\n'}
[1.210951] (musashi_msgs) StdoutLine: {'line': b'-- Up-to-date symlink: /home/aviken/colcon_ws/install/musashi_msgs/local/lib/python3.10/dist-packages/musashi_msgs/musashi_msgs_s__rosidl_typesupport_c.cpython-310-x86_64-linux-gnu.so\n'}
[1.211018] (musashi_msgs) StdoutLine: {'line': b'-- Up-to-date symlink: /home/aviken/colcon_ws/install/musashi_msgs/local/lib/python3.10/dist-packages/musashi_msgs/musashi_msgs_s__rosidl_typesupport_fastrtps_c.cpython-310-x86_64-linux-gnu.so\n'}
[1.211122] (musashi_msgs) StdoutLine: {'line': b'-- Up-to-date symlink: /home/aviken/colcon_ws/install/musashi_msgs/local/lib/python3.10/dist-packages/musashi_msgs/musashi_msgs_s__rosidl_typesupport_introspection_c.cpython-310-x86_64-linux-gnu.so\n'}
[1.211186] (musashi_msgs) StdoutLine: {'line': b'-- Up-to-date symlink: /home/aviken/colcon_ws/install/musashi_msgs/local/lib/python3.10/dist-packages/musashi_msgs/musashi_msgs_s__rosidl_typesupport_fastrtps_c.cpython-310-x86_64-linux-gnu.so\n'}
[1.211250] (musashi_msgs) StdoutLine: {'line': b'-- Up-to-date symlink: /home/aviken/colcon_ws/install/musashi_msgs/local/lib/python3.10/dist-packages/musashi_msgs/musashi_msgs_s__rosidl_typesupport_introspection_c.cpython-310-x86_64-linux-gnu.so\n'}
[1.211315] (musashi_msgs) StdoutLine: {'line': b'-- Up-to-date symlink: /home/aviken/colcon_ws/install/musashi_msgs/local/lib/python3.10/dist-packages/musashi_msgs/musashi_msgs_s__rosidl_typesupport_c.cpython-310-x86_64-linux-gnu.so\n'}
[1.211382] (musashi_msgs) StdoutLine: {'line': b'-- Up-to-date symlink: /home/aviken/colcon_ws/install/musashi_msgs/share/musashi_msgs/msg/MotorState.idl\n'}
[1.211448] (musashi_msgs) StdoutLine: {'line': b'-- Up-to-date symlink: /home/aviken/colcon_ws/install/musashi_msgs/share/musashi_msgs/msg/MotorStates.idl\n'}
[1.211512] (musashi_msgs) StdoutLine: {'line': b'-- Up-to-date symlink: /home/aviken/colcon_ws/install/musashi_msgs/share/musashi_msgs/msg/RefereeCmd.idl\n'}
[1.211577] (musashi_msgs) StdoutLine: {'line': b'-- Up-to-date symlink: /home/aviken/colcon_ws/install/musashi_msgs/share/musashi_msgs/msg/Polar2D.idl\n'}
[1.211641] (musashi_msgs) StdoutLine: {'line': b'-- Up-to-date symlink: /home/aviken/colcon_ws/install/musashi_msgs/share/musashi_msgs/msg/PlayerState.idl\n'}
[1.211765] (musashi_msgs) StdoutLine: {'line': b'-- Up-to-date symlink: /home/aviken/colcon_ws/install/musashi_msgs/share/musashi_msgs/msg/PlayerStates.idl\n'}
[1.211834] (musashi_msgs) StdoutLine: {'line': b'-- Up-to-date symlink: /home/aviken/colcon_ws/install/musashi_msgs/share/musashi_msgs/msg/MotorState.msg\n'}
[1.211896] (musashi_msgs) StdoutLine: {'line': b'-- Up-to-date symlink: /home/aviken/colcon_ws/install/musashi_msgs/share/musashi_msgs/msg/MotorStates.msg\n'}
[1.211955] (musashi_msgs) StdoutLine: {'line': b'-- Up-to-date symlink: /home/aviken/colcon_ws/install/musashi_msgs/share/musashi_msgs/msg/RefereeCmd.msg\n'}
[1.212022] (musashi_msgs) StdoutLine: {'line': b'-- Up-to-date symlink: /home/aviken/colcon_ws/install/musashi_msgs/share/musashi_msgs/msg/Polar2D.msg\n'}
[1.212081] (musashi_msgs) StdoutLine: {'line': b'-- Up-to-date symlink: /home/aviken/colcon_ws/install/musashi_msgs/share/musashi_msgs/msg/PlayerState.msg\n'}
[1.212139] (musashi_msgs) StdoutLine: {'line': b'-- Up-to-date symlink: /home/aviken/colcon_ws/install/musashi_msgs/share/musashi_msgs/msg/PlayerStates.msg\n'}
[1.212209] (musashi_msgs) StdoutLine: {'line': b'-- Up-to-date symlink: /home/aviken/colcon_ws/install/musashi_msgs/share/ament_index/resource_index/package_run_dependencies/musashi_msgs\n'}
[1.212270] (musashi_msgs) StdoutLine: {'line': b'-- Up-to-date symlink: /home/aviken/colcon_ws/install/musashi_msgs/share/ament_index/resource_index/parent_prefix_path/musashi_msgs\n'}
[1.212331] (musashi_msgs) StdoutLine: {'line': b'-- Up-to-date symlink: /home/aviken/colcon_ws/install/musashi_msgs/share/musashi_msgs/environment/ament_prefix_path.sh\n'}
[1.212390] (musashi_msgs) StdoutLine: {'line': b'-- Up-to-date symlink: /home/aviken/colcon_ws/install/musashi_msgs/share/musashi_msgs/environment/ament_prefix_path.dsv\n'}
[1.212449] (musashi_msgs) StdoutLine: {'line': b'-- Up-to-date symlink: /home/aviken/colcon_ws/install/musashi_msgs/share/musashi_msgs/environment/path.sh\n'}
[1.212508] (musashi_msgs) StdoutLine: {'line': b'-- Up-to-date symlink: /home/aviken/colcon_ws/install/musashi_msgs/share/musashi_msgs/environment/path.dsv\n'}
[1.212571] (musashi_msgs) StdoutLine: {'line': b'-- Up-to-date symlink: /home/aviken/colcon_ws/install/musashi_msgs/share/musashi_msgs/local_setup.bash\n'}
[1.212637] (musashi_msgs) StdoutLine: {'line': b'-- Up-to-date symlink: /home/aviken/colcon_ws/install/musashi_msgs/share/musashi_msgs/local_setup.sh\n'}
[1.212714] (musashi_msgs) StdoutLine: {'line': b'-- Up-to-date symlink: /home/aviken/colcon_ws/install/musashi_msgs/share/musashi_msgs/local_setup.zsh\n'}
[1.212778] (musashi_msgs) StdoutLine: {'line': b'-- Up-to-date symlink: /home/aviken/colcon_ws/install/musashi_msgs/share/musashi_msgs/local_setup.dsv\n'}
[1.212843] (musashi_msgs) StdoutLine: {'line': b'-- Symlinking: /home/aviken/colcon_ws/install/musashi_msgs/share/musashi_msgs/package.dsv\n'}
[1.218321] (musashi_msgs) StdoutLine: {'line': b'-- Up-to-date symlink: /home/aviken/colcon_ws/install/musashi_msgs/share/ament_index/resource_index/packages/musashi_msgs\n'}
[1.218500] (musashi_msgs) StdoutLine: {'line': b'-- Up-to-date symlink: /home/aviken/colcon_ws/install/musashi_msgs/share/musashi_msgs/cmake/rosidl_cmake-extras.cmake\n'}
[1.218580] (musashi_msgs) StdoutLine: {'line': b'-- Up-to-date symlink: /home/aviken/colcon_ws/install/musashi_msgs/share/musashi_msgs/cmake/ament_cmake_export_dependencies-extras.cmake\n'}
[1.218698] (musashi_msgs) StdoutLine: {'line': b'-- Up-to-date symlink: /home/aviken/colcon_ws/install/musashi_msgs/share/musashi_msgs/cmake/ament_cmake_export_include_directories-extras.cmake\n'}
[1.218798] (musashi_msgs) StdoutLine: {'line': b'-- Up-to-date symlink: /home/aviken/colcon_ws/install/musashi_msgs/share/musashi_msgs/cmake/ament_cmake_export_libraries-extras.cmake\n'}
[1.218870] (musashi_msgs) StdoutLine: {'line': b'-- Up-to-date symlink: /home/aviken/colcon_ws/install/musashi_msgs/share/musashi_msgs/cmake/ament_cmake_export_targets-extras.cmake\n'}
[1.218937] (musashi_msgs) StdoutLine: {'line': b'-- Up-to-date symlink: /home/aviken/colcon_ws/install/musashi_msgs/share/musashi_msgs/cmake/rosidl_cmake_export_typesupport_targets-extras.cmake\n'}
[1.219045] (musashi_msgs) StdoutLine: {'line': b'-- Up-to-date symlink: /home/aviken/colcon_ws/install/musashi_msgs/share/musashi_msgs/cmake/rosidl_cmake_export_typesupport_libraries-extras.cmake\n'}
[1.219111] (musashi_msgs) StdoutLine: {'line': b'-- Up-to-date symlink: /home/aviken/colcon_ws/install/musashi_msgs/share/musashi_msgs/cmake/musashi_msgsConfig.cmake\n'}
[1.219174] (musashi_msgs) StdoutLine: {'line': b'-- Up-to-date symlink: /home/aviken/colcon_ws/install/musashi_msgs/share/musashi_msgs/cmake/musashi_msgsConfig-version.cmake\n'}
[1.219242] (musashi_msgs) StdoutLine: {'line': b'-- Up-to-date symlink: /home/aviken/colcon_ws/install/musashi_msgs/share/musashi_msgs/package.xml\n'}
[1.219342] (musashi_msgs) StdoutLine: {'line': b'-- Up-to-date: /home/aviken/colcon_ws/install/musashi_msgs/lib/libmusashi_msgs__rosidl_generator_c.so\n'}
[1.219409] (musashi_msgs) StdoutLine: {'line': b'-- Up-to-date: /home/aviken/colcon_ws/install/musashi_msgs/lib/libmusashi_msgs__rosidl_typesupport_fastrtps_c.so\n'}
[1.219494] (musashi_msgs) StdoutLine: {'line': b'-- Up-to-date: /home/aviken/colcon_ws/install/musashi_msgs/lib/libmusashi_msgs__rosidl_typesupport_introspection_c.so\n'}
[1.219613] (musashi_msgs) StdoutLine: {'line': b'-- Up-to-date: /home/aviken/colcon_ws/install/musashi_msgs/lib/libmusashi_msgs__rosidl_typesupport_c.so\n'}
[1.219744] (musashi_msgs) StdoutLine: {'line': b'-- Up-to-date: /home/aviken/colcon_ws/install/musashi_msgs/lib/libmusashi_msgs__rosidl_typesupport_fastrtps_cpp.so\n'}
[1.219883] (musashi_msgs) StdoutLine: {'line': b'-- Up-to-date: /home/aviken/colcon_ws/install/musashi_msgs/lib/libmusashi_msgs__rosidl_typesupport_introspection_cpp.so\n'}
[1.220018] (musashi_msgs) StdoutLine: {'line': b'-- Up-to-date: /home/aviken/colcon_ws/install/musashi_msgs/lib/libmusashi_msgs__rosidl_typesupport_cpp.so\n'}
[1.250074] (musashi_msgs) StdoutLine: {'line': b"Listing '/home/aviken/colcon_ws/install/musashi_msgs/local/lib/python3.10/dist-packages/musashi_msgs'...\n"}
[1.250327] (musashi_msgs) StdoutLine: {'line': b"Listing '/home/aviken/colcon_ws/install/musashi_msgs/local/lib/python3.10/dist-packages/musashi_msgs/msg'...\n"}
[1.253592] (musashi_msgs) StdoutLine: {'line': b'-- Up-to-date: /home/aviken/colcon_ws/install/musashi_msgs/lib/libmusashi_msgs__rosidl_generator_py.so\n'}
[1.253870] (musashi_msgs) StdoutLine: {'line': b'-- Up-to-date: /home/aviken/colcon_ws/install/musashi_msgs/share/musashi_msgs/cmake/export_musashi_msgs__rosidl_generator_cExport.cmake\n'}
[1.253993] (musashi_msgs) StdoutLine: {'line': b'-- Up-to-date: /home/aviken/colcon_ws/install/musashi_msgs/share/musashi_msgs/cmake/export_musashi_msgs__rosidl_generator_cExport-noconfig.cmake\n'}
[1.254106] (musashi_msgs) StdoutLine: {'line': b'-- Up-to-date: /home/aviken/colcon_ws/install/musashi_msgs/share/musashi_msgs/cmake/export_musashi_msgs__rosidl_typesupport_fastrtps_cExport.cmake\n'}
[1.254259] (musashi_msgs) StdoutLine: {'line': b'-- Up-to-date: /home/aviken/colcon_ws/install/musashi_msgs/share/musashi_msgs/cmake/export_musashi_msgs__rosidl_typesupport_fastrtps_cExport-noconfig.cmake\n'}
[1.254330] (musashi_msgs) StdoutLine: {'line': b'-- Up-to-date: /home/aviken/colcon_ws/install/musashi_msgs/share/musashi_msgs/cmake/musashi_msgs__rosidl_typesupport_introspection_cExport.cmake\n'}
[1.254395] (musashi_msgs) StdoutLine: {'line': b'-- Up-to-date: /home/aviken/colcon_ws/install/musashi_msgs/share/musashi_msgs/cmake/musashi_msgs__rosidl_typesupport_introspection_cExport-noconfig.cmake\n'}
[1.254462] (musashi_msgs) StdoutLine: {'line': b'-- Up-to-date: /home/aviken/colcon_ws/install/musashi_msgs/share/musashi_msgs/cmake/musashi_msgs__rosidl_typesupport_cExport.cmake\n'}
[1.254554] (musashi_msgs) StdoutLine: {'line': b'-- Up-to-date: /home/aviken/colcon_ws/install/musashi_msgs/share/musashi_msgs/cmake/musashi_msgs__rosidl_typesupport_cExport-noconfig.cmake\n'}
[1.254634] (musashi_msgs) StdoutLine: {'line': b'-- Up-to-date: /home/aviken/colcon_ws/install/musashi_msgs/share/musashi_msgs/cmake/export_musashi_msgs__rosidl_generator_cppExport.cmake\n'}
[1.254722] (musashi_msgs) StdoutLine: {'line': b'-- Up-to-date: /home/aviken/colcon_ws/install/musashi_msgs/share/musashi_msgs/cmake/export_musashi_msgs__rosidl_typesupport_fastrtps_cppExport.cmake\n'}
[1.254788] (musashi_msgs) StdoutLine: {'line': b'-- Up-to-date: /home/aviken/colcon_ws/install/musashi_msgs/share/musashi_msgs/cmake/export_musashi_msgs__rosidl_typesupport_fastrtps_cppExport-noconfig.cmake\n'}
[1.254854] (musashi_msgs) StdoutLine: {'line': b'-- Up-to-date: /home/aviken/colcon_ws/install/musashi_msgs/share/musashi_msgs/cmake/musashi_msgs__rosidl_typesupport_introspection_cppExport.cmake\n'}
[1.254933] (musashi_msgs) StdoutLine: {'line': b'-- Up-to-date: /home/aviken/colcon_ws/install/musashi_msgs/share/musashi_msgs/cmake/musashi_msgs__rosidl_typesupport_introspection_cppExport-noconfig.cmake\n'}
[1.254997] (musashi_msgs) StdoutLine: {'line': b'-- Up-to-date: /home/aviken/colcon_ws/install/musashi_msgs/share/musashi_msgs/cmake/musashi_msgs__rosidl_typesupport_cppExport.cmake\n'}
[1.255059] (musashi_msgs) StdoutLine: {'line': b'-- Up-to-date: /home/aviken/colcon_ws/install/musashi_msgs/share/musashi_msgs/cmake/musashi_msgs__rosidl_typesupport_cppExport-noconfig.cmake\n'}
[1.255122] (musashi_msgs) StdoutLine: {'line': b'-- Up-to-date: /home/aviken/colcon_ws/install/musashi_msgs/share/musashi_msgs/cmake/export_musashi_msgs__rosidl_generator_pyExport.cmake\n'}
[1.255185] (musashi_msgs) StdoutLine: {'line': b'-- Up-to-date: /home/aviken/colcon_ws/install/musashi_msgs/share/musashi_msgs/cmake/export_musashi_msgs__rosidl_generator_pyExport-noconfig.cmake\n'}
[1.257150] (musashi_msgs) CommandEnded: {'returncode': 0}
[1.277619] (musashi_msgs) JobEnded: {'identifier': 'musashi_msgs', 'rc': 0}
[1.278667] (musashi_rviz) JobStarted: {'identifier': 'musashi_rviz'}
[1.302726] (-) TimerEvent: {}
[1.403025] (-) TimerEvent: {}
[1.489863] (musashi_camera) Command: {'cmd': ['/usr/bin/python3', '-W', 'ignore:setup.py install is deprecated', '-W', 'ignore:easy_install command is deprecated', 'setup.py', 'develop', '--editable', '--build-directory', '/home/aviken/colcon_ws/build/musashi_camera/build', '--no-deps', 'symlink_data'], 'cwd': '/home/aviken/colcon_ws/build/musashi_camera', 'env': {'LESSOPEN': '| /usr/bin/lesspipe %s', 'USER': 'aviken', 'XDG_SESSION_TYPE': 'x11', 'SHLVL': '1', 'LD_LIBRARY_PATH': '/home/aviken/turtlebot3_ws/install/turtlebot3_msgs/lib:/home/aviken/turtlebot3_ws/install/turtlebot3_applications_msgs/lib:/home/aviken/turtlebot3_ws/install/dynamixel_sdk_custom_interfaces/lib:/home/aviken/turtlebot3_ws/install/dynamixel_sdk/lib:/home/aviken/colcon_ws/install/musashi_msgs/lib:/usr/lib/x86_64-linux-gnu/gazebo-11/plugins:/opt/ros/humble/opt/rviz_ogre_vendor/lib:/opt/ros/humble/lib/x86_64-linux-gnu:/opt/ros/humble/lib:/usr/lib/x86_64-linux-gnu/gazebo-11/plugins:', 'HOME': '/home/aviken', 'OLDPWD': '/home/aviken/colcon_ws', 'DESKTOP_SESSION': 'ubuntu', 'GAZEBO_MASTER_URI': 'http://localhost:11345', 'ROS_PYTHON_VERSION': '3', 'GNOME_SHELL_SESSION_MODE': 'ubuntu', 'GTK_MODULES': 'gail:atk-bridge', 'SYSTEMD_EXEC_PID': '3281', 'DBUS_SESSION_BUS_ADDRESS': 'unix:path=/run/user/1000/bus', 'COLORTERM': 'truecolor', 'IM_CONFIG_PHASE': '1', 'COLCON_PREFIX_PATH': '/home/aviken/turtlebot3_ws/install:/home/aviken/colcon_ws/install', 'ROS_DISTRO': 'humble', 'GTK_IM_MODULE': 'ibus', 'LOGNAME': 'aviken', '_': '/usr/bin/colcon', 'ROS_VERSION': '2', 'XDG_SESSION_CLASS': 'user', 'USERNAME': 'aviken', 'TERM': 'xterm-256color', 'GAZEBO_MODEL_PATH': '/usr/share/gazebo-11/models:', 'GNOME_DESKTOP_SESSION_ID': 'this-is-deprecated', 'ROS_LOCALHOST_ONLY': '0', 'WINDOWPATH': '2', 'OGRE_RESOURCE_PATH': '/usr/lib/x86_64-linux-gnu/OGRE-1.9.0', 'PATH': '/opt/ros/humble/bin:/home/aviken/.local/bin:/usr/local/sbin:/usr/local/bin:/usr/sbin:/usr/bin:/sbin:/bin:/usr/games:/usr/local/games:/snap/bin:/snap/bin', 'SESSION_MANAGER': 'local/aviken:@/tmp/.ICE-unix/2448,unix/aviken:/tmp/.ICE-unix/2448', 'XDG_MENU_PREFIX': 'gnome-', 'GNOME_TERMINAL_SCREEN': '/org/gnome/Terminal/screen/9be58a34_b1a2_430c_944f_125250bf66a2', 'XDG_RUNTIME_DIR': '/run/user/1000', 'DISPLAY': ':1', 'LANG': 'ja_JP.UTF-8', 'XDG_CURRENT_DESKTOP': 'ubuntu:GNOME', 'XMODIFIERS': '@im=ibus', 'XDG_SESSION_DESKTOP': 'ubuntu', 'XAUTHORITY': '/run/user/1000/gdm/Xauthority', 'LS_COLORS': 'rs=0:di=01;34:ln=01;36:mh=00:pi=40;33:so=01;35:do=01;35:bd=40;33;01:cd=40;33;01:or=40;31;01:mi=00:su=37;41:sg=30;43:ca=30;41:tw=30;42:ow=34;42:st=37;44:ex=01;32:*.tar=01;31:*.tgz=01;31:*.arc=01;31:*.arj=01;31:*.taz=01;31:*.lha=01;31:*.lz4=01;31:*.lzh=01;31:*.lzma=01;31:*.tlz=01;31:*.txz=01;31:*.tzo=01;31:*.t7z=01;31:*.zip=01;31:*.z=01;31:*.dz=01;31:*.gz=01;31:*.lrz=01;31:*.lz=01;31:*.lzo=01;31:*.xz=01;31:*.zst=01;31:*.tzst=01;31:*.bz2=01;31:*.bz=01;31:*.tbz=01;31:*.tbz2=01;31:*.tz=01;31:*.deb=01;31:*.rpm=01;31:*.jar=01;31:*.war=01;31:*.ear=01;31:*.sar=01;31:*.rar=01;31:*.alz=01;31:*.ace=01;31:*.zoo=01;31:*.cpio=01;31:*.7z=01;31:*.rz=01;31:*.cab=01;31:*.wim=01;31:*.swm=01;31:*.dwm=01;31:*.esd=01;31:*.jpg=01;35:*.jpeg=01;35:*.mjpg=01;35:*.mjpeg=01;35:*.gif=01;35:*.bmp=01;35:*.pbm=01;35:*.pgm=01;35:*.ppm=01;35:*.tga=01;35:*.xbm=01;35:*.xpm=01;35:*.tif=01;35:*.tiff=01;35:*.png=01;35:*.svg=01;35:*.svgz=01;35:*.mng=01;35:*.pcx=01;35:*.mov=01;35:*.mpg=01;35:*.mpeg=01;35:*.m2v=01;35:*.mkv=01;35:*.webm=01;35:*.webp=01;35:*.ogm=01;35:*.mp4=01;35:*.m4v=01;35:*.mp4v=01;35:*.vob=01;35:*.qt=01;35:*.nuv=01;35:*.wmv=01;35:*.asf=01;35:*.rm=01;35:*.rmvb=01;35:*.flc=01;35:*.avi=01;35:*.fli=01;35:*.flv=01;35:*.gl=01;35:*.dl=01;35:*.xcf=01;35:*.xwd=01;35:*.yuv=01;35:*.cgm=01;35:*.emf=01;35:*.ogv=01;35:*.ogx=01;35:*.aac=00;36:*.au=00;36:*.flac=00;36:*.m4a=00;36:*.mid=00;36:*.midi=00;36:*.mka=00;36:*.mp3=00;36:*.mpc=00;36:*.ogg=00;36:*.ra=00;36:*.wav=00;36:*.oga=00;36:*.opus=00;36:*.spx=00;36:*.xspf=00;36:', 'GNOME_TERMINAL_SERVICE': ':1.91', 'SSH_AGENT_LAUNCHER': 'gnome-keyring', 'SSH_AUTH_SOCK': '/run/user/1000/keyring/ssh', 'ROS_DOMAIN_ID': '30', 'AMENT_PREFIX_PATH': '/home/aviken/turtlebot3_ws/install/turtlebot3_applications:/home/aviken/turtlebot3_ws/install/turtlebot3_yolo_object_detection:/home/aviken/turtlebot3_ws/install/turtlebot3:/home/aviken/turtlebot3_ws/install/turtlebot3_teleop:/home/aviken/turtlebot3_ws/install/turtlebot3_ps4_teleop:/home/aviken/turtlebot3_ws/install/turtlebot3_panorama:/home/aviken/turtlebot3_ws/install/turtlebot3_bringup:/home/aviken/turtlebot3_ws/install/turtlebot3_node:/home/aviken/turtlebot3_ws/install/turtlebot3_navigation2:/home/aviken/turtlebot3_ws/install/turtlebot3_example:/home/aviken/turtlebot3_ws/install/turtlebot3_msgs:/home/aviken/turtlebot3_ws/install/turtlebot3_follower:/home/aviken/turtlebot3_ws/install/turtlebot3_description:/home/aviken/turtlebot3_ws/install/turtlebot3_cartographer:/home/aviken/turtlebot3_ws/install/turtlebot3_automatic_parking_vision:/home/aviken/turtlebot3_ws/install/turtlebot3_automatic_parking:/home/aviken/turtlebot3_ws/install/turtlebot3_aruco_tracker:/home/aviken/turtlebot3_ws/install/turtlebot3_applications_msgs:/home/aviken/turtlebot3_ws/install/dynamixel_sdk_examples:/home/aviken/turtlebot3_ws/install/dynamixel_sdk_custom_interfaces:/home/aviken/turtlebot3_ws/install/dynamixel_sdk:/home/aviken/colcon_ws/install/musashi_rviz:/home/aviken/colcon_ws/install/musashi_rqt_refereebox_client:/home/aviken/colcon_ws/install/musashi_rqt_player_server:/home/aviken/colcon_ws/install/musashi_rqt_player_controller:/home/aviken/colcon_ws/install/musashi_msgs:/home/aviken/colcon_ws/install/musashi_description:/home/aviken/colcon_ws/install/musashi_camera:/home/aviken/colcon_ws/install/musashi_basestation_client:/opt/ros/humble', 'SHELL': '/bin/bash', 'QT_ACCESSIBILITY': '1', 'GDMSESSION': 'ubuntu', 'LESSCLOSE': '/usr/bin/lesspipe %s %s', 'GPG_AGENT_INFO': '/run/user/1000/gnupg/S.gpg-agent:0:1', 'GAZEBO_RESOURCE_PATH': '/usr/share/gazebo-11:', 'GAZEBO_MODEL_DATABASE_URI': 'http://models.gazebosim.org', 'QT_IM_MODULE': 'ibus', 'PWD': '/home/aviken/colcon_ws/build/musashi_camera', 'TURTLEBOT3_MODEL': 'burger', 'XDG_CONFIG_DIRS': '/etc/xdg/xdg-ubuntu:/etc/xdg', 'GAZEBO_PLUGIN_PATH': '/usr/lib/x86_64-linux-gnu/gazebo-11/plugins:', 'XDG_DATA_DIRS': '/usr/share/ubuntu:/usr/share/gnome:/usr/local/share/:/usr/share/:/var/lib/snapd/desktop', 'PYTHONPATH': '/home/aviken/colcon_ws/build/musashi_camera/prefix_override:/usr/lib/python3/dist-packages/colcon_core/task/python/colcon_distutils_commands:/home/aviken/colcon_ws/install/musashi_camera/lib/python3.10/site-packages:/home/aviken/turtlebot3_ws/build/turtlebot3_yolo_object_detection:/home/aviken/turtlebot3_ws/install/turtlebot3_yolo_object_detection/lib/python3.10/site-packages:/home/aviken/turtlebot3_ws/build/turtlebot3_teleop:/home/aviken/turtlebot3_ws/install/turtlebot3_teleop/lib/python3.10/site-packages:/home/aviken/turtlebot3_ws/build/turtlebot3_ps4_teleop:/home/aviken/turtlebot3_ws/install/turtlebot3_ps4_teleop/lib/python3.10/site-packages:/home/aviken/turtlebot3_ws/build/turtlebot3_example:/home/aviken/turtlebot3_ws/install/turtlebot3_example/lib/python3.10/site-packages:/home/aviken/turtlebot3_ws/install/turtlebot3_msgs/local/lib/python3.10/dist-packages:/home/aviken/turtlebot3_ws/build/turtlebot3_automatic_parking_vision:/home/aviken/turtlebot3_ws/install/turtlebot3_automatic_parking_vision/lib/python3.10/site-packages:/home/aviken/turtlebot3_ws/build/turtlebot3_automatic_parking:/home/aviken/turtlebot3_ws/install/turtlebot3_automatic_parking/lib/python3.10/site-packages:/home/aviken/turtlebot3_ws/build/turtlebot3_aruco_tracker:/home/aviken/turtlebot3_ws/install/turtlebot3_aruco_tracker/lib/python3.10/site-packages:/home/aviken/turtlebot3_ws/install/turtlebot3_applications_msgs/local/lib/python3.10/dist-packages:/home/aviken/turtlebot3_ws/install/dynamixel_sdk_custom_interfaces/local/lib/python3.10/dist-packages:/home/aviken/turtlebot3_ws/install/dynamixel_sdk/local/lib/python3.10/dist-packages:/home/aviken/colcon_ws/install/musashi_rviz/lib/python3.10/site-packages:/home/aviken/colcon_ws/install/musashi_rqt_refereebox_client/lib/python3.10/site-packages:/home/aviken/colcon_ws/install/musashi_rqt_player_server/lib/python3.10/site-packages:/home/aviken/colcon_ws/install/musashi_rqt_player_controller/lib/python3.10/site-packages:/home/aviken/colcon_ws/install/musashi_msgs/local/lib/python3.10/dist-packages:/home/aviken/colcon_ws/install/musashi_description/lib/python3.10/site-packages:/home/aviken/colcon_ws/install/musashi_camera/lib/python3.10/site-packages:/home/aviken/colcon_ws/install/musashi_basestation_client/lib/python3.10/site-packages:/opt/ros/humble/lib/python3.10/site-packages:/opt/ros/humble/local/lib/python3.10/dist-packages', 'COLCON': '1', 'VTE_VERSION': '6800', 'CMAKE_PREFIX_PATH': '/home/aviken/turtlebot3_ws/install/turtlebot3_applications:/home/aviken/turtlebot3_ws/install/turtlebot3:/home/aviken/turtlebot3_ws/install/turtlebot3_panorama:/home/aviken/turtlebot3_ws/install/turtlebot3_bringup:/home/aviken/turtlebot3_ws/install/turtlebot3_node:/home/aviken/turtlebot3_ws/install/turtlebot3_navigation2:/home/aviken/turtlebot3_ws/install/turtlebot3_msgs:/home/aviken/turtlebot3_ws/install/turtlebot3_follower:/home/aviken/turtlebot3_ws/install/turtlebot3_description:/home/aviken/turtlebot3_ws/install/turtlebot3_cartographer:/home/aviken/turtlebot3_ws/install/turtlebot3_applications_msgs:/home/aviken/turtlebot3_ws/install/dynamixel_sdk_examples:/home/aviken/turtlebot3_ws/install/dynamixel_sdk_custom_interfaces:/home/aviken/turtlebot3_ws/install/dynamixel_sdk:/home/aviken/colcon_ws/install/musashi_msgs'}, 'shell': False}
[1.490796] (musashi_basestation_client) Command: {'cmd': ['/usr/bin/python3', '-W', 'ignore:setup.py install is deprecated', '-W', 'ignore:easy_install command is deprecated', 'setup.py', 'develop', '--editable', '--build-directory', '/home/aviken/colcon_ws/build/musashi_basestation_client/build', '--no-deps', 'symlink_data'], 'cwd': '/home/aviken/colcon_ws/build/musashi_basestation_client', 'env': {'LESSOPEN': '| /usr/bin/lesspipe %s', 'USER': 'aviken', 'XDG_SESSION_TYPE': 'x11', 'SHLVL': '1', 'LD_LIBRARY_PATH': '/home/aviken/turtlebot3_ws/install/turtlebot3_msgs/lib:/home/aviken/turtlebot3_ws/install/turtlebot3_applications_msgs/lib:/home/aviken/turtlebot3_ws/install/dynamixel_sdk_custom_interfaces/lib:/home/aviken/turtlebot3_ws/install/dynamixel_sdk/lib:/home/aviken/colcon_ws/install/musashi_msgs/lib:/usr/lib/x86_64-linux-gnu/gazebo-11/plugins:/opt/ros/humble/opt/rviz_ogre_vendor/lib:/opt/ros/humble/lib/x86_64-linux-gnu:/opt/ros/humble/lib:/usr/lib/x86_64-linux-gnu/gazebo-11/plugins:', 'HOME': '/home/aviken', 'OLDPWD': '/home/aviken/colcon_ws', 'DESKTOP_SESSION': 'ubuntu', 'GAZEBO_MASTER_URI': 'http://localhost:11345', 'ROS_PYTHON_VERSION': '3', 'GNOME_SHELL_SESSION_MODE': 'ubuntu', 'GTK_MODULES': 'gail:atk-bridge', 'SYSTEMD_EXEC_PID': '3281', 'DBUS_SESSION_BUS_ADDRESS': 'unix:path=/run/user/1000/bus', 'COLORTERM': 'truecolor', 'IM_CONFIG_PHASE': '1', 'COLCON_PREFIX_PATH': '/home/aviken/turtlebot3_ws/install:/home/aviken/colcon_ws/install', 'ROS_DISTRO': 'humble', 'GTK_IM_MODULE': 'ibus', 'LOGNAME': 'aviken', '_': '/usr/bin/colcon', 'ROS_VERSION': '2', 'XDG_SESSION_CLASS': 'user', 'USERNAME': 'aviken', 'TERM': 'xterm-256color', 'GAZEBO_MODEL_PATH': '/usr/share/gazebo-11/models:', 'GNOME_DESKTOP_SESSION_ID': 'this-is-deprecated', 'ROS_LOCALHOST_ONLY': '0', 'WINDOWPATH': '2', 'OGRE_RESOURCE_PATH': '/usr/lib/x86_64-linux-gnu/OGRE-1.9.0', 'PATH': '/opt/ros/humble/bin:/home/aviken/.local/bin:/usr/local/sbin:/usr/local/bin:/usr/sbin:/usr/bin:/sbin:/bin:/usr/games:/usr/local/games:/snap/bin:/snap/bin', 'SESSION_MANAGER': 'local/aviken:@/tmp/.ICE-unix/2448,unix/aviken:/tmp/.ICE-unix/2448', 'XDG_MENU_PREFIX': 'gnome-', 'GNOME_TERMINAL_SCREEN': '/org/gnome/Terminal/screen/9be58a34_b1a2_430c_944f_125250bf66a2', 'XDG_RUNTIME_DIR': '/run/user/1000', 'DISPLAY': ':1', 'LANG': 'ja_JP.UTF-8', 'XDG_CURRENT_DESKTOP': 'ubuntu:GNOME', 'XMODIFIERS': '@im=ibus', 'XDG_SESSION_DESKTOP': 'ubuntu', 'XAUTHORITY': '/run/user/1000/gdm/Xauthority', 'LS_COLORS': 'rs=0:di=01;34:ln=01;36:mh=00:pi=40;33:so=01;35:do=01;35:bd=40;33;01:cd=40;33;01:or=40;31;01:mi=00:su=37;41:sg=30;43:ca=30;41:tw=30;42:ow=34;42:st=37;44:ex=01;32:*.tar=01;31:*.tgz=01;31:*.arc=01;31:*.arj=01;31:*.taz=01;31:*.lha=01;31:*.lz4=01;31:*.lzh=01;31:*.lzma=01;31:*.tlz=01;31:*.txz=01;31:*.tzo=01;31:*.t7z=01;31:*.zip=01;31:*.z=01;31:*.dz=01;31:*.gz=01;31:*.lrz=01;31:*.lz=01;31:*.lzo=01;31:*.xz=01;31:*.zst=01;31:*.tzst=01;31:*.bz2=01;31:*.bz=01;31:*.tbz=01;31:*.tbz2=01;31:*.tz=01;31:*.deb=01;31:*.rpm=01;31:*.jar=01;31:*.war=01;31:*.ear=01;31:*.sar=01;31:*.rar=01;31:*.alz=01;31:*.ace=01;31:*.zoo=01;31:*.cpio=01;31:*.7z=01;31:*.rz=01;31:*.cab=01;31:*.wim=01;31:*.swm=01;31:*.dwm=01;31:*.esd=01;31:*.jpg=01;35:*.jpeg=01;35:*.mjpg=01;35:*.mjpeg=01;35:*.gif=01;35:*.bmp=01;35:*.pbm=01;35:*.pgm=01;35:*.ppm=01;35:*.tga=01;35:*.xbm=01;35:*.xpm=01;35:*.tif=01;35:*.tiff=01;35:*.png=01;35:*.svg=01;35:*.svgz=01;35:*.mng=01;35:*.pcx=01;35:*.mov=01;35:*.mpg=01;35:*.mpeg=01;35:*.m2v=01;35:*.mkv=01;35:*.webm=01;35:*.webp=01;35:*.ogm=01;35:*.mp4=01;35:*.m4v=01;35:*.mp4v=01;35:*.vob=01;35:*.qt=01;35:*.nuv=01;35:*.wmv=01;35:*.asf=01;35:*.rm=01;35:*.rmvb=01;35:*.flc=01;35:*.avi=01;35:*.fli=01;35:*.flv=01;35:*.gl=01;35:*.dl=01;35:*.xcf=01;35:*.xwd=01;35:*.yuv=01;35:*.cgm=01;35:*.emf=01;35:*.ogv=01;35:*.ogx=01;35:*.aac=00;36:*.au=00;36:*.flac=00;36:*.m4a=00;36:*.mid=00;36:*.midi=00;36:*.mka=00;36:*.mp3=00;36:*.mpc=00;36:*.ogg=00;36:*.ra=00;36:*.wav=00;36:*.oga=00;36:*.opus=00;36:*.spx=00;36:*.xspf=00;36:', 'GNOME_TERMINAL_SERVICE': ':1.91', 'SSH_AGENT_LAUNCHER': 'gnome-keyring', 'SSH_AUTH_SOCK': '/run/user/1000/keyring/ssh', 'ROS_DOMAIN_ID': '30', 'AMENT_PREFIX_PATH': '/home/aviken/turtlebot3_ws/install/turtlebot3_applications:/home/aviken/turtlebot3_ws/install/turtlebot3_yolo_object_detection:/home/aviken/turtlebot3_ws/install/turtlebot3:/home/aviken/turtlebot3_ws/install/turtlebot3_teleop:/home/aviken/turtlebot3_ws/install/turtlebot3_ps4_teleop:/home/aviken/turtlebot3_ws/install/turtlebot3_panorama:/home/aviken/turtlebot3_ws/install/turtlebot3_bringup:/home/aviken/turtlebot3_ws/install/turtlebot3_node:/home/aviken/turtlebot3_ws/install/turtlebot3_navigation2:/home/aviken/turtlebot3_ws/install/turtlebot3_example:/home/aviken/turtlebot3_ws/install/turtlebot3_msgs:/home/aviken/turtlebot3_ws/install/turtlebot3_follower:/home/aviken/turtlebot3_ws/install/turtlebot3_description:/home/aviken/turtlebot3_ws/install/turtlebot3_cartographer:/home/aviken/turtlebot3_ws/install/turtlebot3_automatic_parking_vision:/home/aviken/turtlebot3_ws/install/turtlebot3_automatic_parking:/home/aviken/turtlebot3_ws/install/turtlebot3_aruco_tracker:/home/aviken/turtlebot3_ws/install/turtlebot3_applications_msgs:/home/aviken/turtlebot3_ws/install/dynamixel_sdk_examples:/home/aviken/turtlebot3_ws/install/dynamixel_sdk_custom_interfaces:/home/aviken/turtlebot3_ws/install/dynamixel_sdk:/home/aviken/colcon_ws/install/musashi_rviz:/home/aviken/colcon_ws/install/musashi_rqt_refereebox_client:/home/aviken/colcon_ws/install/musashi_rqt_player_server:/home/aviken/colcon_ws/install/musashi_rqt_player_controller:/home/aviken/colcon_ws/install/musashi_msgs:/home/aviken/colcon_ws/install/musashi_description:/home/aviken/colcon_ws/install/musashi_camera:/home/aviken/colcon_ws/install/musashi_basestation_client:/opt/ros/humble', 'SHELL': '/bin/bash', 'QT_ACCESSIBILITY': '1', 'GDMSESSION': 'ubuntu', 'LESSCLOSE': '/usr/bin/lesspipe %s %s', 'GPG_AGENT_INFO': '/run/user/1000/gnupg/S.gpg-agent:0:1', 'GAZEBO_RESOURCE_PATH': '/usr/share/gazebo-11:', 'GAZEBO_MODEL_DATABASE_URI': 'http://models.gazebosim.org', 'QT_IM_MODULE': 'ibus', 'PWD': '/home/aviken/colcon_ws/build/musashi_basestation_client', 'TURTLEBOT3_MODEL': 'burger', 'XDG_CONFIG_DIRS': '/etc/xdg/xdg-ubuntu:/etc/xdg', 'GAZEBO_PLUGIN_PATH': '/usr/lib/x86_64-linux-gnu/gazebo-11/plugins:', 'XDG_DATA_DIRS': '/usr/share/ubuntu:/usr/share/gnome:/usr/local/share/:/usr/share/:/var/lib/snapd/desktop', 'PYTHONPATH': '/home/aviken/colcon_ws/build/musashi_basestation_client/prefix_override:/usr/lib/python3/dist-packages/colcon_core/task/python/colcon_distutils_commands:/home/aviken/colcon_ws/install/musashi_basestation_client/lib/python3.10/site-packages:/home/aviken/turtlebot3_ws/build/turtlebot3_yolo_object_detection:/home/aviken/turtlebot3_ws/install/turtlebot3_yolo_object_detection/lib/python3.10/site-packages:/home/aviken/turtlebot3_ws/build/turtlebot3_teleop:/home/aviken/turtlebot3_ws/install/turtlebot3_teleop/lib/python3.10/site-packages:/home/aviken/turtlebot3_ws/build/turtlebot3_ps4_teleop:/home/aviken/turtlebot3_ws/install/turtlebot3_ps4_teleop/lib/python3.10/site-packages:/home/aviken/turtlebot3_ws/build/turtlebot3_example:/home/aviken/turtlebot3_ws/install/turtlebot3_example/lib/python3.10/site-packages:/home/aviken/turtlebot3_ws/install/turtlebot3_msgs/local/lib/python3.10/dist-packages:/home/aviken/turtlebot3_ws/build/turtlebot3_automatic_parking_vision:/home/aviken/turtlebot3_ws/install/turtlebot3_automatic_parking_vision/lib/python3.10/site-packages:/home/aviken/turtlebot3_ws/build/turtlebot3_automatic_parking:/home/aviken/turtlebot3_ws/install/turtlebot3_automatic_parking/lib/python3.10/site-packages:/home/aviken/turtlebot3_ws/build/turtlebot3_aruco_tracker:/home/aviken/turtlebot3_ws/install/turtlebot3_aruco_tracker/lib/python3.10/site-packages:/home/aviken/turtlebot3_ws/install/turtlebot3_applications_msgs/local/lib/python3.10/dist-packages:/home/aviken/turtlebot3_ws/install/dynamixel_sdk_custom_interfaces/local/lib/python3.10/dist-packages:/home/aviken/turtlebot3_ws/install/dynamixel_sdk/local/lib/python3.10/dist-packages:/home/aviken/colcon_ws/install/musashi_rviz/lib/python3.10/site-packages:/home/aviken/colcon_ws/install/musashi_rqt_refereebox_client/lib/python3.10/site-packages:/home/aviken/colcon_ws/install/musashi_rqt_player_server/lib/python3.10/site-packages:/home/aviken/colcon_ws/install/musashi_rqt_player_controller/lib/python3.10/site-packages:/home/aviken/colcon_ws/install/musashi_msgs/local/lib/python3.10/dist-packages:/home/aviken/colcon_ws/install/musashi_description/lib/python3.10/site-packages:/home/aviken/colcon_ws/install/musashi_camera/lib/python3.10/site-packages:/home/aviken/colcon_ws/install/musashi_basestation_client/lib/python3.10/site-packages:/opt/ros/humble/lib/python3.10/site-packages:/opt/ros/humble/local/lib/python3.10/dist-packages', 'COLCON': '1', 'VTE_VERSION': '6800', 'CMAKE_PREFIX_PATH': '/home/aviken/turtlebot3_ws/install/turtlebot3_applications:/home/aviken/turtlebot3_ws/install/turtlebot3:/home/aviken/turtlebot3_ws/install/turtlebot3_panorama:/home/aviken/turtlebot3_ws/install/turtlebot3_bringup:/home/aviken/turtlebot3_ws/install/turtlebot3_node:/home/aviken/turtlebot3_ws/install/turtlebot3_navigation2:/home/aviken/turtlebot3_ws/install/turtlebot3_msgs:/home/aviken/turtlebot3_ws/install/turtlebot3_follower:/home/aviken/turtlebot3_ws/install/turtlebot3_description:/home/aviken/turtlebot3_ws/install/turtlebot3_cartographer:/home/aviken/turtlebot3_ws/install/turtlebot3_applications_msgs:/home/aviken/turtlebot3_ws/install/dynamixel_sdk_examples:/home/aviken/turtlebot3_ws/install/dynamixel_sdk_custom_interfaces:/home/aviken/turtlebot3_ws/install/dynamixel_sdk:/home/aviken/colcon_ws/install/musashi_msgs'}, 'shell': False}
[1.492400] (musashi_rqt_player_server) Command: {'cmd': ['/usr/bin/python3', '-W', 'ignore:setup.py install is deprecated', '-W', 'ignore:easy_install command is deprecated', 'setup.py', 'develop', '--editable', '--build-directory', '/home/aviken/colcon_ws/build/musashi_rqt_player_server/build', '--no-deps', 'symlink_data'], 'cwd': '/home/aviken/colcon_ws/build/musashi_rqt_player_server', 'env': {'LESSOPEN': '| /usr/bin/lesspipe %s', 'USER': 'aviken', 'XDG_SESSION_TYPE': 'x11', 'SHLVL': '1', 'LD_LIBRARY_PATH': '/home/aviken/turtlebot3_ws/install/turtlebot3_msgs/lib:/home/aviken/turtlebot3_ws/install/turtlebot3_applications_msgs/lib:/home/aviken/turtlebot3_ws/install/dynamixel_sdk_custom_interfaces/lib:/home/aviken/turtlebot3_ws/install/dynamixel_sdk/lib:/home/aviken/colcon_ws/install/musashi_msgs/lib:/usr/lib/x86_64-linux-gnu/gazebo-11/plugins:/opt/ros/humble/opt/rviz_ogre_vendor/lib:/opt/ros/humble/lib/x86_64-linux-gnu:/opt/ros/humble/lib:/usr/lib/x86_64-linux-gnu/gazebo-11/plugins:', 'HOME': '/home/aviken', 'OLDPWD': '/home/aviken/colcon_ws', 'DESKTOP_SESSION': 'ubuntu', 'GAZEBO_MASTER_URI': 'http://localhost:11345', 'ROS_PYTHON_VERSION': '3', 'GNOME_SHELL_SESSION_MODE': 'ubuntu', 'GTK_MODULES': 'gail:atk-bridge', 'SYSTEMD_EXEC_PID': '3281', 'DBUS_SESSION_BUS_ADDRESS': 'unix:path=/run/user/1000/bus', 'COLORTERM': 'truecolor', 'IM_CONFIG_PHASE': '1', 'COLCON_PREFIX_PATH': '/home/aviken/turtlebot3_ws/install:/home/aviken/colcon_ws/install', 'ROS_DISTRO': 'humble', 'GTK_IM_MODULE': 'ibus', 'LOGNAME': 'aviken', '_': '/usr/bin/colcon', 'ROS_VERSION': '2', 'XDG_SESSION_CLASS': 'user', 'USERNAME': 'aviken', 'TERM': 'xterm-256color', 'GAZEBO_MODEL_PATH': '/usr/share/gazebo-11/models:', 'GNOME_DESKTOP_SESSION_ID': 'this-is-deprecated', 'ROS_LOCALHOST_ONLY': '0', 'WINDOWPATH': '2', 'OGRE_RESOURCE_PATH': '/usr/lib/x86_64-linux-gnu/OGRE-1.9.0', 'PATH': '/opt/ros/humble/bin:/home/aviken/.local/bin:/usr/local/sbin:/usr/local/bin:/usr/sbin:/usr/bin:/sbin:/bin:/usr/games:/usr/local/games:/snap/bin:/snap/bin', 'SESSION_MANAGER': 'local/aviken:@/tmp/.ICE-unix/2448,unix/aviken:/tmp/.ICE-unix/2448', 'XDG_MENU_PREFIX': 'gnome-', 'GNOME_TERMINAL_SCREEN': '/org/gnome/Terminal/screen/9be58a34_b1a2_430c_944f_125250bf66a2', 'XDG_RUNTIME_DIR': '/run/user/1000', 'DISPLAY': ':1', 'LANG': 'ja_JP.UTF-8', 'XDG_CURRENT_DESKTOP': 'ubuntu:GNOME', 'XMODIFIERS': '@im=ibus', 'XDG_SESSION_DESKTOP': 'ubuntu', 'XAUTHORITY': '/run/user/1000/gdm/Xauthority', 'LS_COLORS': 'rs=0:di=01;34:ln=01;36:mh=00:pi=40;33:so=01;35:do=01;35:bd=40;33;01:cd=40;33;01:or=40;31;01:mi=00:su=37;41:sg=30;43:ca=30;41:tw=30;42:ow=34;42:st=37;44:ex=01;32:*.tar=01;31:*.tgz=01;31:*.arc=01;31:*.arj=01;31:*.taz=01;31:*.lha=01;31:*.lz4=01;31:*.lzh=01;31:*.lzma=01;31:*.tlz=01;31:*.txz=01;31:*.tzo=01;31:*.t7z=01;31:*.zip=01;31:*.z=01;31:*.dz=01;31:*.gz=01;31:*.lrz=01;31:*.lz=01;31:*.lzo=01;31:*.xz=01;31:*.zst=01;31:*.tzst=01;31:*.bz2=01;31:*.bz=01;31:*.tbz=01;31:*.tbz2=01;31:*.tz=01;31:*.deb=01;31:*.rpm=01;31:*.jar=01;31:*.war=01;31:*.ear=01;31:*.sar=01;31:*.rar=01;31:*.alz=01;31:*.ace=01;31:*.zoo=01;31:*.cpio=01;31:*.7z=01;31:*.rz=01;31:*.cab=01;31:*.wim=01;31:*.swm=01;31:*.dwm=01;31:*.esd=01;31:*.jpg=01;35:*.jpeg=01;35:*.mjpg=01;35:*.mjpeg=01;35:*.gif=01;35:*.bmp=01;35:*.pbm=01;35:*.pgm=01;35:*.ppm=01;35:*.tga=01;35:*.xbm=01;35:*.xpm=01;35:*.tif=01;35:*.tiff=01;35:*.png=01;35:*.svg=01;35:*.svgz=01;35:*.mng=01;35:*.pcx=01;35:*.mov=01;35:*.mpg=01;35:*.mpeg=01;35:*.m2v=01;35:*.mkv=01;35:*.webm=01;35:*.webp=01;35:*.ogm=01;35:*.mp4=01;35:*.m4v=01;35:*.mp4v=01;35:*.vob=01;35:*.qt=01;35:*.nuv=01;35:*.wmv=01;35:*.asf=01;35:*.rm=01;35:*.rmvb=01;35:*.flc=01;35:*.avi=01;35:*.fli=01;35:*.flv=01;35:*.gl=01;35:*.dl=01;35:*.xcf=01;35:*.xwd=01;35:*.yuv=01;35:*.cgm=01;35:*.emf=01;35:*.ogv=01;35:*.ogx=01;35:*.aac=00;36:*.au=00;36:*.flac=00;36:*.m4a=00;36:*.mid=00;36:*.midi=00;36:*.mka=00;36:*.mp3=00;36:*.mpc=00;36:*.ogg=00;36:*.ra=00;36:*.wav=00;36:*.oga=00;36:*.opus=00;36:*.spx=00;36:*.xspf=00;36:', 'GNOME_TERMINAL_SERVICE': ':1.91', 'SSH_AGENT_LAUNCHER': 'gnome-keyring', 'SSH_AUTH_SOCK': '/run/user/1000/keyring/ssh', 'ROS_DOMAIN_ID': '30', 'AMENT_PREFIX_PATH': '/home/aviken/turtlebot3_ws/install/turtlebot3_applications:/home/aviken/turtlebot3_ws/install/turtlebot3_yolo_object_detection:/home/aviken/turtlebot3_ws/install/turtlebot3:/home/aviken/turtlebot3_ws/install/turtlebot3_teleop:/home/aviken/turtlebot3_ws/install/turtlebot3_ps4_teleop:/home/aviken/turtlebot3_ws/install/turtlebot3_panorama:/home/aviken/turtlebot3_ws/install/turtlebot3_bringup:/home/aviken/turtlebot3_ws/install/turtlebot3_node:/home/aviken/turtlebot3_ws/install/turtlebot3_navigation2:/home/aviken/turtlebot3_ws/install/turtlebot3_example:/home/aviken/turtlebot3_ws/install/turtlebot3_msgs:/home/aviken/turtlebot3_ws/install/turtlebot3_follower:/home/aviken/turtlebot3_ws/install/turtlebot3_description:/home/aviken/turtlebot3_ws/install/turtlebot3_cartographer:/home/aviken/turtlebot3_ws/install/turtlebot3_automatic_parking_vision:/home/aviken/turtlebot3_ws/install/turtlebot3_automatic_parking:/home/aviken/turtlebot3_ws/install/turtlebot3_aruco_tracker:/home/aviken/turtlebot3_ws/install/turtlebot3_applications_msgs:/home/aviken/turtlebot3_ws/install/dynamixel_sdk_examples:/home/aviken/turtlebot3_ws/install/dynamixel_sdk_custom_interfaces:/home/aviken/turtlebot3_ws/install/dynamixel_sdk:/home/aviken/colcon_ws/install/musashi_rviz:/home/aviken/colcon_ws/install/musashi_rqt_refereebox_client:/home/aviken/colcon_ws/install/musashi_rqt_player_server:/home/aviken/colcon_ws/install/musashi_rqt_player_controller:/home/aviken/colcon_ws/install/musashi_msgs:/home/aviken/colcon_ws/install/musashi_description:/home/aviken/colcon_ws/install/musashi_camera:/home/aviken/colcon_ws/install/musashi_basestation_client:/opt/ros/humble', 'SHELL': '/bin/bash', 'QT_ACCESSIBILITY': '1', 'GDMSESSION': 'ubuntu', 'LESSCLOSE': '/usr/bin/lesspipe %s %s', 'GPG_AGENT_INFO': '/run/user/1000/gnupg/S.gpg-agent:0:1', 'GAZEBO_RESOURCE_PATH': '/usr/share/gazebo-11:', 'GAZEBO_MODEL_DATABASE_URI': 'http://models.gazebosim.org', 'QT_IM_MODULE': 'ibus', 'PWD': '/home/aviken/colcon_ws/build/musashi_rqt_player_server', 'TURTLEBOT3_MODEL': 'burger', 'XDG_CONFIG_DIRS': '/etc/xdg/xdg-ubuntu:/etc/xdg', 'GAZEBO_PLUGIN_PATH': '/usr/lib/x86_64-linux-gnu/gazebo-11/plugins:', 'XDG_DATA_DIRS': '/usr/share/ubuntu:/usr/share/gnome:/usr/local/share/:/usr/share/:/var/lib/snapd/desktop', 'PYTHONPATH': '/home/aviken/colcon_ws/build/musashi_rqt_player_server/prefix_override:/usr/lib/python3/dist-packages/colcon_core/task/python/colcon_distutils_commands:/home/aviken/colcon_ws/install/musashi_rqt_player_server/lib/python3.10/site-packages:/home/aviken/turtlebot3_ws/build/turtlebot3_yolo_object_detection:/home/aviken/turtlebot3_ws/install/turtlebot3_yolo_object_detection/lib/python3.10/site-packages:/home/aviken/turtlebot3_ws/build/turtlebot3_teleop:/home/aviken/turtlebot3_ws/install/turtlebot3_teleop/lib/python3.10/site-packages:/home/aviken/turtlebot3_ws/build/turtlebot3_ps4_teleop:/home/aviken/turtlebot3_ws/install/turtlebot3_ps4_teleop/lib/python3.10/site-packages:/home/aviken/turtlebot3_ws/build/turtlebot3_example:/home/aviken/turtlebot3_ws/install/turtlebot3_example/lib/python3.10/site-packages:/home/aviken/turtlebot3_ws/install/turtlebot3_msgs/local/lib/python3.10/dist-packages:/home/aviken/turtlebot3_ws/build/turtlebot3_automatic_parking_vision:/home/aviken/turtlebot3_ws/install/turtlebot3_automatic_parking_vision/lib/python3.10/site-packages:/home/aviken/turtlebot3_ws/build/turtlebot3_automatic_parking:/home/aviken/turtlebot3_ws/install/turtlebot3_automatic_parking/lib/python3.10/site-packages:/home/aviken/turtlebot3_ws/build/turtlebot3_aruco_tracker:/home/aviken/turtlebot3_ws/install/turtlebot3_aruco_tracker/lib/python3.10/site-packages:/home/aviken/turtlebot3_ws/install/turtlebot3_applications_msgs/local/lib/python3.10/dist-packages:/home/aviken/turtlebot3_ws/install/dynamixel_sdk_custom_interfaces/local/lib/python3.10/dist-packages:/home/aviken/turtlebot3_ws/install/dynamixel_sdk/local/lib/python3.10/dist-packages:/home/aviken/colcon_ws/install/musashi_rviz/lib/python3.10/site-packages:/home/aviken/colcon_ws/install/musashi_rqt_refereebox_client/lib/python3.10/site-packages:/home/aviken/colcon_ws/install/musashi_rqt_player_server/lib/python3.10/site-packages:/home/aviken/colcon_ws/install/musashi_rqt_player_controller/lib/python3.10/site-packages:/home/aviken/colcon_ws/install/musashi_msgs/local/lib/python3.10/dist-packages:/home/aviken/colcon_ws/install/musashi_description/lib/python3.10/site-packages:/home/aviken/colcon_ws/install/musashi_camera/lib/python3.10/site-packages:/home/aviken/colcon_ws/install/musashi_basestation_client/lib/python3.10/site-packages:/opt/ros/humble/lib/python3.10/site-packages:/opt/ros/humble/local/lib/python3.10/dist-packages', 'COLCON': '1', 'VTE_VERSION': '6800', 'CMAKE_PREFIX_PATH': '/home/aviken/turtlebot3_ws/install/turtlebot3_applications:/home/aviken/turtlebot3_ws/install/turtlebot3:/home/aviken/turtlebot3_ws/install/turtlebot3_panorama:/home/aviken/turtlebot3_ws/install/turtlebot3_bringup:/home/aviken/turtlebot3_ws/install/turtlebot3_node:/home/aviken/turtlebot3_ws/install/turtlebot3_navigation2:/home/aviken/turtlebot3_ws/install/turtlebot3_msgs:/home/aviken/turtlebot3_ws/install/turtlebot3_follower:/home/aviken/turtlebot3_ws/install/turtlebot3_description:/home/aviken/turtlebot3_ws/install/turtlebot3_cartographer:/home/aviken/turtlebot3_ws/install/turtlebot3_applications_msgs:/home/aviken/turtlebot3_ws/install/dynamixel_sdk_examples:/home/aviken/turtlebot3_ws/install/dynamixel_sdk_custom_interfaces:/home/aviken/turtlebot3_ws/install/dynamixel_sdk:/home/aviken/colcon_ws/install/musashi_msgs'}, 'shell': False}
[1.492925] (musashi_rqt_player_controller) Command: {'cmd': ['/usr/bin/python3', '-W', 'ignore:setup.py install is deprecated', '-W', 'ignore:easy_install command is deprecated', 'setup.py', 'develop', '--editable', '--build-directory', '/home/aviken/colcon_ws/build/musashi_rqt_player_controller/build', '--no-deps', 'symlink_data'], 'cwd': '/home/aviken/colcon_ws/build/musashi_rqt_player_controller', 'env': {'LESSOPEN': '| /usr/bin/lesspipe %s', 'USER': 'aviken', 'XDG_SESSION_TYPE': 'x11', 'SHLVL': '1', 'LD_LIBRARY_PATH': '/home/aviken/turtlebot3_ws/install/turtlebot3_msgs/lib:/home/aviken/turtlebot3_ws/install/turtlebot3_applications_msgs/lib:/home/aviken/turtlebot3_ws/install/dynamixel_sdk_custom_interfaces/lib:/home/aviken/turtlebot3_ws/install/dynamixel_sdk/lib:/home/aviken/colcon_ws/install/musashi_msgs/lib:/usr/lib/x86_64-linux-gnu/gazebo-11/plugins:/opt/ros/humble/opt/rviz_ogre_vendor/lib:/opt/ros/humble/lib/x86_64-linux-gnu:/opt/ros/humble/lib:/usr/lib/x86_64-linux-gnu/gazebo-11/plugins:', 'HOME': '/home/aviken', 'OLDPWD': '/home/aviken/colcon_ws', 'DESKTOP_SESSION': 'ubuntu', 'GAZEBO_MASTER_URI': 'http://localhost:11345', 'ROS_PYTHON_VERSION': '3', 'GNOME_SHELL_SESSION_MODE': 'ubuntu', 'GTK_MODULES': 'gail:atk-bridge', 'SYSTEMD_EXEC_PID': '3281', 'DBUS_SESSION_BUS_ADDRESS': 'unix:path=/run/user/1000/bus', 'COLORTERM': 'truecolor', 'IM_CONFIG_PHASE': '1', 'COLCON_PREFIX_PATH': '/home/aviken/turtlebot3_ws/install:/home/aviken/colcon_ws/install', 'ROS_DISTRO': 'humble', 'GTK_IM_MODULE': 'ibus', 'LOGNAME': 'aviken', '_': '/usr/bin/colcon', 'ROS_VERSION': '2', 'XDG_SESSION_CLASS': 'user', 'USERNAME': 'aviken', 'TERM': 'xterm-256color', 'GAZEBO_MODEL_PATH': '/usr/share/gazebo-11/models:', 'GNOME_DESKTOP_SESSION_ID': 'this-is-deprecated', 'ROS_LOCALHOST_ONLY': '0', 'WINDOWPATH': '2', 'OGRE_RESOURCE_PATH': '/usr/lib/x86_64-linux-gnu/OGRE-1.9.0', 'PATH': '/opt/ros/humble/bin:/home/aviken/.local/bin:/usr/local/sbin:/usr/local/bin:/usr/sbin:/usr/bin:/sbin:/bin:/usr/games:/usr/local/games:/snap/bin:/snap/bin', 'SESSION_MANAGER': 'local/aviken:@/tmp/.ICE-unix/2448,unix/aviken:/tmp/.ICE-unix/2448', 'XDG_MENU_PREFIX': 'gnome-', 'GNOME_TERMINAL_SCREEN': '/org/gnome/Terminal/screen/9be58a34_b1a2_430c_944f_125250bf66a2', 'XDG_RUNTIME_DIR': '/run/user/1000', 'DISPLAY': ':1', 'LANG': 'ja_JP.UTF-8', 'XDG_CURRENT_DESKTOP': 'ubuntu:GNOME', 'XMODIFIERS': '@im=ibus', 'XDG_SESSION_DESKTOP': 'ubuntu', 'XAUTHORITY': '/run/user/1000/gdm/Xauthority', 'LS_COLORS': 'rs=0:di=01;34:ln=01;36:mh=00:pi=40;33:so=01;35:do=01;35:bd=40;33;01:cd=40;33;01:or=40;31;01:mi=00:su=37;41:sg=30;43:ca=30;41:tw=30;42:ow=34;42:st=37;44:ex=01;32:*.tar=01;31:*.tgz=01;31:*.arc=01;31:*.arj=01;31:*.taz=01;31:*.lha=01;31:*.lz4=01;31:*.lzh=01;31:*.lzma=01;31:*.tlz=01;31:*.txz=01;31:*.tzo=01;31:*.t7z=01;31:*.zip=01;31:*.z=01;31:*.dz=01;31:*.gz=01;31:*.lrz=01;31:*.lz=01;31:*.lzo=01;31:*.xz=01;31:*.zst=01;31:*.tzst=01;31:*.bz2=01;31:*.bz=01;31:*.tbz=01;31:*.tbz2=01;31:*.tz=01;31:*.deb=01;31:*.rpm=01;31:*.jar=01;31:*.war=01;31:*.ear=01;31:*.sar=01;31:*.rar=01;31:*.alz=01;31:*.ace=01;31:*.zoo=01;31:*.cpio=01;31:*.7z=01;31:*.rz=01;31:*.cab=01;31:*.wim=01;31:*.swm=01;31:*.dwm=01;31:*.esd=01;31:*.jpg=01;35:*.jpeg=01;35:*.mjpg=01;35:*.mjpeg=01;35:*.gif=01;35:*.bmp=01;35:*.pbm=01;35:*.pgm=01;35:*.ppm=01;35:*.tga=01;35:*.xbm=01;35:*.xpm=01;35:*.tif=01;35:*.tiff=01;35:*.png=01;35:*.svg=01;35:*.svgz=01;35:*.mng=01;35:*.pcx=01;35:*.mov=01;35:*.mpg=01;35:*.mpeg=01;35:*.m2v=01;35:*.mkv=01;35:*.webm=01;35:*.webp=01;35:*.ogm=01;35:*.mp4=01;35:*.m4v=01;35:*.mp4v=01;35:*.vob=01;35:*.qt=01;35:*.nuv=01;35:*.wmv=01;35:*.asf=01;35:*.rm=01;35:*.rmvb=01;35:*.flc=01;35:*.avi=01;35:*.fli=01;35:*.flv=01;35:*.gl=01;35:*.dl=01;35:*.xcf=01;35:*.xwd=01;35:*.yuv=01;35:*.cgm=01;35:*.emf=01;35:*.ogv=01;35:*.ogx=01;35:*.aac=00;36:*.au=00;36:*.flac=00;36:*.m4a=00;36:*.mid=00;36:*.midi=00;36:*.mka=00;36:*.mp3=00;36:*.mpc=00;36:*.ogg=00;36:*.ra=00;36:*.wav=00;36:*.oga=00;36:*.opus=00;36:*.spx=00;36:*.xspf=00;36:', 'GNOME_TERMINAL_SERVICE': ':1.91', 'SSH_AGENT_LAUNCHER': 'gnome-keyring', 'SSH_AUTH_SOCK': '/run/user/1000/keyring/ssh', 'ROS_DOMAIN_ID': '30', 'AMENT_PREFIX_PATH': '/home/aviken/turtlebot3_ws/install/turtlebot3_applications:/home/aviken/turtlebot3_ws/install/turtlebot3_yolo_object_detection:/home/aviken/turtlebot3_ws/install/turtlebot3:/home/aviken/turtlebot3_ws/install/turtlebot3_teleop:/home/aviken/turtlebot3_ws/install/turtlebot3_ps4_teleop:/home/aviken/turtlebot3_ws/install/turtlebot3_panorama:/home/aviken/turtlebot3_ws/install/turtlebot3_bringup:/home/aviken/turtlebot3_ws/install/turtlebot3_node:/home/aviken/turtlebot3_ws/install/turtlebot3_navigation2:/home/aviken/turtlebot3_ws/install/turtlebot3_example:/home/aviken/turtlebot3_ws/install/turtlebot3_msgs:/home/aviken/turtlebot3_ws/install/turtlebot3_follower:/home/aviken/turtlebot3_ws/install/turtlebot3_description:/home/aviken/turtlebot3_ws/install/turtlebot3_cartographer:/home/aviken/turtlebot3_ws/install/turtlebot3_automatic_parking_vision:/home/aviken/turtlebot3_ws/install/turtlebot3_automatic_parking:/home/aviken/turtlebot3_ws/install/turtlebot3_aruco_tracker:/home/aviken/turtlebot3_ws/install/turtlebot3_applications_msgs:/home/aviken/turtlebot3_ws/install/dynamixel_sdk_examples:/home/aviken/turtlebot3_ws/install/dynamixel_sdk_custom_interfaces:/home/aviken/turtlebot3_ws/install/dynamixel_sdk:/home/aviken/colcon_ws/install/musashi_rviz:/home/aviken/colcon_ws/install/musashi_rqt_refereebox_client:/home/aviken/colcon_ws/install/musashi_rqt_player_server:/home/aviken/colcon_ws/install/musashi_rqt_player_controller:/home/aviken/colcon_ws/install/musashi_msgs:/home/aviken/colcon_ws/install/musashi_description:/home/aviken/colcon_ws/install/musashi_camera:/home/aviken/colcon_ws/install/musashi_basestation_client:/opt/ros/humble', 'SHELL': '/bin/bash', 'QT_ACCESSIBILITY': '1', 'GDMSESSION': 'ubuntu', 'LESSCLOSE': '/usr/bin/lesspipe %s %s', 'GPG_AGENT_INFO': '/run/user/1000/gnupg/S.gpg-agent:0:1', 'GAZEBO_RESOURCE_PATH': '/usr/share/gazebo-11:', 'GAZEBO_MODEL_DATABASE_URI': 'http://models.gazebosim.org', 'QT_IM_MODULE': 'ibus', 'PWD': '/home/aviken/colcon_ws/build/musashi_rqt_player_controller', 'TURTLEBOT3_MODEL': 'burger', 'XDG_CONFIG_DIRS': '/etc/xdg/xdg-ubuntu:/etc/xdg', 'GAZEBO_PLUGIN_PATH': '/usr/lib/x86_64-linux-gnu/gazebo-11/plugins:', 'XDG_DATA_DIRS': '/usr/share/ubuntu:/usr/share/gnome:/usr/local/share/:/usr/share/:/var/lib/snapd/desktop', 'PYTHONPATH': '/home/aviken/colcon_ws/build/musashi_rqt_player_controller/prefix_override:/usr/lib/python3/dist-packages/colcon_core/task/python/colcon_distutils_commands:/home/aviken/colcon_ws/install/musashi_rqt_player_controller/lib/python3.10/site-packages:/home/aviken/turtlebot3_ws/build/turtlebot3_yolo_object_detection:/home/aviken/turtlebot3_ws/install/turtlebot3_yolo_object_detection/lib/python3.10/site-packages:/home/aviken/turtlebot3_ws/build/turtlebot3_teleop:/home/aviken/turtlebot3_ws/install/turtlebot3_teleop/lib/python3.10/site-packages:/home/aviken/turtlebot3_ws/build/turtlebot3_ps4_teleop:/home/aviken/turtlebot3_ws/install/turtlebot3_ps4_teleop/lib/python3.10/site-packages:/home/aviken/turtlebot3_ws/build/turtlebot3_example:/home/aviken/turtlebot3_ws/install/turtlebot3_example/lib/python3.10/site-packages:/home/aviken/turtlebot3_ws/install/turtlebot3_msgs/local/lib/python3.10/dist-packages:/home/aviken/turtlebot3_ws/build/turtlebot3_automatic_parking_vision:/home/aviken/turtlebot3_ws/install/turtlebot3_automatic_parking_vision/lib/python3.10/site-packages:/home/aviken/turtlebot3_ws/build/turtlebot3_automatic_parking:/home/aviken/turtlebot3_ws/install/turtlebot3_automatic_parking/lib/python3.10/site-packages:/home/aviken/turtlebot3_ws/build/turtlebot3_aruco_tracker:/home/aviken/turtlebot3_ws/install/turtlebot3_aruco_tracker/lib/python3.10/site-packages:/home/aviken/turtlebot3_ws/install/turtlebot3_applications_msgs/local/lib/python3.10/dist-packages:/home/aviken/turtlebot3_ws/install/dynamixel_sdk_custom_interfaces/local/lib/python3.10/dist-packages:/home/aviken/turtlebot3_ws/install/dynamixel_sdk/local/lib/python3.10/dist-packages:/home/aviken/colcon_ws/install/musashi_rviz/lib/python3.10/site-packages:/home/aviken/colcon_ws/install/musashi_rqt_refereebox_client/lib/python3.10/site-packages:/home/aviken/colcon_ws/install/musashi_rqt_player_server/lib/python3.10/site-packages:/home/aviken/colcon_ws/install/musashi_rqt_player_controller/lib/python3.10/site-packages:/home/aviken/colcon_ws/install/musashi_msgs/local/lib/python3.10/dist-packages:/home/aviken/colcon_ws/install/musashi_description/lib/python3.10/site-packages:/home/aviken/colcon_ws/install/musashi_camera/lib/python3.10/site-packages:/home/aviken/colcon_ws/install/musashi_basestation_client/lib/python3.10/site-packages:/opt/ros/humble/lib/python3.10/site-packages:/opt/ros/humble/local/lib/python3.10/dist-packages', 'COLCON': '1', 'VTE_VERSION': '6800', 'CMAKE_PREFIX_PATH': '/home/aviken/turtlebot3_ws/install/turtlebot3_applications:/home/aviken/turtlebot3_ws/install/turtlebot3:/home/aviken/turtlebot3_ws/install/turtlebot3_panorama:/home/aviken/turtlebot3_ws/install/turtlebot3_bringup:/home/aviken/turtlebot3_ws/install/turtlebot3_node:/home/aviken/turtlebot3_ws/install/turtlebot3_navigation2:/home/aviken/turtlebot3_ws/install/turtlebot3_msgs:/home/aviken/turtlebot3_ws/install/turtlebot3_follower:/home/aviken/turtlebot3_ws/install/turtlebot3_description:/home/aviken/turtlebot3_ws/install/turtlebot3_cartographer:/home/aviken/turtlebot3_ws/install/turtlebot3_applications_msgs:/home/aviken/turtlebot3_ws/install/dynamixel_sdk_examples:/home/aviken/turtlebot3_ws/install/dynamixel_sdk_custom_interfaces:/home/aviken/turtlebot3_ws/install/dynamixel_sdk:/home/aviken/colcon_ws/install/musashi_msgs'}, 'shell': False}
[1.493818] (musashi_rqt_refereebox_client) Command: {'cmd': ['/usr/bin/python3', '-W', 'ignore:setup.py install is deprecated', '-W', 'ignore:easy_install command is deprecated', 'setup.py', 'develop', '--editable', '--build-directory', '/home/aviken/colcon_ws/build/musashi_rqt_refereebox_client/build', '--no-deps', 'symlink_data'], 'cwd': '/home/aviken/colcon_ws/build/musashi_rqt_refereebox_client', 'env': {'LESSOPEN': '| /usr/bin/lesspipe %s', 'USER': 'aviken', 'XDG_SESSION_TYPE': 'x11', 'SHLVL': '1', 'LD_LIBRARY_PATH': '/home/aviken/turtlebot3_ws/install/turtlebot3_msgs/lib:/home/aviken/turtlebot3_ws/install/turtlebot3_applications_msgs/lib:/home/aviken/turtlebot3_ws/install/dynamixel_sdk_custom_interfaces/lib:/home/aviken/turtlebot3_ws/install/dynamixel_sdk/lib:/home/aviken/colcon_ws/install/musashi_msgs/lib:/usr/lib/x86_64-linux-gnu/gazebo-11/plugins:/opt/ros/humble/opt/rviz_ogre_vendor/lib:/opt/ros/humble/lib/x86_64-linux-gnu:/opt/ros/humble/lib:/usr/lib/x86_64-linux-gnu/gazebo-11/plugins:', 'HOME': '/home/aviken', 'OLDPWD': '/home/aviken/colcon_ws', 'DESKTOP_SESSION': 'ubuntu', 'GAZEBO_MASTER_URI': 'http://localhost:11345', 'ROS_PYTHON_VERSION': '3', 'GNOME_SHELL_SESSION_MODE': 'ubuntu', 'GTK_MODULES': 'gail:atk-bridge', 'SYSTEMD_EXEC_PID': '3281', 'DBUS_SESSION_BUS_ADDRESS': 'unix:path=/run/user/1000/bus', 'COLORTERM': 'truecolor', 'IM_CONFIG_PHASE': '1', 'COLCON_PREFIX_PATH': '/home/aviken/turtlebot3_ws/install:/home/aviken/colcon_ws/install', 'ROS_DISTRO': 'humble', 'GTK_IM_MODULE': 'ibus', 'LOGNAME': 'aviken', '_': '/usr/bin/colcon', 'ROS_VERSION': '2', 'XDG_SESSION_CLASS': 'user', 'USERNAME': 'aviken', 'TERM': 'xterm-256color', 'GAZEBO_MODEL_PATH': '/usr/share/gazebo-11/models:', 'GNOME_DESKTOP_SESSION_ID': 'this-is-deprecated', 'ROS_LOCALHOST_ONLY': '0', 'WINDOWPATH': '2', 'OGRE_RESOURCE_PATH': '/usr/lib/x86_64-linux-gnu/OGRE-1.9.0', 'PATH': '/opt/ros/humble/bin:/home/aviken/.local/bin:/usr/local/sbin:/usr/local/bin:/usr/sbin:/usr/bin:/sbin:/bin:/usr/games:/usr/local/games:/snap/bin:/snap/bin', 'SESSION_MANAGER': 'local/aviken:@/tmp/.ICE-unix/2448,unix/aviken:/tmp/.ICE-unix/2448', 'XDG_MENU_PREFIX': 'gnome-', 'GNOME_TERMINAL_SCREEN': '/org/gnome/Terminal/screen/9be58a34_b1a2_430c_944f_125250bf66a2', 'XDG_RUNTIME_DIR': '/run/user/1000', 'DISPLAY': ':1', 'LANG': 'ja_JP.UTF-8', 'XDG_CURRENT_DESKTOP': 'ubuntu:GNOME', 'XMODIFIERS': '@im=ibus', 'XDG_SESSION_DESKTOP': 'ubuntu', 'XAUTHORITY': '/run/user/1000/gdm/Xauthority', 'LS_COLORS': 'rs=0:di=01;34:ln=01;36:mh=00:pi=40;33:so=01;35:do=01;35:bd=40;33;01:cd=40;33;01:or=40;31;01:mi=00:su=37;41:sg=30;43:ca=30;41:tw=30;42:ow=34;42:st=37;44:ex=01;32:*.tar=01;31:*.tgz=01;31:*.arc=01;31:*.arj=01;31:*.taz=01;31:*.lha=01;31:*.lz4=01;31:*.lzh=01;31:*.lzma=01;31:*.tlz=01;31:*.txz=01;31:*.tzo=01;31:*.t7z=01;31:*.zip=01;31:*.z=01;31:*.dz=01;31:*.gz=01;31:*.lrz=01;31:*.lz=01;31:*.lzo=01;31:*.xz=01;31:*.zst=01;31:*.tzst=01;31:*.bz2=01;31:*.bz=01;31:*.tbz=01;31:*.tbz2=01;31:*.tz=01;31:*.deb=01;31:*.rpm=01;31:*.jar=01;31:*.war=01;31:*.ear=01;31:*.sar=01;31:*.rar=01;31:*.alz=01;31:*.ace=01;31:*.zoo=01;31:*.cpio=01;31:*.7z=01;31:*.rz=01;31:*.cab=01;31:*.wim=01;31:*.swm=01;31:*.dwm=01;31:*.esd=01;31:*.jpg=01;35:*.jpeg=01;35:*.mjpg=01;35:*.mjpeg=01;35:*.gif=01;35:*.bmp=01;35:*.pbm=01;35:*.pgm=01;35:*.ppm=01;35:*.tga=01;35:*.xbm=01;35:*.xpm=01;35:*.tif=01;35:*.tiff=01;35:*.png=01;35:*.svg=01;35:*.svgz=01;35:*.mng=01;35:*.pcx=01;35:*.mov=01;35:*.mpg=01;35:*.mpeg=01;35:*.m2v=01;35:*.mkv=01;35:*.webm=01;35:*.webp=01;35:*.ogm=01;35:*.mp4=01;35:*.m4v=01;35:*.mp4v=01;35:*.vob=01;35:*.qt=01;35:*.nuv=01;35:*.wmv=01;35:*.asf=01;35:*.rm=01;35:*.rmvb=01;35:*.flc=01;35:*.avi=01;35:*.fli=01;35:*.flv=01;35:*.gl=01;35:*.dl=01;35:*.xcf=01;35:*.xwd=01;35:*.yuv=01;35:*.cgm=01;35:*.emf=01;35:*.ogv=01;35:*.ogx=01;35:*.aac=00;36:*.au=00;36:*.flac=00;36:*.m4a=00;36:*.mid=00;36:*.midi=00;36:*.mka=00;36:*.mp3=00;36:*.mpc=00;36:*.ogg=00;36:*.ra=00;36:*.wav=00;36:*.oga=00;36:*.opus=00;36:*.spx=00;36:*.xspf=00;36:', 'GNOME_TERMINAL_SERVICE': ':1.91', 'SSH_AGENT_LAUNCHER': 'gnome-keyring', 'SSH_AUTH_SOCK': '/run/user/1000/keyring/ssh', 'ROS_DOMAIN_ID': '30', 'AMENT_PREFIX_PATH': '/home/aviken/turtlebot3_ws/install/turtlebot3_applications:/home/aviken/turtlebot3_ws/install/turtlebot3_yolo_object_detection:/home/aviken/turtlebot3_ws/install/turtlebot3:/home/aviken/turtlebot3_ws/install/turtlebot3_teleop:/home/aviken/turtlebot3_ws/install/turtlebot3_ps4_teleop:/home/aviken/turtlebot3_ws/install/turtlebot3_panorama:/home/aviken/turtlebot3_ws/install/turtlebot3_bringup:/home/aviken/turtlebot3_ws/install/turtlebot3_node:/home/aviken/turtlebot3_ws/install/turtlebot3_navigation2:/home/aviken/turtlebot3_ws/install/turtlebot3_example:/home/aviken/turtlebot3_ws/install/turtlebot3_msgs:/home/aviken/turtlebot3_ws/install/turtlebot3_follower:/home/aviken/turtlebot3_ws/install/turtlebot3_description:/home/aviken/turtlebot3_ws/install/turtlebot3_cartographer:/home/aviken/turtlebot3_ws/install/turtlebot3_automatic_parking_vision:/home/aviken/turtlebot3_ws/install/turtlebot3_automatic_parking:/home/aviken/turtlebot3_ws/install/turtlebot3_aruco_tracker:/home/aviken/turtlebot3_ws/install/turtlebot3_applications_msgs:/home/aviken/turtlebot3_ws/install/dynamixel_sdk_examples:/home/aviken/turtlebot3_ws/install/dynamixel_sdk_custom_interfaces:/home/aviken/turtlebot3_ws/install/dynamixel_sdk:/home/aviken/colcon_ws/install/musashi_rviz:/home/aviken/colcon_ws/install/musashi_rqt_refereebox_client:/home/aviken/colcon_ws/install/musashi_rqt_player_server:/home/aviken/colcon_ws/install/musashi_rqt_player_controller:/home/aviken/colcon_ws/install/musashi_msgs:/home/aviken/colcon_ws/install/musashi_description:/home/aviken/colcon_ws/install/musashi_camera:/home/aviken/colcon_ws/install/musashi_basestation_client:/opt/ros/humble', 'SHELL': '/bin/bash', 'QT_ACCESSIBILITY': '1', 'GDMSESSION': 'ubuntu', 'LESSCLOSE': '/usr/bin/lesspipe %s %s', 'GPG_AGENT_INFO': '/run/user/1000/gnupg/S.gpg-agent:0:1', 'GAZEBO_RESOURCE_PATH': '/usr/share/gazebo-11:', 'GAZEBO_MODEL_DATABASE_URI': 'http://models.gazebosim.org', 'QT_IM_MODULE': 'ibus', 'PWD': '/home/aviken/colcon_ws/build/musashi_rqt_refereebox_client', 'TURTLEBOT3_MODEL': 'burger', 'XDG_CONFIG_DIRS': '/etc/xdg/xdg-ubuntu:/etc/xdg', 'GAZEBO_PLUGIN_PATH': '/usr/lib/x86_64-linux-gnu/gazebo-11/plugins:', 'XDG_DATA_DIRS': '/usr/share/ubuntu:/usr/share/gnome:/usr/local/share/:/usr/share/:/var/lib/snapd/desktop', 'PYTHONPATH': '/home/aviken/colcon_ws/build/musashi_rqt_refereebox_client/prefix_override:/usr/lib/python3/dist-packages/colcon_core/task/python/colcon_distutils_commands:/home/aviken/colcon_ws/install/musashi_rqt_refereebox_client/lib/python3.10/site-packages:/home/aviken/turtlebot3_ws/build/turtlebot3_yolo_object_detection:/home/aviken/turtlebot3_ws/install/turtlebot3_yolo_object_detection/lib/python3.10/site-packages:/home/aviken/turtlebot3_ws/build/turtlebot3_teleop:/home/aviken/turtlebot3_ws/install/turtlebot3_teleop/lib/python3.10/site-packages:/home/aviken/turtlebot3_ws/build/turtlebot3_ps4_teleop:/home/aviken/turtlebot3_ws/install/turtlebot3_ps4_teleop/lib/python3.10/site-packages:/home/aviken/turtlebot3_ws/build/turtlebot3_example:/home/aviken/turtlebot3_ws/install/turtlebot3_example/lib/python3.10/site-packages:/home/aviken/turtlebot3_ws/install/turtlebot3_msgs/local/lib/python3.10/dist-packages:/home/aviken/turtlebot3_ws/build/turtlebot3_automatic_parking_vision:/home/aviken/turtlebot3_ws/install/turtlebot3_automatic_parking_vision/lib/python3.10/site-packages:/home/aviken/turtlebot3_ws/build/turtlebot3_automatic_parking:/home/aviken/turtlebot3_ws/install/turtlebot3_automatic_parking/lib/python3.10/site-packages:/home/aviken/turtlebot3_ws/build/turtlebot3_aruco_tracker:/home/aviken/turtlebot3_ws/install/turtlebot3_aruco_tracker/lib/python3.10/site-packages:/home/aviken/turtlebot3_ws/install/turtlebot3_applications_msgs/local/lib/python3.10/dist-packages:/home/aviken/turtlebot3_ws/install/dynamixel_sdk_custom_interfaces/local/lib/python3.10/dist-packages:/home/aviken/turtlebot3_ws/install/dynamixel_sdk/local/lib/python3.10/dist-packages:/home/aviken/colcon_ws/install/musashi_rviz/lib/python3.10/site-packages:/home/aviken/colcon_ws/install/musashi_rqt_refereebox_client/lib/python3.10/site-packages:/home/aviken/colcon_ws/install/musashi_rqt_player_server/lib/python3.10/site-packages:/home/aviken/colcon_ws/install/musashi_rqt_player_controller/lib/python3.10/site-packages:/home/aviken/colcon_ws/install/musashi_msgs/local/lib/python3.10/dist-packages:/home/aviken/colcon_ws/install/musashi_description/lib/python3.10/site-packages:/home/aviken/colcon_ws/install/musashi_camera/lib/python3.10/site-packages:/home/aviken/colcon_ws/install/musashi_basestation_client/lib/python3.10/site-packages:/opt/ros/humble/lib/python3.10/site-packages:/opt/ros/humble/local/lib/python3.10/dist-packages', 'COLCON': '1', 'VTE_VERSION': '6800', 'CMAKE_PREFIX_PATH': '/home/aviken/turtlebot3_ws/install/turtlebot3_applications:/home/aviken/turtlebot3_ws/install/turtlebot3:/home/aviken/turtlebot3_ws/install/turtlebot3_panorama:/home/aviken/turtlebot3_ws/install/turtlebot3_bringup:/home/aviken/turtlebot3_ws/install/turtlebot3_node:/home/aviken/turtlebot3_ws/install/turtlebot3_navigation2:/home/aviken/turtlebot3_ws/install/turtlebot3_msgs:/home/aviken/turtlebot3_ws/install/turtlebot3_follower:/home/aviken/turtlebot3_ws/install/turtlebot3_description:/home/aviken/turtlebot3_ws/install/turtlebot3_cartographer:/home/aviken/turtlebot3_ws/install/turtlebot3_applications_msgs:/home/aviken/turtlebot3_ws/install/dynamixel_sdk_examples:/home/aviken/turtlebot3_ws/install/dynamixel_sdk_custom_interfaces:/home/aviken/turtlebot3_ws/install/dynamixel_sdk:/home/aviken/colcon_ws/install/musashi_msgs'}, 'shell': False}
[1.494654] (musashi_description) Command: {'cmd': ['/usr/bin/python3', '-W', 'ignore:setup.py install is deprecated', '-W', 'ignore:easy_install command is deprecated', 'setup.py', 'develop', '--editable', '--build-directory', '/home/aviken/colcon_ws/build/musashi_description/build', '--no-deps', 'symlink_data'], 'cwd': '/home/aviken/colcon_ws/build/musashi_description', 'env': {'LESSOPEN': '| /usr/bin/lesspipe %s', 'USER': 'aviken', 'XDG_SESSION_TYPE': 'x11', 'SHLVL': '1', 'LD_LIBRARY_PATH': '/home/aviken/turtlebot3_ws/install/turtlebot3_msgs/lib:/home/aviken/turtlebot3_ws/install/turtlebot3_applications_msgs/lib:/home/aviken/turtlebot3_ws/install/dynamixel_sdk_custom_interfaces/lib:/home/aviken/turtlebot3_ws/install/dynamixel_sdk/lib:/home/aviken/colcon_ws/install/musashi_msgs/lib:/usr/lib/x86_64-linux-gnu/gazebo-11/plugins:/opt/ros/humble/opt/rviz_ogre_vendor/lib:/opt/ros/humble/lib/x86_64-linux-gnu:/opt/ros/humble/lib:/usr/lib/x86_64-linux-gnu/gazebo-11/plugins:', 'HOME': '/home/aviken', 'OLDPWD': '/home/aviken/colcon_ws', 'DESKTOP_SESSION': 'ubuntu', 'GAZEBO_MASTER_URI': 'http://localhost:11345', 'ROS_PYTHON_VERSION': '3', 'GNOME_SHELL_SESSION_MODE': 'ubuntu', 'GTK_MODULES': 'gail:atk-bridge', 'SYSTEMD_EXEC_PID': '3281', 'DBUS_SESSION_BUS_ADDRESS': 'unix:path=/run/user/1000/bus', 'COLORTERM': 'truecolor', 'IM_CONFIG_PHASE': '1', 'COLCON_PREFIX_PATH': '/home/aviken/turtlebot3_ws/install:/home/aviken/colcon_ws/install', 'ROS_DISTRO': 'humble', 'GTK_IM_MODULE': 'ibus', 'LOGNAME': 'aviken', '_': '/usr/bin/colcon', 'ROS_VERSION': '2', 'XDG_SESSION_CLASS': 'user', 'USERNAME': 'aviken', 'TERM': 'xterm-256color', 'GAZEBO_MODEL_PATH': '/usr/share/gazebo-11/models:', 'GNOME_DESKTOP_SESSION_ID': 'this-is-deprecated', 'ROS_LOCALHOST_ONLY': '0', 'WINDOWPATH': '2', 'OGRE_RESOURCE_PATH': '/usr/lib/x86_64-linux-gnu/OGRE-1.9.0', 'PATH': '/opt/ros/humble/bin:/home/aviken/.local/bin:/usr/local/sbin:/usr/local/bin:/usr/sbin:/usr/bin:/sbin:/bin:/usr/games:/usr/local/games:/snap/bin:/snap/bin', 'SESSION_MANAGER': 'local/aviken:@/tmp/.ICE-unix/2448,unix/aviken:/tmp/.ICE-unix/2448', 'XDG_MENU_PREFIX': 'gnome-', 'GNOME_TERMINAL_SCREEN': '/org/gnome/Terminal/screen/9be58a34_b1a2_430c_944f_125250bf66a2', 'XDG_RUNTIME_DIR': '/run/user/1000', 'DISPLAY': ':1', 'LANG': 'ja_JP.UTF-8', 'XDG_CURRENT_DESKTOP': 'ubuntu:GNOME', 'XMODIFIERS': '@im=ibus', 'XDG_SESSION_DESKTOP': 'ubuntu', 'XAUTHORITY': '/run/user/1000/gdm/Xauthority', 'LS_COLORS': 'rs=0:di=01;34:ln=01;36:mh=00:pi=40;33:so=01;35:do=01;35:bd=40;33;01:cd=40;33;01:or=40;31;01:mi=00:su=37;41:sg=30;43:ca=30;41:tw=30;42:ow=34;42:st=37;44:ex=01;32:*.tar=01;31:*.tgz=01;31:*.arc=01;31:*.arj=01;31:*.taz=01;31:*.lha=01;31:*.lz4=01;31:*.lzh=01;31:*.lzma=01;31:*.tlz=01;31:*.txz=01;31:*.tzo=01;31:*.t7z=01;31:*.zip=01;31:*.z=01;31:*.dz=01;31:*.gz=01;31:*.lrz=01;31:*.lz=01;31:*.lzo=01;31:*.xz=01;31:*.zst=01;31:*.tzst=01;31:*.bz2=01;31:*.bz=01;31:*.tbz=01;31:*.tbz2=01;31:*.tz=01;31:*.deb=01;31:*.rpm=01;31:*.jar=01;31:*.war=01;31:*.ear=01;31:*.sar=01;31:*.rar=01;31:*.alz=01;31:*.ace=01;31:*.zoo=01;31:*.cpio=01;31:*.7z=01;31:*.rz=01;31:*.cab=01;31:*.wim=01;31:*.swm=01;31:*.dwm=01;31:*.esd=01;31:*.jpg=01;35:*.jpeg=01;35:*.mjpg=01;35:*.mjpeg=01;35:*.gif=01;35:*.bmp=01;35:*.pbm=01;35:*.pgm=01;35:*.ppm=01;35:*.tga=01;35:*.xbm=01;35:*.xpm=01;35:*.tif=01;35:*.tiff=01;35:*.png=01;35:*.svg=01;35:*.svgz=01;35:*.mng=01;35:*.pcx=01;35:*.mov=01;35:*.mpg=01;35:*.mpeg=01;35:*.m2v=01;35:*.mkv=01;35:*.webm=01;35:*.webp=01;35:*.ogm=01;35:*.mp4=01;35:*.m4v=01;35:*.mp4v=01;35:*.vob=01;35:*.qt=01;35:*.nuv=01;35:*.wmv=01;35:*.asf=01;35:*.rm=01;35:*.rmvb=01;35:*.flc=01;35:*.avi=01;35:*.fli=01;35:*.flv=01;35:*.gl=01;35:*.dl=01;35:*.xcf=01;35:*.xwd=01;35:*.yuv=01;35:*.cgm=01;35:*.emf=01;35:*.ogv=01;35:*.ogx=01;35:*.aac=00;36:*.au=00;36:*.flac=00;36:*.m4a=00;36:*.mid=00;36:*.midi=00;36:*.mka=00;36:*.mp3=00;36:*.mpc=00;36:*.ogg=00;36:*.ra=00;36:*.wav=00;36:*.oga=00;36:*.opus=00;36:*.spx=00;36:*.xspf=00;36:', 'GNOME_TERMINAL_SERVICE': ':1.91', 'SSH_AGENT_LAUNCHER': 'gnome-keyring', 'SSH_AUTH_SOCK': '/run/user/1000/keyring/ssh', 'ROS_DOMAIN_ID': '30', 'AMENT_PREFIX_PATH': '/home/aviken/turtlebot3_ws/install/turtlebot3_applications:/home/aviken/turtlebot3_ws/install/turtlebot3_yolo_object_detection:/home/aviken/turtlebot3_ws/install/turtlebot3:/home/aviken/turtlebot3_ws/install/turtlebot3_teleop:/home/aviken/turtlebot3_ws/install/turtlebot3_ps4_teleop:/home/aviken/turtlebot3_ws/install/turtlebot3_panorama:/home/aviken/turtlebot3_ws/install/turtlebot3_bringup:/home/aviken/turtlebot3_ws/install/turtlebot3_node:/home/aviken/turtlebot3_ws/install/turtlebot3_navigation2:/home/aviken/turtlebot3_ws/install/turtlebot3_example:/home/aviken/turtlebot3_ws/install/turtlebot3_msgs:/home/aviken/turtlebot3_ws/install/turtlebot3_follower:/home/aviken/turtlebot3_ws/install/turtlebot3_description:/home/aviken/turtlebot3_ws/install/turtlebot3_cartographer:/home/aviken/turtlebot3_ws/install/turtlebot3_automatic_parking_vision:/home/aviken/turtlebot3_ws/install/turtlebot3_automatic_parking:/home/aviken/turtlebot3_ws/install/turtlebot3_aruco_tracker:/home/aviken/turtlebot3_ws/install/turtlebot3_applications_msgs:/home/aviken/turtlebot3_ws/install/dynamixel_sdk_examples:/home/aviken/turtlebot3_ws/install/dynamixel_sdk_custom_interfaces:/home/aviken/turtlebot3_ws/install/dynamixel_sdk:/home/aviken/colcon_ws/install/musashi_rviz:/home/aviken/colcon_ws/install/musashi_rqt_refereebox_client:/home/aviken/colcon_ws/install/musashi_rqt_player_server:/home/aviken/colcon_ws/install/musashi_rqt_player_controller:/home/aviken/colcon_ws/install/musashi_msgs:/home/aviken/colcon_ws/install/musashi_description:/home/aviken/colcon_ws/install/musashi_camera:/home/aviken/colcon_ws/install/musashi_basestation_client:/opt/ros/humble', 'SHELL': '/bin/bash', 'QT_ACCESSIBILITY': '1', 'GDMSESSION': 'ubuntu', 'LESSCLOSE': '/usr/bin/lesspipe %s %s', 'GPG_AGENT_INFO': '/run/user/1000/gnupg/S.gpg-agent:0:1', 'GAZEBO_RESOURCE_PATH': '/usr/share/gazebo-11:', 'GAZEBO_MODEL_DATABASE_URI': 'http://models.gazebosim.org', 'QT_IM_MODULE': 'ibus', 'PWD': '/home/aviken/colcon_ws/build/musashi_description', 'TURTLEBOT3_MODEL': 'burger', 'XDG_CONFIG_DIRS': '/etc/xdg/xdg-ubuntu:/etc/xdg', 'GAZEBO_PLUGIN_PATH': '/usr/lib/x86_64-linux-gnu/gazebo-11/plugins:', 'XDG_DATA_DIRS': '/usr/share/ubuntu:/usr/share/gnome:/usr/local/share/:/usr/share/:/var/lib/snapd/desktop', 'PYTHONPATH': '/home/aviken/colcon_ws/build/musashi_description/prefix_override:/usr/lib/python3/dist-packages/colcon_core/task/python/colcon_distutils_commands:/home/aviken/colcon_ws/install/musashi_description/lib/python3.10/site-packages:/home/aviken/turtlebot3_ws/build/turtlebot3_yolo_object_detection:/home/aviken/turtlebot3_ws/install/turtlebot3_yolo_object_detection/lib/python3.10/site-packages:/home/aviken/turtlebot3_ws/build/turtlebot3_teleop:/home/aviken/turtlebot3_ws/install/turtlebot3_teleop/lib/python3.10/site-packages:/home/aviken/turtlebot3_ws/build/turtlebot3_ps4_teleop:/home/aviken/turtlebot3_ws/install/turtlebot3_ps4_teleop/lib/python3.10/site-packages:/home/aviken/turtlebot3_ws/build/turtlebot3_example:/home/aviken/turtlebot3_ws/install/turtlebot3_example/lib/python3.10/site-packages:/home/aviken/turtlebot3_ws/install/turtlebot3_msgs/local/lib/python3.10/dist-packages:/home/aviken/turtlebot3_ws/build/turtlebot3_automatic_parking_vision:/home/aviken/turtlebot3_ws/install/turtlebot3_automatic_parking_vision/lib/python3.10/site-packages:/home/aviken/turtlebot3_ws/build/turtlebot3_automatic_parking:/home/aviken/turtlebot3_ws/install/turtlebot3_automatic_parking/lib/python3.10/site-packages:/home/aviken/turtlebot3_ws/build/turtlebot3_aruco_tracker:/home/aviken/turtlebot3_ws/install/turtlebot3_aruco_tracker/lib/python3.10/site-packages:/home/aviken/turtlebot3_ws/install/turtlebot3_applications_msgs/local/lib/python3.10/dist-packages:/home/aviken/turtlebot3_ws/install/dynamixel_sdk_custom_interfaces/local/lib/python3.10/dist-packages:/home/aviken/turtlebot3_ws/install/dynamixel_sdk/local/lib/python3.10/dist-packages:/home/aviken/colcon_ws/install/musashi_rviz/lib/python3.10/site-packages:/home/aviken/colcon_ws/install/musashi_rqt_refereebox_client/lib/python3.10/site-packages:/home/aviken/colcon_ws/install/musashi_rqt_player_server/lib/python3.10/site-packages:/home/aviken/colcon_ws/install/musashi_rqt_player_controller/lib/python3.10/site-packages:/home/aviken/colcon_ws/install/musashi_msgs/local/lib/python3.10/dist-packages:/home/aviken/colcon_ws/install/musashi_description/lib/python3.10/site-packages:/home/aviken/colcon_ws/install/musashi_camera/lib/python3.10/site-packages:/home/aviken/colcon_ws/install/musashi_basestation_client/lib/python3.10/site-packages:/opt/ros/humble/lib/python3.10/site-packages:/opt/ros/humble/local/lib/python3.10/dist-packages', 'COLCON': '1', 'VTE_VERSION': '6800', 'CMAKE_PREFIX_PATH': '/home/aviken/turtlebot3_ws/install/turtlebot3_applications:/home/aviken/turtlebot3_ws/install/turtlebot3:/home/aviken/turtlebot3_ws/install/turtlebot3_panorama:/home/aviken/turtlebot3_ws/install/turtlebot3_bringup:/home/aviken/turtlebot3_ws/install/turtlebot3_node:/home/aviken/turtlebot3_ws/install/turtlebot3_navigation2:/home/aviken/turtlebot3_ws/install/turtlebot3_msgs:/home/aviken/turtlebot3_ws/install/turtlebot3_follower:/home/aviken/turtlebot3_ws/install/turtlebot3_description:/home/aviken/turtlebot3_ws/install/turtlebot3_cartographer:/home/aviken/turtlebot3_ws/install/turtlebot3_applications_msgs:/home/aviken/turtlebot3_ws/install/dynamixel_sdk_examples:/home/aviken/turtlebot3_ws/install/dynamixel_sdk_custom_interfaces:/home/aviken/turtlebot3_ws/install/dynamixel_sdk:/home/aviken/colcon_ws/install/musashi_msgs'}, 'shell': False}
[1.503106] (-) TimerEvent: {}
[1.603380] (-) TimerEvent: {}
[1.691841] (musashi_rqt_player_server) StdoutLine: {'line': b'running develop\n'}
[1.692081] (musashi_camera) StdoutLine: {'line': b'running develop\n'}
[1.693175] (musashi_description) StdoutLine: {'line': b'running develop\n'}
[1.693322] (musashi_rqt_player_controller) StdoutLine: {'line': b'running develop\n'}
[1.694487] (musashi_basestation_client) StdoutLine: {'line': b'running develop\n'}
[1.697197] (musashi_rqt_refereebox_client) StdoutLine: {'line': b'running develop\n'}
[1.703529] (-) TimerEvent: {}
[1.780684] (musashi_rviz) Command: {'cmd': ['/usr/bin/python3', '-W', 'ignore:setup.py install is deprecated', '-W', 'ignore:easy_install command is deprecated', 'setup.py', 'develop', '--editable', '--build-directory', '/home/aviken/colcon_ws/build/musashi_rviz/build', '--no-deps', 'symlink_data'], 'cwd': '/home/aviken/colcon_ws/build/musashi_rviz', 'env': {'LESSOPEN': '| /usr/bin/lesspipe %s', 'USER': 'aviken', 'XDG_SESSION_TYPE': 'x11', 'SHLVL': '1', 'LD_LIBRARY_PATH': '/home/aviken/colcon_ws/install/musashi_msgs/lib:/home/aviken/turtlebot3_ws/install/turtlebot3_msgs/lib:/home/aviken/turtlebot3_ws/install/turtlebot3_applications_msgs/lib:/home/aviken/turtlebot3_ws/install/dynamixel_sdk_custom_interfaces/lib:/home/aviken/turtlebot3_ws/install/dynamixel_sdk/lib:/usr/lib/x86_64-linux-gnu/gazebo-11/plugins:/opt/ros/humble/opt/rviz_ogre_vendor/lib:/opt/ros/humble/lib/x86_64-linux-gnu:/opt/ros/humble/lib:/usr/lib/x86_64-linux-gnu/gazebo-11/plugins', 'HOME': '/home/aviken', 'OLDPWD': '/home/aviken/colcon_ws', 'DESKTOP_SESSION': 'ubuntu', 'GAZEBO_MASTER_URI': 'http://localhost:11345', 'ROS_PYTHON_VERSION': '3', 'GNOME_SHELL_SESSION_MODE': 'ubuntu', 'GTK_MODULES': 'gail:atk-bridge', 'SYSTEMD_EXEC_PID': '3281', 'DBUS_SESSION_BUS_ADDRESS': 'unix:path=/run/user/1000/bus', 'COLORTERM': 'truecolor', 'IM_CONFIG_PHASE': '1', 'COLCON_PREFIX_PATH': '/home/aviken/turtlebot3_ws/install:/home/aviken/colcon_ws/install', 'ROS_DISTRO': 'humble', 'GTK_IM_MODULE': 'ibus', 'LOGNAME': 'aviken', '_': '/usr/bin/colcon', 'ROS_VERSION': '2', 'XDG_SESSION_CLASS': 'user', 'USERNAME': 'aviken', 'TERM': 'xterm-256color', 'GAZEBO_MODEL_PATH': '/usr/share/gazebo-11/models:', 'GNOME_DESKTOP_SESSION_ID': 'this-is-deprecated', 'ROS_LOCALHOST_ONLY': '0', 'WINDOWPATH': '2', 'OGRE_RESOURCE_PATH': '/usr/lib/x86_64-linux-gnu/OGRE-1.9.0', 'PATH': '/opt/ros/humble/bin:/home/aviken/.local/bin:/usr/local/sbin:/usr/local/bin:/usr/sbin:/usr/bin:/sbin:/bin:/usr/games:/usr/local/games:/snap/bin:/snap/bin', 'SESSION_MANAGER': 'local/aviken:@/tmp/.ICE-unix/2448,unix/aviken:/tmp/.ICE-unix/2448', 'XDG_MENU_PREFIX': 'gnome-', 'GNOME_TERMINAL_SCREEN': '/org/gnome/Terminal/screen/9be58a34_b1a2_430c_944f_125250bf66a2', 'XDG_RUNTIME_DIR': '/run/user/1000', 'DISPLAY': ':1', 'LANG': 'ja_JP.UTF-8', 'XDG_CURRENT_DESKTOP': 'ubuntu:GNOME', 'XMODIFIERS': '@im=ibus', 'XDG_SESSION_DESKTOP': 'ubuntu', 'XAUTHORITY': '/run/user/1000/gdm/Xauthority', 'LS_COLORS': 'rs=0:di=01;34:ln=01;36:mh=00:pi=40;33:so=01;35:do=01;35:bd=40;33;01:cd=40;33;01:or=40;31;01:mi=00:su=37;41:sg=30;43:ca=30;41:tw=30;42:ow=34;42:st=37;44:ex=01;32:*.tar=01;31:*.tgz=01;31:*.arc=01;31:*.arj=01;31:*.taz=01;31:*.lha=01;31:*.lz4=01;31:*.lzh=01;31:*.lzma=01;31:*.tlz=01;31:*.txz=01;31:*.tzo=01;31:*.t7z=01;31:*.zip=01;31:*.z=01;31:*.dz=01;31:*.gz=01;31:*.lrz=01;31:*.lz=01;31:*.lzo=01;31:*.xz=01;31:*.zst=01;31:*.tzst=01;31:*.bz2=01;31:*.bz=01;31:*.tbz=01;31:*.tbz2=01;31:*.tz=01;31:*.deb=01;31:*.rpm=01;31:*.jar=01;31:*.war=01;31:*.ear=01;31:*.sar=01;31:*.rar=01;31:*.alz=01;31:*.ace=01;31:*.zoo=01;31:*.cpio=01;31:*.7z=01;31:*.rz=01;31:*.cab=01;31:*.wim=01;31:*.swm=01;31:*.dwm=01;31:*.esd=01;31:*.jpg=01;35:*.jpeg=01;35:*.mjpg=01;35:*.mjpeg=01;35:*.gif=01;35:*.bmp=01;35:*.pbm=01;35:*.pgm=01;35:*.ppm=01;35:*.tga=01;35:*.xbm=01;35:*.xpm=01;35:*.tif=01;35:*.tiff=01;35:*.png=01;35:*.svg=01;35:*.svgz=01;35:*.mng=01;35:*.pcx=01;35:*.mov=01;35:*.mpg=01;35:*.mpeg=01;35:*.m2v=01;35:*.mkv=01;35:*.webm=01;35:*.webp=01;35:*.ogm=01;35:*.mp4=01;35:*.m4v=01;35:*.mp4v=01;35:*.vob=01;35:*.qt=01;35:*.nuv=01;35:*.wmv=01;35:*.asf=01;35:*.rm=01;35:*.rmvb=01;35:*.flc=01;35:*.avi=01;35:*.fli=01;35:*.flv=01;35:*.gl=01;35:*.dl=01;35:*.xcf=01;35:*.xwd=01;35:*.yuv=01;35:*.cgm=01;35:*.emf=01;35:*.ogv=01;35:*.ogx=01;35:*.aac=00;36:*.au=00;36:*.flac=00;36:*.m4a=00;36:*.mid=00;36:*.midi=00;36:*.mka=00;36:*.mp3=00;36:*.mpc=00;36:*.ogg=00;36:*.ra=00;36:*.wav=00;36:*.oga=00;36:*.opus=00;36:*.spx=00;36:*.xspf=00;36:', 'GNOME_TERMINAL_SERVICE': ':1.91', 'SSH_AGENT_LAUNCHER': 'gnome-keyring', 'SSH_AUTH_SOCK': '/run/user/1000/keyring/ssh', 'ROS_DOMAIN_ID': '30', 'AMENT_PREFIX_PATH': '/home/aviken/turtlebot3_ws/install/turtlebot3_applications:/home/aviken/turtlebot3_ws/install/turtlebot3_yolo_object_detection:/home/aviken/turtlebot3_ws/install/turtlebot3:/home/aviken/turtlebot3_ws/install/turtlebot3_teleop:/home/aviken/turtlebot3_ws/install/turtlebot3_ps4_teleop:/home/aviken/turtlebot3_ws/install/turtlebot3_panorama:/home/aviken/turtlebot3_ws/install/turtlebot3_bringup:/home/aviken/turtlebot3_ws/install/turtlebot3_node:/home/aviken/turtlebot3_ws/install/turtlebot3_navigation2:/home/aviken/turtlebot3_ws/install/turtlebot3_example:/home/aviken/turtlebot3_ws/install/turtlebot3_msgs:/home/aviken/turtlebot3_ws/install/turtlebot3_follower:/home/aviken/turtlebot3_ws/install/turtlebot3_description:/home/aviken/turtlebot3_ws/install/turtlebot3_cartographer:/home/aviken/turtlebot3_ws/install/turtlebot3_automatic_parking_vision:/home/aviken/turtlebot3_ws/install/turtlebot3_automatic_parking:/home/aviken/turtlebot3_ws/install/turtlebot3_aruco_tracker:/home/aviken/turtlebot3_ws/install/turtlebot3_applications_msgs:/home/aviken/turtlebot3_ws/install/dynamixel_sdk_examples:/home/aviken/turtlebot3_ws/install/dynamixel_sdk_custom_interfaces:/home/aviken/turtlebot3_ws/install/dynamixel_sdk:/home/aviken/colcon_ws/install/musashi_rviz:/home/aviken/colcon_ws/install/musashi_rqt_refereebox_client:/home/aviken/colcon_ws/install/musashi_rqt_player_server:/home/aviken/colcon_ws/install/musashi_rqt_player_controller:/home/aviken/colcon_ws/install/musashi_msgs:/home/aviken/colcon_ws/install/musashi_description:/home/aviken/colcon_ws/install/musashi_camera:/home/aviken/colcon_ws/install/musashi_basestation_client:/opt/ros/humble', 'SHELL': '/bin/bash', 'QT_ACCESSIBILITY': '1', 'GDMSESSION': 'ubuntu', 'LESSCLOSE': '/usr/bin/lesspipe %s %s', 'GPG_AGENT_INFO': '/run/user/1000/gnupg/S.gpg-agent:0:1', 'GAZEBO_RESOURCE_PATH': '/usr/share/gazebo-11:', 'GAZEBO_MODEL_DATABASE_URI': 'http://models.gazebosim.org', 'QT_IM_MODULE': 'ibus', 'PWD': '/home/aviken/colcon_ws/build/musashi_rviz', 'TURTLEBOT3_MODEL': 'burger', 'XDG_CONFIG_DIRS': '/etc/xdg/xdg-ubuntu:/etc/xdg', 'GAZEBO_PLUGIN_PATH': '/usr/lib/x86_64-linux-gnu/gazebo-11/plugins:', 'XDG_DATA_DIRS': '/usr/share/ubuntu:/usr/share/gnome:/usr/local/share/:/usr/share/:/var/lib/snapd/desktop', 'PYTHONPATH': '/home/aviken/colcon_ws/build/musashi_rviz/prefix_override:/usr/lib/python3/dist-packages/colcon_core/task/python/colcon_distutils_commands:/home/aviken/colcon_ws/install/musashi_rviz/lib/python3.10/site-packages:/home/aviken/turtlebot3_ws/build/turtlebot3_yolo_object_detection:/home/aviken/turtlebot3_ws/install/turtlebot3_yolo_object_detection/lib/python3.10/site-packages:/home/aviken/turtlebot3_ws/build/turtlebot3_teleop:/home/aviken/turtlebot3_ws/install/turtlebot3_teleop/lib/python3.10/site-packages:/home/aviken/turtlebot3_ws/build/turtlebot3_ps4_teleop:/home/aviken/turtlebot3_ws/install/turtlebot3_ps4_teleop/lib/python3.10/site-packages:/home/aviken/turtlebot3_ws/build/turtlebot3_example:/home/aviken/turtlebot3_ws/install/turtlebot3_example/lib/python3.10/site-packages:/home/aviken/turtlebot3_ws/install/turtlebot3_msgs/local/lib/python3.10/dist-packages:/home/aviken/turtlebot3_ws/build/turtlebot3_automatic_parking_vision:/home/aviken/turtlebot3_ws/install/turtlebot3_automatic_parking_vision/lib/python3.10/site-packages:/home/aviken/turtlebot3_ws/build/turtlebot3_automatic_parking:/home/aviken/turtlebot3_ws/install/turtlebot3_automatic_parking/lib/python3.10/site-packages:/home/aviken/turtlebot3_ws/build/turtlebot3_aruco_tracker:/home/aviken/turtlebot3_ws/install/turtlebot3_aruco_tracker/lib/python3.10/site-packages:/home/aviken/turtlebot3_ws/install/turtlebot3_applications_msgs/local/lib/python3.10/dist-packages:/home/aviken/turtlebot3_ws/install/dynamixel_sdk_custom_interfaces/local/lib/python3.10/dist-packages:/home/aviken/turtlebot3_ws/install/dynamixel_sdk/local/lib/python3.10/dist-packages:/home/aviken/colcon_ws/install/musashi_rviz/lib/python3.10/site-packages:/home/aviken/colcon_ws/install/musashi_rqt_refereebox_client/lib/python3.10/site-packages:/home/aviken/colcon_ws/install/musashi_rqt_player_server/lib/python3.10/site-packages:/home/aviken/colcon_ws/install/musashi_rqt_player_controller/lib/python3.10/site-packages:/home/aviken/colcon_ws/install/musashi_msgs/local/lib/python3.10/dist-packages:/home/aviken/colcon_ws/install/musashi_description/lib/python3.10/site-packages:/home/aviken/colcon_ws/install/musashi_camera/lib/python3.10/site-packages:/home/aviken/colcon_ws/install/musashi_basestation_client/lib/python3.10/site-packages:/opt/ros/humble/lib/python3.10/site-packages:/opt/ros/humble/local/lib/python3.10/dist-packages', 'COLCON': '1', 'VTE_VERSION': '6800', 'CMAKE_PREFIX_PATH': '/home/aviken/colcon_ws/install/musashi_msgs:/home/aviken/turtlebot3_ws/install/turtlebot3_applications:/home/aviken/turtlebot3_ws/install/turtlebot3:/home/aviken/turtlebot3_ws/install/turtlebot3_panorama:/home/aviken/turtlebot3_ws/install/turtlebot3_bringup:/home/aviken/turtlebot3_ws/install/turtlebot3_node:/home/aviken/turtlebot3_ws/install/turtlebot3_navigation2:/home/aviken/turtlebot3_ws/install/turtlebot3_msgs:/home/aviken/turtlebot3_ws/install/turtlebot3_follower:/home/aviken/turtlebot3_ws/install/turtlebot3_description:/home/aviken/turtlebot3_ws/install/turtlebot3_cartographer:/home/aviken/turtlebot3_ws/install/turtlebot3_applications_msgs:/home/aviken/turtlebot3_ws/install/dynamixel_sdk_examples:/home/aviken/turtlebot3_ws/install/dynamixel_sdk_custom_interfaces:/home/aviken/turtlebot3_ws/install/dynamixel_sdk'}, 'shell': False}
[1.803615] (-) TimerEvent: {}
[1.818334] (musashi_camera) StdoutLine: {'line': b'running egg_info\n'}
[1.818480] (musashi_rqt_player_server) StdoutLine: {'line': b'running egg_info\n'}
[1.818583] (musashi_rqt_player_server) StdoutLine: {'line': b'writing src/musashi_rqt_player_server.egg-info/PKG-INFO\n'}
[1.818628] (musashi_camera) StdoutLine: {'line': b'writing musashi_camera.egg-info/PKG-INFO\n'}
[1.818678] (musashi_rqt_player_server) StdoutLine: {'line': b'writing dependency_links to src/musashi_rqt_player_server.egg-info/dependency_links.txt\n'}
[1.818824] (musashi_rqt_player_server) StdoutLine: {'line': b'writing entry points to src/musashi_rqt_player_server.egg-info/entry_points.txt\n'}
[1.818905] (musashi_rqt_player_server) StdoutLine: {'line': b'writing requirements to src/musashi_rqt_player_server.egg-info/requires.txt\n'}
[1.818954] (musashi_rqt_player_server) StdoutLine: {'line': b'writing top-level names to src/musashi_rqt_player_server.egg-info/top_level.txt\n'}
[1.818997] (musashi_camera) StdoutLine: {'line': b'writing dependency_links to musashi_camera.egg-info/dependency_links.txt\n'}
[1.819073] (musashi_camera) StdoutLine: {'line': b'writing entry points to musashi_camera.egg-info/entry_points.txt\n'}
[1.819112] (musashi_camera) StdoutLine: {'line': b'writing requirements to musashi_camera.egg-info/requires.txt\n'}
[1.819149] (musashi_camera) StdoutLine: {'line': b'writing top-level names to musashi_camera.egg-info/top_level.txt\n'}
[1.819929] (musashi_rqt_player_controller) StdoutLine: {'line': b'running egg_info\n'}
[1.820068] (musashi_rqt_player_controller) StdoutLine: {'line': b'writing src/musashi_rqt_player_controller.egg-info/PKG-INFO\n'}
[1.820212] (musashi_rqt_player_server) StdoutLine: {'line': b"reading manifest file 'src/musashi_rqt_player_server.egg-info/SOURCES.txt'\n"}
[1.820280] (musashi_rqt_player_controller) StdoutLine: {'line': b'writing dependency_links to src/musashi_rqt_player_controller.egg-info/dependency_links.txt\n'}
[1.820337] (musashi_rqt_player_controller) StdoutLine: {'line': b'writing entry points to src/musashi_rqt_player_controller.egg-info/entry_points.txt\n'}
[1.820421] (musashi_rqt_player_controller) StdoutLine: {'line': b'writing requirements to src/musashi_rqt_player_controller.egg-info/requires.txt\n'}
[1.820473] (musashi_camera) StdoutLine: {'line': b"reading manifest file 'musashi_camera.egg-info/SOURCES.txt'\n"}
[1.820532] (musashi_rqt_player_controller) StdoutLine: {'line': b'writing top-level names to src/musashi_rqt_player_controller.egg-info/top_level.txt\n'}
[1.820776] (musashi_rqt_player_server) StdoutLine: {'line': b"writing manifest file 'src/musashi_rqt_player_server.egg-info/SOURCES.txt'\n"}
[1.820850] (musashi_camera) StdoutLine: {'line': b"writing manifest file 'musashi_camera.egg-info/SOURCES.txt'\n"}
[1.821767] (musashi_rqt_player_controller) StdoutLine: {'line': b"reading manifest file 'src/musashi_rqt_player_controller.egg-info/SOURCES.txt'\n"}
[1.821965] (musashi_rqt_player_server) StdoutLine: {'line': b'running build_ext\n'}
[1.822041] (musashi_camera) StdoutLine: {'line': b'running build_ext\n'}
[1.822138] (musashi_camera) StdoutLine: {'line': b'Creating /home/aviken/colcon_ws/install/musashi_camera/lib/python3.10/site-packages/musashi-camera.egg-link (link to .)\n'}
[1.822207] (musashi_rqt_player_server) StdoutLine: {'line': b'Creating /home/aviken/colcon_ws/install/musashi_rqt_player_server/lib/python3.10/site-packages/musashi-rqt-player-server.egg-link (link to src)\n'}
[1.822306] (musashi_rqt_player_controller) StdoutLine: {'line': b"writing manifest file 'src/musashi_rqt_player_controller.egg-info/SOURCES.txt'\n"}
[1.822765] (musashi_rqt_player_server) StdoutLine: {'line': b'\n'}
[1.822944] (musashi_rqt_player_server) StdoutLine: {'line': b'Installed /home/aviken/colcon_ws/build/musashi_rqt_player_server/src\n'}
[1.823021] (musashi_rqt_player_server) StdoutLine: {'line': b'running symlink_data\n'}
[1.823091] (musashi_camera) StdoutLine: {'line': b'Installing node_musashi_camera script to /home/aviken/colcon_ws/install/musashi_camera/lib/musashi_camera\n'}
[1.823227] (musashi_basestation_client) StdoutLine: {'line': b'running egg_info\n'}
[1.823319] (musashi_camera) StdoutLine: {'line': b'\n'}
[1.823389] (musashi_camera) StdoutLine: {'line': b'Installed /home/aviken/colcon_ws/build/musashi_camera\n'}
[1.823455] (musashi_camera) StdoutLine: {'line': b'running symlink_data\n'}
[1.823593] (musashi_basestation_client) StdoutLine: {'line': b'writing musashi_basestation_client.egg-info/PKG-INFO\n'}
[1.823715] (musashi_basestation_client) StdoutLine: {'line': b'writing dependency_links to musashi_basestation_client.egg-info/dependency_links.txt\n'}
[1.823785] (musashi_rqt_player_controller) StdoutLine: {'line': b'running build_ext\n'}
[1.823850] (musashi_basestation_client) StdoutLine: {'line': b'writing entry points to musashi_basestation_client.egg-info/entry_points.txt\n'}
[1.823911] (musashi_basestation_client) StdoutLine: {'line': b'writing requirements to musashi_basestation_client.egg-info/requires.txt\n'}
[1.823974] (musashi_rqt_player_controller) StdoutLine: {'line': b'Creating /home/aviken/colcon_ws/install/musashi_rqt_player_controller/lib/python3.10/site-packages/musashi-rqt-player-controller.egg-link (link to src)\n'}
[1.824049] (musashi_basestation_client) StdoutLine: {'line': b'writing top-level names to musashi_basestation_client.egg-info/top_level.txt\n'}
[1.824252] (musashi_rqt_player_controller) StdoutLine: {'line': b'\n'}
[1.824333] (musashi_rqt_player_controller) StdoutLine: {'line': b'Installed /home/aviken/colcon_ws/build/musashi_rqt_player_controller/src\n'}
[1.824454] (musashi_rqt_player_controller) StdoutLine: {'line': b'running symlink_data\n'}
[1.824777] (musashi_rqt_refereebox_client) StdoutLine: {'line': b'running egg_info\n'}
[1.824955] (musashi_rqt_refereebox_client) StdoutLine: {'line': b'writing src/musashi_rqt_refereebox_client.egg-info/PKG-INFO\n'}
[1.825172] (musashi_rqt_refereebox_client) StdoutLine: {'line': b'writing dependency_links to src/musashi_rqt_refereebox_client.egg-info/dependency_links.txt\n'}
[1.825264] (musashi_rqt_refereebox_client) StdoutLine: {'line': b'writing entry points to src/musashi_rqt_refereebox_client.egg-info/entry_points.txt\n'}
[1.825333] (musashi_rqt_refereebox_client) StdoutLine: {'line': b'writing requirements to src/musashi_rqt_refereebox_client.egg-info/requires.txt\n'}
[1.825393] (musashi_rqt_refereebox_client) StdoutLine: {'line': b'writing top-level names to src/musashi_rqt_refereebox_client.egg-info/top_level.txt\n'}
[1.825731] (musashi_basestation_client) StdoutLine: {'line': b"reading manifest file 'musashi_basestation_client.egg-info/SOURCES.txt'\n"}
[1.826337] (musashi_basestation_client) StdoutLine: {'line': b"writing manifest file 'musashi_basestation_client.egg-info/SOURCES.txt'\n"}
[1.827118] (musashi_rqt_refereebox_client) StdoutLine: {'line': b"reading manifest file 'src/musashi_rqt_refereebox_client.egg-info/SOURCES.txt'\n"}
[1.827773] (musashi_basestation_client) StdoutLine: {'line': b'running build_ext\n'}
[1.827856] (musashi_rqt_refereebox_client) StdoutLine: {'line': b"writing manifest file 'src/musashi_rqt_refereebox_client.egg-info/SOURCES.txt'\n"}
[1.827950] (musashi_basestation_client) StdoutLine: {'line': b'Creating /home/aviken/colcon_ws/install/musashi_basestation_client/lib/python3.10/site-packages/musashi-basestation-client.egg-link (link to .)\n'}
[1.828601] (musashi_basestation_client) StdoutLine: {'line': b'Installing node_basestation_client script to /home/aviken/colcon_ws/install/musashi_basestation_client/lib/musashi_basestation_client\n'}
[1.828772] (musashi_basestation_client) StdoutLine: {'line': b'\n'}
[1.828818] (musashi_basestation_client) StdoutLine: {'line': b'Installed /home/aviken/colcon_ws/build/musashi_basestation_client\n'}
[1.828884] (musashi_basestation_client) StdoutLine: {'line': b'running symlink_data\n'}
[1.829182] (musashi_rqt_refereebox_client) StdoutLine: {'line': b'running build_ext\n'}
[1.829340] (musashi_rqt_refereebox_client) StdoutLine: {'line': b'Creating /home/aviken/colcon_ws/install/musashi_rqt_refereebox_client/lib/python3.10/site-packages/musashi-rqt-refereebox-client.egg-link (link to src)\n'}
[1.830099] (musashi_rqt_refereebox_client) StdoutLine: {'line': b'\n'}
[1.830345] (musashi_rqt_refereebox_client) StdoutLine: {'line': b'Installed /home/aviken/colcon_ws/build/musashi_rqt_refereebox_client/src\n'}
[1.830453] (musashi_rqt_refereebox_client) StdoutLine: {'line': b'running symlink_data\n'}
[1.830873] (musashi_description) StdoutLine: {'line': b'running egg_info\n'}
[1.831063] (musashi_description) StdoutLine: {'line': b'writing musashi_description.egg-info/PKG-INFO\n'}
[1.831369] (musashi_description) StdoutLine: {'line': b'writing dependency_links to musashi_description.egg-info/dependency_links.txt\n'}
[1.831480] (musashi_description) StdoutLine: {'line': b'writing entry points to musashi_description.egg-info/entry_points.txt\n'}
[1.831635] (musashi_description) StdoutLine: {'line': b'writing requirements to musashi_description.egg-info/requires.txt\n'}
[1.831721] (musashi_description) StdoutLine: {'line': b'writing top-level names to musashi_description.egg-info/top_level.txt\n'}
[1.833551] (musashi_description) StdoutLine: {'line': b"reading manifest file 'musashi_description.egg-info/SOURCES.txt'\n"}
[1.834090] (musashi_description) StdoutLine: {'line': b"writing manifest file 'musashi_description.egg-info/SOURCES.txt'\n"}
[1.835733] (musashi_description) StdoutLine: {'line': b'running build_ext\n'}
[1.835914] (musashi_description) StdoutLine: {'line': b'Creating /home/aviken/colcon_ws/install/musashi_description/lib/python3.10/site-packages/musashi-description.egg-link (link to .)\n'}
[1.836951] (musashi_description) StdoutLine: {'line': b'Installing tf2_sample01 script to /home/aviken/colcon_ws/install/musashi_description/lib/musashi_description\n'}
[1.837250] (musashi_description) StdoutLine: {'line': b'\n'}
[1.837357] (musashi_description) StdoutLine: {'line': b'Installed /home/aviken/colcon_ws/build/musashi_description\n'}
[1.837449] (musashi_description) StdoutLine: {'line': b'running symlink_data\n'}
[1.853912] (musashi_rqt_player_server) CommandEnded: {'returncode': 0}
[1.862273] (musashi_rqt_player_server) JobEnded: {'identifier': 'musashi_rqt_player_server', 'rc': 0}
[1.863482] (musashi_camera) CommandEnded: {'returncode': 0}
[1.868267] (musashi_camera) JobEnded: {'identifier': 'musashi_camera', 'rc': 0}
[1.868869] (musashi_rqt_player_controller) CommandEnded: {'returncode': 0}
[1.873129] (musashi_rqt_player_controller) JobEnded: {'identifier': 'musashi_rqt_player_controller', 'rc': 0}
[1.873665] (musashi_basestation_client) CommandEnded: {'returncode': 0}
[1.877750] (musashi_basestation_client) JobEnded: {'identifier': 'musashi_basestation_client', 'rc': 0}
[1.878372] (musashi_rqt_refereebox_client) CommandEnded: {'returncode': 0}
[1.882515] (musashi_rqt_refereebox_client) JobEnded: {'identifier': 'musashi_rqt_refereebox_client', 'rc': 0}
[1.883132] (musashi_description) CommandEnded: {'returncode': 0}
[1.887352] (musashi_description) JobEnded: {'identifier': 'musashi_description', 'rc': 0}
[1.903695] (-) TimerEvent: {}
[1.989308] (musashi_rviz) StdoutLine: {'line': b'running develop\n'}
[2.003846] (-) TimerEvent: {}
[2.094434] (musashi_rviz) StdoutLine: {'line': b'running egg_info\n'}
[2.094697] (musashi_rviz) StdoutLine: {'line': b'writing musashi_rviz.egg-info/PKG-INFO\n'}
[2.094925] (musashi_rviz) StdoutLine: {'line': b'writing dependency_links to musashi_rviz.egg-info/dependency_links.txt\n'}
[2.094993] (musashi_rviz) StdoutLine: {'line': b'writing entry points to musashi_rviz.egg-info/entry_points.txt\n'}
[2.095042] (musashi_rviz) StdoutLine: {'line': b'writing requirements to musashi_rviz.egg-info/requires.txt\n'}
[2.095203] (musashi_rviz) StdoutLine: {'line': b'writing top-level names to musashi_rviz.egg-info/top_level.txt\n'}
[2.096857] (musashi_rviz) StdoutLine: {'line': b"reading manifest file 'musashi_rviz.egg-info/SOURCES.txt'\n"}
[2.097408] (musashi_rviz) StdoutLine: {'line': b"writing manifest file 'musashi_rviz.egg-info/SOURCES.txt'\n"}
[2.098688] (musashi_rviz) StdoutLine: {'line': b'running build_ext\n'}
[2.098895] (musashi_rviz) StdoutLine: {'line': b'Creating /home/aviken/colcon_ws/install/musashi_rviz/lib/python3.10/site-packages/musashi-rviz.egg-link (link to .)\n'}
[2.099505] (musashi_rviz) StdoutLine: {'line': b'Installing node_field_publisher script to /home/aviken/colcon_ws/install/musashi_rviz/lib/musashi_rviz\n'}
[2.099579] (musashi_rviz) StdoutLine: {'line': b'Installing node_sample01_tf_publisher script to /home/aviken/colcon_ws/install/musashi_rviz/lib/musashi_rviz\n'}
[2.099805] (musashi_rviz) StdoutLine: {'line': b'\n'}
[2.099871] (musashi_rviz) StdoutLine: {'line': b'Installed /home/aviken/colcon_ws/build/musashi_rviz\n'}
[2.099910] (musashi_rviz) StdoutLine: {'line': b'running symlink_data\n'}
[2.103920] (-) TimerEvent: {}
[2.116117] (musashi_rviz) CommandEnded: {'returncode': 0}
[2.120811] (musashi_rviz) JobEnded: {'identifier': 'musashi_rviz', 'rc': 0}
[2.121409] (-) EventReactorShutdown: {}
