[0.068s] DEBUG:colcon:Command line arguments: ['/usr/bin/colcon', 'build', '--symlink-install', '--packages-ignore', 'musashi_movebase']
[0.068s] DEBUG:colcon:Parsed command line arguments: Namespace(log_base=None, log_level=None, verb_name='build', build_base='build', install_base='install', merge_install=False, symlink_install=True, test_result_base=None, continue_on_error=False, executor='parallel', parallel_workers=16, event_handlers=None, ignore_user_meta=False, metas=['./colcon.meta'], base_paths=['.'], packages_ignore=['musashi_movebase'], packages_ignore_regex=None, paths=None, packages_up_to=None, packages_up_to_regex=None, packages_above=None, packages_above_and_dependencies=None, packages_above_depth=None, packages_select_by_dep=None, packages_skip_by_dep=None, packages_skip_up_to=None, packages_select_build_failed=False, packages_skip_build_finished=False, packages_select_test_failures=False, packages_skip_test_passed=False, packages_select=None, packages_skip=None, packages_select_regex=None, packages_skip_regex=None, packages_start=None, packages_end=None, allow_overriding=[], cmake_args=None, cmake_target=None, cmake_target_skip_unavailable=False, cmake_clean_cache=False, cmake_clean_first=False, cmake_force_configure=False, ament_cmake_args=None, catkin_cmake_args=None, catkin_skip_building_tests=False, verb_parser=<colcon_defaults.argument_parser.defaults.DefaultArgumentsDecorator object at 0x789ffce64040>, verb_extension=<colcon_core.verb.build.BuildVerb object at 0x789ffcf89480>, main=<bound method BuildVerb.main of <colcon_core.verb.build.BuildVerb object at 0x789ffcf89480>>)
[0.172s] Level 1:colcon.colcon_core.package_discovery:discover_packages(colcon_meta) check parameters
[0.172s] Level 1:colcon.colcon_core.package_discovery:discover_packages(recursive) check parameters
[0.172s] Level 1:colcon.colcon_core.package_discovery:discover_packages(ignore) check parameters
[0.172s] Level 1:colcon.colcon_core.package_discovery:discover_packages(path) check parameters
[0.172s] Level 1:colcon.colcon_core.package_discovery:discover_packages(colcon_meta) discover
[0.172s] Level 1:colcon.colcon_core.package_discovery:discover_packages(recursive) discover
[0.172s] INFO:colcon.colcon_core.package_discovery:Crawling recursively for packages in '/home/aviken/colcon_ws'
[0.172s] Level 1:colcon.colcon_core.package_identification:_identify(.) by extensions ['ignore', 'ignore_ament_install']
[0.172s] Level 1:colcon.colcon_core.package_identification:_identify(.) by extension 'ignore'
[0.172s] Level 1:colcon.colcon_core.package_identification:_identify(.) by extension 'ignore_ament_install'
[0.172s] Level 1:colcon.colcon_core.package_identification:_identify(.) by extensions ['colcon_pkg']
[0.172s] Level 1:colcon.colcon_core.package_identification:_identify(.) by extension 'colcon_pkg'
[0.172s] Level 1:colcon.colcon_core.package_identification:_identify(.) by extensions ['colcon_meta']
[0.172s] Level 1:colcon.colcon_core.package_identification:_identify(.) by extension 'colcon_meta'
[0.172s] Level 1:colcon.colcon_core.package_identification:_identify(.) by extensions ['ros']
[0.172s] Level 1:colcon.colcon_core.package_identification:_identify(.) by extension 'ros'
[0.182s] Level 1:colcon.colcon_core.package_identification:_identify(.) by extensions ['cmake', 'python']
[0.182s] Level 1:colcon.colcon_core.package_identification:_identify(.) by extension 'cmake'
[0.182s] Level 1:colcon.colcon_core.package_identification:_identify(.) by extension 'python'
[0.182s] Level 1:colcon.colcon_core.package_identification:_identify(.) by extensions ['python_setup_py']
[0.182s] Level 1:colcon.colcon_core.package_identification:_identify(.) by extension 'python_setup_py'
[0.182s] Level 1:colcon.colcon_core.package_identification:_identify(build) by extensions ['ignore', 'ignore_ament_install']
[0.182s] Level 1:colcon.colcon_core.package_identification:_identify(build) by extension 'ignore'
[0.182s] Level 1:colcon.colcon_core.package_identification:_identify(build) ignored
[0.182s] Level 1:colcon.colcon_core.package_identification:_identify(install) by extensions ['ignore', 'ignore_ament_install']
[0.183s] Level 1:colcon.colcon_core.package_identification:_identify(install) by extension 'ignore'
[0.183s] Level 1:colcon.colcon_core.package_identification:_identify(install) ignored
[0.183s] Level 1:colcon.colcon_core.package_identification:_identify(log) by extensions ['ignore', 'ignore_ament_install']
[0.183s] Level 1:colcon.colcon_core.package_identification:_identify(log) by extension 'ignore'
[0.183s] Level 1:colcon.colcon_core.package_identification:_identify(log) ignored
[0.183s] Level 1:colcon.colcon_core.package_identification:_identify(src) by extensions ['ignore', 'ignore_ament_install']
[0.183s] Level 1:colcon.colcon_core.package_identification:_identify(src) by extension 'ignore'
[0.183s] Level 1:colcon.colcon_core.package_identification:_identify(src) by extension 'ignore_ament_install'
[0.183s] Level 1:colcon.colcon_core.package_identification:_identify(src) by extensions ['colcon_pkg']
[0.183s] Level 1:colcon.colcon_core.package_identification:_identify(src) by extension 'colcon_pkg'
[0.183s] Level 1:colcon.colcon_core.package_identification:_identify(src) by extensions ['colcon_meta']
[0.183s] Level 1:colcon.colcon_core.package_identification:_identify(src) by extension 'colcon_meta'
[0.183s] Level 1:colcon.colcon_core.package_identification:_identify(src) by extensions ['ros']
[0.183s] Level 1:colcon.colcon_core.package_identification:_identify(src) by extension 'ros'
[0.183s] Level 1:colcon.colcon_core.package_identification:_identify(src) by extensions ['cmake', 'python']
[0.183s] Level 1:colcon.colcon_core.package_identification:_identify(src) by extension 'cmake'
[0.183s] Level 1:colcon.colcon_core.package_identification:_identify(src) by extension 'python'
[0.183s] Level 1:colcon.colcon_core.package_identification:_identify(src) by extensions ['python_setup_py']
[0.183s] Level 1:colcon.colcon_core.package_identification:_identify(src) by extension 'python_setup_py'
[0.183s] Level 1:colcon.colcon_core.package_identification:_identify(src/musashi-ros2-humble) by extensions ['ignore', 'ignore_ament_install']
[0.183s] Level 1:colcon.colcon_core.package_identification:_identify(src/musashi-ros2-humble) by extension 'ignore'
[0.183s] Level 1:colcon.colcon_core.package_identification:_identify(src/musashi-ros2-humble) by extension 'ignore_ament_install'
[0.183s] Level 1:colcon.colcon_core.package_identification:_identify(src/musashi-ros2-humble) by extensions ['colcon_pkg']
[0.183s] Level 1:colcon.colcon_core.package_identification:_identify(src/musashi-ros2-humble) by extension 'colcon_pkg'
[0.183s] Level 1:colcon.colcon_core.package_identification:_identify(src/musashi-ros2-humble) by extensions ['colcon_meta']
[0.183s] Level 1:colcon.colcon_core.package_identification:_identify(src/musashi-ros2-humble) by extension 'colcon_meta'
[0.183s] Level 1:colcon.colcon_core.package_identification:_identify(src/musashi-ros2-humble) by extensions ['ros']
[0.183s] Level 1:colcon.colcon_core.package_identification:_identify(src/musashi-ros2-humble) by extension 'ros'
[0.183s] Level 1:colcon.colcon_core.package_identification:_identify(src/musashi-ros2-humble) by extensions ['cmake', 'python']
[0.183s] Level 1:colcon.colcon_core.package_identification:_identify(src/musashi-ros2-humble) by extension 'cmake'
[0.183s] Level 1:colcon.colcon_core.package_identification:_identify(src/musashi-ros2-humble) by extension 'python'
[0.183s] Level 1:colcon.colcon_core.package_identification:_identify(src/musashi-ros2-humble) by extensions ['python_setup_py']
[0.183s] Level 1:colcon.colcon_core.package_identification:_identify(src/musashi-ros2-humble) by extension 'python_setup_py'
[0.183s] Level 1:colcon.colcon_core.package_identification:_identify(src/musashi-ros2-humble/basestation) by extensions ['ignore', 'ignore_ament_install']
[0.184s] Level 1:colcon.colcon_core.package_identification:_identify(src/musashi-ros2-humble/basestation) by extension 'ignore'
[0.184s] Level 1:colcon.colcon_core.package_identification:_identify(src/musashi-ros2-humble/basestation) by extension 'ignore_ament_install'
[0.184s] Level 1:colcon.colcon_core.package_identification:_identify(src/musashi-ros2-humble/basestation) by extensions ['colcon_pkg']
[0.184s] Level 1:colcon.colcon_core.package_identification:_identify(src/musashi-ros2-humble/basestation) by extension 'colcon_pkg'
[0.184s] Level 1:colcon.colcon_core.package_identification:_identify(src/musashi-ros2-humble/basestation) by extensions ['colcon_meta']
[0.184s] Level 1:colcon.colcon_core.package_identification:_identify(src/musashi-ros2-humble/basestation) by extension 'colcon_meta'
[0.184s] Level 1:colcon.colcon_core.package_identification:_identify(src/musashi-ros2-humble/basestation) by extensions ['ros']
[0.184s] Level 1:colcon.colcon_core.package_identification:_identify(src/musashi-ros2-humble/basestation) by extension 'ros'
[0.184s] Level 1:colcon.colcon_core.package_identification:_identify(src/musashi-ros2-humble/basestation) by extensions ['cmake', 'python']
[0.184s] Level 1:colcon.colcon_core.package_identification:_identify(src/musashi-ros2-humble/basestation) by extension 'cmake'
[0.184s] Level 1:colcon.colcon_core.package_identification:_identify(src/musashi-ros2-humble/basestation) by extension 'python'
[0.184s] Level 1:colcon.colcon_core.package_identification:_identify(src/musashi-ros2-humble/basestation) by extensions ['python_setup_py']
[0.184s] Level 1:colcon.colcon_core.package_identification:_identify(src/musashi-ros2-humble/basestation) by extension 'python_setup_py'
[0.184s] Level 1:colcon.colcon_core.package_identification:_identify(src/musashi-ros2-humble/basestation/musashi_rqt_player_controller) by extensions ['ignore', 'ignore_ament_install']
[0.184s] Level 1:colcon.colcon_core.package_identification:_identify(src/musashi-ros2-humble/basestation/musashi_rqt_player_controller) by extension 'ignore'
[0.184s] Level 1:colcon.colcon_core.package_identification:_identify(src/musashi-ros2-humble/basestation/musashi_rqt_player_controller) by extension 'ignore_ament_install'
[0.184s] Level 1:colcon.colcon_core.package_identification:_identify(src/musashi-ros2-humble/basestation/musashi_rqt_player_controller) by extensions ['colcon_pkg']
[0.184s] Level 1:colcon.colcon_core.package_identification:_identify(src/musashi-ros2-humble/basestation/musashi_rqt_player_controller) by extension 'colcon_pkg'
[0.184s] Level 1:colcon.colcon_core.package_identification:_identify(src/musashi-ros2-humble/basestation/musashi_rqt_player_controller) by extensions ['colcon_meta']
[0.184s] Level 1:colcon.colcon_core.package_identification:_identify(src/musashi-ros2-humble/basestation/musashi_rqt_player_controller) by extension 'colcon_meta'
[0.184s] Level 1:colcon.colcon_core.package_identification:_identify(src/musashi-ros2-humble/basestation/musashi_rqt_player_controller) by extensions ['ros']
[0.184s] Level 1:colcon.colcon_core.package_identification:_identify(src/musashi-ros2-humble/basestation/musashi_rqt_player_controller) by extension 'ros'
[0.186s] DEBUG:colcon.colcon_core.package_identification:Package 'src/musashi-ros2-humble/basestation/musashi_rqt_player_controller' with type 'ros.ament_python' and name 'musashi_rqt_player_controller'
[0.186s] Level 1:colcon.colcon_core.package_identification:_identify(src/musashi-ros2-humble/basestation/musashi_rqt_player_server) by extensions ['ignore', 'ignore_ament_install']
[0.186s] Level 1:colcon.colcon_core.package_identification:_identify(src/musashi-ros2-humble/basestation/musashi_rqt_player_server) by extension 'ignore'
[0.186s] Level 1:colcon.colcon_core.package_identification:_identify(src/musashi-ros2-humble/basestation/musashi_rqt_player_server) by extension 'ignore_ament_install'
[0.186s] Level 1:colcon.colcon_core.package_identification:_identify(src/musashi-ros2-humble/basestation/musashi_rqt_player_server) by extensions ['colcon_pkg']
[0.186s] Level 1:colcon.colcon_core.package_identification:_identify(src/musashi-ros2-humble/basestation/musashi_rqt_player_server) by extension 'colcon_pkg'
[0.186s] Level 1:colcon.colcon_core.package_identification:_identify(src/musashi-ros2-humble/basestation/musashi_rqt_player_server) by extensions ['colcon_meta']
[0.186s] Level 1:colcon.colcon_core.package_identification:_identify(src/musashi-ros2-humble/basestation/musashi_rqt_player_server) by extension 'colcon_meta'
[0.186s] Level 1:colcon.colcon_core.package_identification:_identify(src/musashi-ros2-humble/basestation/musashi_rqt_player_server) by extensions ['ros']
[0.186s] Level 1:colcon.colcon_core.package_identification:_identify(src/musashi-ros2-humble/basestation/musashi_rqt_player_server) by extension 'ros'
[0.187s] DEBUG:colcon.colcon_core.package_identification:Package 'src/musashi-ros2-humble/basestation/musashi_rqt_player_server' with type 'ros.ament_python' and name 'musashi_rqt_player_server'
[0.187s] Level 1:colcon.colcon_core.package_identification:_identify(src/musashi-ros2-humble/basestation/musashi_rqt_refereebox_client) by extensions ['ignore', 'ignore_ament_install']
[0.187s] Level 1:colcon.colcon_core.package_identification:_identify(src/musashi-ros2-humble/basestation/musashi_rqt_refereebox_client) by extension 'ignore'
[0.187s] Level 1:colcon.colcon_core.package_identification:_identify(src/musashi-ros2-humble/basestation/musashi_rqt_refereebox_client) by extension 'ignore_ament_install'
[0.187s] Level 1:colcon.colcon_core.package_identification:_identify(src/musashi-ros2-humble/basestation/musashi_rqt_refereebox_client) by extensions ['colcon_pkg']
[0.187s] Level 1:colcon.colcon_core.package_identification:_identify(src/musashi-ros2-humble/basestation/musashi_rqt_refereebox_client) by extension 'colcon_pkg'
[0.187s] Level 1:colcon.colcon_core.package_identification:_identify(src/musashi-ros2-humble/basestation/musashi_rqt_refereebox_client) by extensions ['colcon_meta']
[0.187s] Level 1:colcon.colcon_core.package_identification:_identify(src/musashi-ros2-humble/basestation/musashi_rqt_refereebox_client) by extension 'colcon_meta'
[0.187s] Level 1:colcon.colcon_core.package_identification:_identify(src/musashi-ros2-humble/basestation/musashi_rqt_refereebox_client) by extensions ['ros']
[0.187s] Level 1:colcon.colcon_core.package_identification:_identify(src/musashi-ros2-humble/basestation/musashi_rqt_refereebox_client) by extension 'ros'
[0.188s] DEBUG:colcon.colcon_core.package_identification:Package 'src/musashi-ros2-humble/basestation/musashi_rqt_refereebox_client' with type 'ros.ament_python' and name 'musashi_rqt_refereebox_client'
[0.188s] Level 1:colcon.colcon_core.package_identification:_identify(src/musashi-ros2-humble/basestation/musashi_rviz) by extensions ['ignore', 'ignore_ament_install']
[0.188s] Level 1:colcon.colcon_core.package_identification:_identify(src/musashi-ros2-humble/basestation/musashi_rviz) by extension 'ignore'
[0.188s] Level 1:colcon.colcon_core.package_identification:_identify(src/musashi-ros2-humble/basestation/musashi_rviz) by extension 'ignore_ament_install'
[0.188s] Level 1:colcon.colcon_core.package_identification:_identify(src/musashi-ros2-humble/basestation/musashi_rviz) by extensions ['colcon_pkg']
[0.188s] Level 1:colcon.colcon_core.package_identification:_identify(src/musashi-ros2-humble/basestation/musashi_rviz) by extension 'colcon_pkg'
[0.188s] Level 1:colcon.colcon_core.package_identification:_identify(src/musashi-ros2-humble/basestation/musashi_rviz) by extensions ['colcon_meta']
[0.188s] Level 1:colcon.colcon_core.package_identification:_identify(src/musashi-ros2-humble/basestation/musashi_rviz) by extension 'colcon_meta'
[0.188s] Level 1:colcon.colcon_core.package_identification:_identify(src/musashi-ros2-humble/basestation/musashi_rviz) by extensions ['ros']
[0.188s] Level 1:colcon.colcon_core.package_identification:_identify(src/musashi-ros2-humble/basestation/musashi_rviz) by extension 'ros'
[0.188s] DEBUG:colcon.colcon_core.package_identification:Package 'src/musashi-ros2-humble/basestation/musashi_rviz' with type 'ros.ament_python' and name 'musashi_rviz'
[0.188s] Level 1:colcon.colcon_core.package_identification:_identify(src/musashi-ros2-humble/behavior) by extensions ['ignore', 'ignore_ament_install']
[0.188s] Level 1:colcon.colcon_core.package_identification:_identify(src/musashi-ros2-humble/behavior) by extension 'ignore'
[0.188s] Level 1:colcon.colcon_core.package_identification:_identify(src/musashi-ros2-humble/behavior) by extension 'ignore_ament_install'
[0.188s] Level 1:colcon.colcon_core.package_identification:_identify(src/musashi-ros2-humble/behavior) by extensions ['colcon_pkg']
[0.188s] Level 1:colcon.colcon_core.package_identification:_identify(src/musashi-ros2-humble/behavior) by extension 'colcon_pkg'
[0.188s] Level 1:colcon.colcon_core.package_identification:_identify(src/musashi-ros2-humble/behavior) by extensions ['colcon_meta']
[0.189s] Level 1:colcon.colcon_core.package_identification:_identify(src/musashi-ros2-humble/behavior) by extension 'colcon_meta'
[0.189s] Level 1:colcon.colcon_core.package_identification:_identify(src/musashi-ros2-humble/behavior) by extensions ['ros']
[0.189s] Level 1:colcon.colcon_core.package_identification:_identify(src/musashi-ros2-humble/behavior) by extension 'ros'
[0.189s] Level 1:colcon.colcon_core.package_identification:_identify(src/musashi-ros2-humble/behavior) by extensions ['cmake', 'python']
[0.189s] Level 1:colcon.colcon_core.package_identification:_identify(src/musashi-ros2-humble/behavior) by extension 'cmake'
[0.189s] Level 1:colcon.colcon_core.package_identification:_identify(src/musashi-ros2-humble/behavior) by extension 'python'
[0.189s] Level 1:colcon.colcon_core.package_identification:_identify(src/musashi-ros2-humble/behavior) by extensions ['python_setup_py']
[0.189s] Level 1:colcon.colcon_core.package_identification:_identify(src/musashi-ros2-humble/behavior) by extension 'python_setup_py'
[0.189s] Level 1:colcon.colcon_core.package_identification:_identify(src/musashi-ros2-humble/communication) by extensions ['ignore', 'ignore_ament_install']
[0.189s] Level 1:colcon.colcon_core.package_identification:_identify(src/musashi-ros2-humble/communication) by extension 'ignore'
[0.189s] Level 1:colcon.colcon_core.package_identification:_identify(src/musashi-ros2-humble/communication) by extension 'ignore_ament_install'
[0.189s] Level 1:colcon.colcon_core.package_identification:_identify(src/musashi-ros2-humble/communication) by extensions ['colcon_pkg']
[0.189s] Level 1:colcon.colcon_core.package_identification:_identify(src/musashi-ros2-humble/communication) by extension 'colcon_pkg'
[0.189s] Level 1:colcon.colcon_core.package_identification:_identify(src/musashi-ros2-humble/communication) by extensions ['colcon_meta']
[0.189s] Level 1:colcon.colcon_core.package_identification:_identify(src/musashi-ros2-humble/communication) by extension 'colcon_meta'
[0.189s] Level 1:colcon.colcon_core.package_identification:_identify(src/musashi-ros2-humble/communication) by extensions ['ros']
[0.189s] Level 1:colcon.colcon_core.package_identification:_identify(src/musashi-ros2-humble/communication) by extension 'ros'
[0.189s] Level 1:colcon.colcon_core.package_identification:_identify(src/musashi-ros2-humble/communication) by extensions ['cmake', 'python']
[0.189s] Level 1:colcon.colcon_core.package_identification:_identify(src/musashi-ros2-humble/communication) by extension 'cmake'
[0.189s] Level 1:colcon.colcon_core.package_identification:_identify(src/musashi-ros2-humble/communication) by extension 'python'
[0.189s] Level 1:colcon.colcon_core.package_identification:_identify(src/musashi-ros2-humble/communication) by extensions ['python_setup_py']
[0.189s] Level 1:colcon.colcon_core.package_identification:_identify(src/musashi-ros2-humble/communication) by extension 'python_setup_py'
[0.189s] Level 1:colcon.colcon_core.package_identification:_identify(src/musashi-ros2-humble/communication/musashi_basestation_client) by extensions ['ignore', 'ignore_ament_install']
[0.189s] Level 1:colcon.colcon_core.package_identification:_identify(src/musashi-ros2-humble/communication/musashi_basestation_client) by extension 'ignore'
[0.189s] Level 1:colcon.colcon_core.package_identification:_identify(src/musashi-ros2-humble/communication/musashi_basestation_client) by extension 'ignore_ament_install'
[0.189s] Level 1:colcon.colcon_core.package_identification:_identify(src/musashi-ros2-humble/communication/musashi_basestation_client) by extensions ['colcon_pkg']
[0.189s] Level 1:colcon.colcon_core.package_identification:_identify(src/musashi-ros2-humble/communication/musashi_basestation_client) by extension 'colcon_pkg'
[0.189s] Level 1:colcon.colcon_core.package_identification:_identify(src/musashi-ros2-humble/communication/musashi_basestation_client) by extensions ['colcon_meta']
[0.189s] Level 1:colcon.colcon_core.package_identification:_identify(src/musashi-ros2-humble/communication/musashi_basestation_client) by extension 'colcon_meta'
[0.189s] Level 1:colcon.colcon_core.package_identification:_identify(src/musashi-ros2-humble/communication/musashi_basestation_client) by extensions ['ros']
[0.189s] Level 1:colcon.colcon_core.package_identification:_identify(src/musashi-ros2-humble/communication/musashi_basestation_client) by extension 'ros'
[0.190s] DEBUG:colcon.colcon_core.package_identification:Package 'src/musashi-ros2-humble/communication/musashi_basestation_client' with type 'ros.ament_python' and name 'musashi_basestation_client'
[0.190s] Level 1:colcon.colcon_core.package_identification:_identify(src/musashi-ros2-humble/hardware) by extensions ['ignore', 'ignore_ament_install']
[0.190s] Level 1:colcon.colcon_core.package_identification:_identify(src/musashi-ros2-humble/hardware) by extension 'ignore'
[0.190s] Level 1:colcon.colcon_core.package_identification:_identify(src/musashi-ros2-humble/hardware) by extension 'ignore_ament_install'
[0.190s] Level 1:colcon.colcon_core.package_identification:_identify(src/musashi-ros2-humble/hardware) by extensions ['colcon_pkg']
[0.190s] Level 1:colcon.colcon_core.package_identification:_identify(src/musashi-ros2-humble/hardware) by extension 'colcon_pkg'
[0.190s] Level 1:colcon.colcon_core.package_identification:_identify(src/musashi-ros2-humble/hardware) by extensions ['colcon_meta']
[0.190s] Level 1:colcon.colcon_core.package_identification:_identify(src/musashi-ros2-humble/hardware) by extension 'colcon_meta'
[0.190s] Level 1:colcon.colcon_core.package_identification:_identify(src/musashi-ros2-humble/hardware) by extensions ['ros']
[0.190s] Level 1:colcon.colcon_core.package_identification:_identify(src/musashi-ros2-humble/hardware) by extension 'ros'
[0.190s] Level 1:colcon.colcon_core.package_identification:_identify(src/musashi-ros2-humble/hardware) by extensions ['cmake', 'python']
[0.190s] Level 1:colcon.colcon_core.package_identification:_identify(src/musashi-ros2-humble/hardware) by extension 'cmake'
[0.190s] Level 1:colcon.colcon_core.package_identification:_identify(src/musashi-ros2-humble/hardware) by extension 'python'
[0.190s] Level 1:colcon.colcon_core.package_identification:_identify(src/musashi-ros2-humble/hardware) by extensions ['python_setup_py']
[0.190s] Level 1:colcon.colcon_core.package_identification:_identify(src/musashi-ros2-humble/hardware) by extension 'python_setup_py'
[0.190s] Level 1:colcon.colcon_core.package_identification:_identify(src/musashi-ros2-humble/hardware/musashi_camera) by extensions ['ignore', 'ignore_ament_install']
[0.190s] Level 1:colcon.colcon_core.package_identification:_identify(src/musashi-ros2-humble/hardware/musashi_camera) by extension 'ignore'
[0.190s] Level 1:colcon.colcon_core.package_identification:_identify(src/musashi-ros2-humble/hardware/musashi_camera) by extension 'ignore_ament_install'
[0.190s] Level 1:colcon.colcon_core.package_identification:_identify(src/musashi-ros2-humble/hardware/musashi_camera) by extensions ['colcon_pkg']
[0.190s] Level 1:colcon.colcon_core.package_identification:_identify(src/musashi-ros2-humble/hardware/musashi_camera) by extension 'colcon_pkg'
[0.190s] Level 1:colcon.colcon_core.package_identification:_identify(src/musashi-ros2-humble/hardware/musashi_camera) by extensions ['colcon_meta']
[0.190s] Level 1:colcon.colcon_core.package_identification:_identify(src/musashi-ros2-humble/hardware/musashi_camera) by extension 'colcon_meta'
[0.190s] Level 1:colcon.colcon_core.package_identification:_identify(src/musashi-ros2-humble/hardware/musashi_camera) by extensions ['ros']
[0.190s] Level 1:colcon.colcon_core.package_identification:_identify(src/musashi-ros2-humble/hardware/musashi_camera) by extension 'ros'
[0.191s] DEBUG:colcon.colcon_core.package_identification:Package 'src/musashi-ros2-humble/hardware/musashi_camera' with type 'ros.ament_python' and name 'musashi_camera'
[0.191s] Level 1:colcon.colcon_core.package_identification:_identify(src/musashi-ros2-humble/hardware/musashi_movebase) by extensions ['ignore', 'ignore_ament_install']
[0.191s] Level 1:colcon.colcon_core.package_identification:_identify(src/musashi-ros2-humble/hardware/musashi_movebase) by extension 'ignore'
[0.191s] Level 1:colcon.colcon_core.package_identification:_identify(src/musashi-ros2-humble/hardware/musashi_movebase) by extension 'ignore_ament_install'
[0.191s] Level 1:colcon.colcon_core.package_identification:_identify(src/musashi-ros2-humble/hardware/musashi_movebase) by extensions ['colcon_pkg']
[0.191s] Level 1:colcon.colcon_core.package_identification:_identify(src/musashi-ros2-humble/hardware/musashi_movebase) by extension 'colcon_pkg'
[0.191s] Level 1:colcon.colcon_core.package_identification:_identify(src/musashi-ros2-humble/hardware/musashi_movebase) by extensions ['colcon_meta']
[0.191s] Level 1:colcon.colcon_core.package_identification:_identify(src/musashi-ros2-humble/hardware/musashi_movebase) by extension 'colcon_meta'
[0.191s] Level 1:colcon.colcon_core.package_identification:_identify(src/musashi-ros2-humble/hardware/musashi_movebase) by extensions ['ros']
[0.191s] Level 1:colcon.colcon_core.package_identification:_identify(src/musashi-ros2-humble/hardware/musashi_movebase) by extension 'ros'
[0.191s] DEBUG:colcon.colcon_core.package_identification:Package 'src/musashi-ros2-humble/hardware/musashi_movebase' with type 'ros.ament_cmake' and name 'musashi_movebase'
[0.191s] Level 1:colcon.colcon_core.package_identification:_identify(src/musashi-ros2-humble/localization) by extensions ['ignore', 'ignore_ament_install']
[0.191s] Level 1:colcon.colcon_core.package_identification:_identify(src/musashi-ros2-humble/localization) by extension 'ignore'
[0.192s] Level 1:colcon.colcon_core.package_identification:_identify(src/musashi-ros2-humble/localization) by extension 'ignore_ament_install'
[0.192s] Level 1:colcon.colcon_core.package_identification:_identify(src/musashi-ros2-humble/localization) by extensions ['colcon_pkg']
[0.192s] Level 1:colcon.colcon_core.package_identification:_identify(src/musashi-ros2-humble/localization) by extension 'colcon_pkg'
[0.192s] Level 1:colcon.colcon_core.package_identification:_identify(src/musashi-ros2-humble/localization) by extensions ['colcon_meta']
[0.192s] Level 1:colcon.colcon_core.package_identification:_identify(src/musashi-ros2-humble/localization) by extension 'colcon_meta'
[0.192s] Level 1:colcon.colcon_core.package_identification:_identify(src/musashi-ros2-humble/localization) by extensions ['ros']
[0.192s] Level 1:colcon.colcon_core.package_identification:_identify(src/musashi-ros2-humble/localization) by extension 'ros'
[0.192s] Level 1:colcon.colcon_core.package_identification:_identify(src/musashi-ros2-humble/localization) by extensions ['cmake', 'python']
[0.192s] Level 1:colcon.colcon_core.package_identification:_identify(src/musashi-ros2-humble/localization) by extension 'cmake'
[0.192s] Level 1:colcon.colcon_core.package_identification:_identify(src/musashi-ros2-humble/localization) by extension 'python'
[0.192s] Level 1:colcon.colcon_core.package_identification:_identify(src/musashi-ros2-humble/localization) by extensions ['python_setup_py']
[0.192s] Level 1:colcon.colcon_core.package_identification:_identify(src/musashi-ros2-humble/localization) by extension 'python_setup_py'
[0.192s] Level 1:colcon.colcon_core.package_identification:_identify(src/musashi-ros2-humble/musashi_description) by extensions ['ignore', 'ignore_ament_install']
[0.192s] Level 1:colcon.colcon_core.package_identification:_identify(src/musashi-ros2-humble/musashi_description) by extension 'ignore'
[0.192s] Level 1:colcon.colcon_core.package_identification:_identify(src/musashi-ros2-humble/musashi_description) by extension 'ignore_ament_install'
[0.192s] Level 1:colcon.colcon_core.package_identification:_identify(src/musashi-ros2-humble/musashi_description) by extensions ['colcon_pkg']
[0.192s] Level 1:colcon.colcon_core.package_identification:_identify(src/musashi-ros2-humble/musashi_description) by extension 'colcon_pkg'
[0.192s] Level 1:colcon.colcon_core.package_identification:_identify(src/musashi-ros2-humble/musashi_description) by extensions ['colcon_meta']
[0.192s] Level 1:colcon.colcon_core.package_identification:_identify(src/musashi-ros2-humble/musashi_description) by extension 'colcon_meta'
[0.192s] Level 1:colcon.colcon_core.package_identification:_identify(src/musashi-ros2-humble/musashi_description) by extensions ['ros']
[0.192s] Level 1:colcon.colcon_core.package_identification:_identify(src/musashi-ros2-humble/musashi_description) by extension 'ros'
[0.192s] DEBUG:colcon.colcon_core.package_identification:Package 'src/musashi-ros2-humble/musashi_description' with type 'ros.ament_python' and name 'musashi_description'
[0.192s] Level 1:colcon.colcon_core.package_identification:_identify(src/musashi-ros2-humble/musashi_msgs) by extensions ['ignore', 'ignore_ament_install']
[0.193s] Level 1:colcon.colcon_core.package_identification:_identify(src/musashi-ros2-humble/musashi_msgs) by extension 'ignore'
[0.193s] Level 1:colcon.colcon_core.package_identification:_identify(src/musashi-ros2-humble/musashi_msgs) by extension 'ignore_ament_install'
[0.193s] Level 1:colcon.colcon_core.package_identification:_identify(src/musashi-ros2-humble/musashi_msgs) by extensions ['colcon_pkg']
[0.193s] Level 1:colcon.colcon_core.package_identification:_identify(src/musashi-ros2-humble/musashi_msgs) by extension 'colcon_pkg'
[0.193s] Level 1:colcon.colcon_core.package_identification:_identify(src/musashi-ros2-humble/musashi_msgs) by extensions ['colcon_meta']
[0.193s] Level 1:colcon.colcon_core.package_identification:_identify(src/musashi-ros2-humble/musashi_msgs) by extension 'colcon_meta'
[0.193s] Level 1:colcon.colcon_core.package_identification:_identify(src/musashi-ros2-humble/musashi_msgs) by extensions ['ros']
[0.193s] Level 1:colcon.colcon_core.package_identification:_identify(src/musashi-ros2-humble/musashi_msgs) by extension 'ros'
[0.193s] DEBUG:colcon.colcon_core.package_identification:Package 'src/musashi-ros2-humble/musashi_msgs' with type 'ros.ament_cmake' and name 'musashi_msgs'
[0.193s] Level 1:colcon.colcon_core.package_identification:_identify(src/musashi-ros2-humble/perception) by extensions ['ignore', 'ignore_ament_install']
[0.193s] Level 1:colcon.colcon_core.package_identification:_identify(src/musashi-ros2-humble/perception) by extension 'ignore'
[0.193s] Level 1:colcon.colcon_core.package_identification:_identify(src/musashi-ros2-humble/perception) by extension 'ignore_ament_install'
[0.193s] Level 1:colcon.colcon_core.package_identification:_identify(src/musashi-ros2-humble/perception) by extensions ['colcon_pkg']
[0.193s] Level 1:colcon.colcon_core.package_identification:_identify(src/musashi-ros2-humble/perception) by extension 'colcon_pkg'
[0.193s] Level 1:colcon.colcon_core.package_identification:_identify(src/musashi-ros2-humble/perception) by extensions ['colcon_meta']
[0.193s] Level 1:colcon.colcon_core.package_identification:_identify(src/musashi-ros2-humble/perception) by extension 'colcon_meta'
[0.193s] Level 1:colcon.colcon_core.package_identification:_identify(src/musashi-ros2-humble/perception) by extensions ['ros']
[0.193s] Level 1:colcon.colcon_core.package_identification:_identify(src/musashi-ros2-humble/perception) by extension 'ros'
[0.193s] Level 1:colcon.colcon_core.package_identification:_identify(src/musashi-ros2-humble/perception) by extensions ['cmake', 'python']
[0.193s] Level 1:colcon.colcon_core.package_identification:_identify(src/musashi-ros2-humble/perception) by extension 'cmake'
[0.193s] Level 1:colcon.colcon_core.package_identification:_identify(src/musashi-ros2-humble/perception) by extension 'python'
[0.193s] Level 1:colcon.colcon_core.package_identification:_identify(src/musashi-ros2-humble/perception) by extensions ['python_setup_py']
[0.193s] Level 1:colcon.colcon_core.package_identification:_identify(src/musashi-ros2-humble/perception) by extension 'python_setup_py'
[0.193s] Level 1:colcon.colcon_core.package_discovery:discover_packages(recursive) using defaults
[0.194s] Level 1:colcon.colcon_core.package_discovery:discover_packages(ignore) discover
[0.194s] Level 1:colcon.colcon_core.package_discovery:discover_packages(ignore) using defaults
[0.194s] Level 1:colcon.colcon_core.package_discovery:discover_packages(path) discover
[0.194s] Level 1:colcon.colcon_core.package_discovery:discover_packages(path) using defaults
[0.213s] Level 1:colcon.colcon_core.package_discovery:discover_packages(prefix_path) check parameters
[0.213s] Level 1:colcon.colcon_core.package_discovery:discover_packages(prefix_path) discover
[0.215s] DEBUG:colcon.colcon_installed_package_information.package_discovery:Found 21 installed packages in /home/aviken/turtlebot3_ws/install
[0.215s] DEBUG:colcon.colcon_installed_package_information.package_discovery:Found 9 installed packages in /home/aviken/colcon_ws/install
[0.216s] DEBUG:colcon.colcon_installed_package_information.package_discovery:Found 398 installed packages in /opt/ros/humble
[0.217s] Level 1:colcon.colcon_core.package_discovery:discover_packages(prefix_path) using defaults
[0.245s] WARNING:colcon.colcon_core.package_selection:Some selected packages are already built in one or more underlay workspaces:
	'musashi_msgs' is in: /home/aviken/colcon_ws/install/musashi_msgs
If a package in a merged underlay workspace is overridden and it installs headers, then all packages in the overlay must sort their include directories by workspace order. Failure to do so may result in build failures or undefined behavior at run time.
If the overridden package is used by another package in any underlay, then the overriding package in the overlay must be API and ABI compatible or undefined behavior at run time may occur.

If you understand the risks and want to override a package anyways, add the following to the command line:
	--allow-overriding musashi_msgs

This may be promoted to an error in a future release of colcon-override-check.
[0.246s] Level 5:colcon.colcon_core.verb:set package 'musashi_basestation_client' build argument 'cmake_args' from command line to 'None'
[0.246s] Level 5:colcon.colcon_core.verb:set package 'musashi_basestation_client' build argument 'cmake_target' from command line to 'None'
[0.246s] Level 5:colcon.colcon_core.verb:set package 'musashi_basestation_client' build argument 'cmake_target_skip_unavailable' from command line to 'False'
[0.246s] Level 5:colcon.colcon_core.verb:set package 'musashi_basestation_client' build argument 'cmake_clean_cache' from command line to 'False'
[0.246s] Level 5:colcon.colcon_core.verb:set package 'musashi_basestation_client' build argument 'cmake_clean_first' from command line to 'False'
[0.246s] Level 5:colcon.colcon_core.verb:set package 'musashi_basestation_client' build argument 'cmake_force_configure' from command line to 'False'
[0.246s] Level 5:colcon.colcon_core.verb:set package 'musashi_basestation_client' build argument 'ament_cmake_args' from command line to 'None'
[0.246s] Level 5:colcon.colcon_core.verb:set package 'musashi_basestation_client' build argument 'catkin_cmake_args' from command line to 'None'
[0.246s] Level 5:colcon.colcon_core.verb:set package 'musashi_basestation_client' build argument 'catkin_skip_building_tests' from command line to 'False'
[0.246s] DEBUG:colcon.colcon_core.verb:Building package 'musashi_basestation_client' with the following arguments: {'ament_cmake_args': None, 'build_base': '/home/aviken/colcon_ws/build/musashi_basestation_client', 'catkin_cmake_args': None, 'catkin_skip_building_tests': False, 'cmake_args': None, 'cmake_clean_cache': False, 'cmake_clean_first': False, 'cmake_force_configure': False, 'cmake_target': None, 'cmake_target_skip_unavailable': False, 'install_base': '/home/aviken/colcon_ws/install/musashi_basestation_client', 'merge_install': False, 'path': '/home/aviken/colcon_ws/src/musashi-ros2-humble/communication/musashi_basestation_client', 'symlink_install': True, 'test_result_base': None}
[0.246s] Level 5:colcon.colcon_core.verb:set package 'musashi_camera' build argument 'cmake_args' from command line to 'None'
[0.246s] Level 5:colcon.colcon_core.verb:set package 'musashi_camera' build argument 'cmake_target' from command line to 'None'
[0.246s] Level 5:colcon.colcon_core.verb:set package 'musashi_camera' build argument 'cmake_target_skip_unavailable' from command line to 'False'
[0.246s] Level 5:colcon.colcon_core.verb:set package 'musashi_camera' build argument 'cmake_clean_cache' from command line to 'False'
[0.247s] Level 5:colcon.colcon_core.verb:set package 'musashi_camera' build argument 'cmake_clean_first' from command line to 'False'
[0.247s] Level 5:colcon.colcon_core.verb:set package 'musashi_camera' build argument 'cmake_force_configure' from command line to 'False'
[0.247s] Level 5:colcon.colcon_core.verb:set package 'musashi_camera' build argument 'ament_cmake_args' from command line to 'None'
[0.247s] Level 5:colcon.colcon_core.verb:set package 'musashi_camera' build argument 'catkin_cmake_args' from command line to 'None'
[0.247s] Level 5:colcon.colcon_core.verb:set package 'musashi_camera' build argument 'catkin_skip_building_tests' from command line to 'False'
[0.247s] DEBUG:colcon.colcon_core.verb:Building package 'musashi_camera' with the following arguments: {'ament_cmake_args': None, 'build_base': '/home/aviken/colcon_ws/build/musashi_camera', 'catkin_cmake_args': None, 'catkin_skip_building_tests': False, 'cmake_args': None, 'cmake_clean_cache': False, 'cmake_clean_first': False, 'cmake_force_configure': False, 'cmake_target': None, 'cmake_target_skip_unavailable': False, 'install_base': '/home/aviken/colcon_ws/install/musashi_camera', 'merge_install': False, 'path': '/home/aviken/colcon_ws/src/musashi-ros2-humble/hardware/musashi_camera', 'symlink_install': True, 'test_result_base': None}
[0.247s] Level 5:colcon.colcon_core.verb:set package 'musashi_description' build argument 'cmake_args' from command line to 'None'
[0.247s] Level 5:colcon.colcon_core.verb:set package 'musashi_description' build argument 'cmake_target' from command line to 'None'
[0.247s] Level 5:colcon.colcon_core.verb:set package 'musashi_description' build argument 'cmake_target_skip_unavailable' from command line to 'False'
[0.247s] Level 5:colcon.colcon_core.verb:set package 'musashi_description' build argument 'cmake_clean_cache' from command line to 'False'
[0.247s] Level 5:colcon.colcon_core.verb:set package 'musashi_description' build argument 'cmake_clean_first' from command line to 'False'
[0.247s] Level 5:colcon.colcon_core.verb:set package 'musashi_description' build argument 'cmake_force_configure' from command line to 'False'
[0.247s] Level 5:colcon.colcon_core.verb:set package 'musashi_description' build argument 'ament_cmake_args' from command line to 'None'
[0.247s] Level 5:colcon.colcon_core.verb:set package 'musashi_description' build argument 'catkin_cmake_args' from command line to 'None'
[0.247s] Level 5:colcon.colcon_core.verb:set package 'musashi_description' build argument 'catkin_skip_building_tests' from command line to 'False'
[0.247s] DEBUG:colcon.colcon_core.verb:Building package 'musashi_description' with the following arguments: {'ament_cmake_args': None, 'build_base': '/home/aviken/colcon_ws/build/musashi_description', 'catkin_cmake_args': None, 'catkin_skip_building_tests': False, 'cmake_args': None, 'cmake_clean_cache': False, 'cmake_clean_first': False, 'cmake_force_configure': False, 'cmake_target': None, 'cmake_target_skip_unavailable': False, 'install_base': '/home/aviken/colcon_ws/install/musashi_description', 'merge_install': False, 'path': '/home/aviken/colcon_ws/src/musashi-ros2-humble/musashi_description', 'symlink_install': True, 'test_result_base': None}
[0.247s] Level 5:colcon.colcon_core.verb:set package 'musashi_msgs' build argument 'cmake_args' from command line to 'None'
[0.247s] Level 5:colcon.colcon_core.verb:set package 'musashi_msgs' build argument 'cmake_target' from command line to 'None'
[0.247s] Level 5:colcon.colcon_core.verb:set package 'musashi_msgs' build argument 'cmake_target_skip_unavailable' from command line to 'False'
[0.247s] Level 5:colcon.colcon_core.verb:set package 'musashi_msgs' build argument 'cmake_clean_cache' from command line to 'False'
[0.247s] Level 5:colcon.colcon_core.verb:set package 'musashi_msgs' build argument 'cmake_clean_first' from command line to 'False'
[0.247s] Level 5:colcon.colcon_core.verb:set package 'musashi_msgs' build argument 'cmake_force_configure' from command line to 'False'
[0.247s] Level 5:colcon.colcon_core.verb:set package 'musashi_msgs' build argument 'ament_cmake_args' from command line to 'None'
[0.247s] Level 5:colcon.colcon_core.verb:set package 'musashi_msgs' build argument 'catkin_cmake_args' from command line to 'None'
[0.247s] Level 5:colcon.colcon_core.verb:set package 'musashi_msgs' build argument 'catkin_skip_building_tests' from command line to 'False'
[0.247s] DEBUG:colcon.colcon_core.verb:Building package 'musashi_msgs' with the following arguments: {'ament_cmake_args': None, 'build_base': '/home/aviken/colcon_ws/build/musashi_msgs', 'catkin_cmake_args': None, 'catkin_skip_building_tests': False, 'cmake_args': None, 'cmake_clean_cache': False, 'cmake_clean_first': False, 'cmake_force_configure': False, 'cmake_target': None, 'cmake_target_skip_unavailable': False, 'install_base': '/home/aviken/colcon_ws/install/musashi_msgs', 'merge_install': False, 'path': '/home/aviken/colcon_ws/src/musashi-ros2-humble/musashi_msgs', 'symlink_install': True, 'test_result_base': None}
[0.247s] Level 5:colcon.colcon_core.verb:set package 'musashi_rqt_player_controller' build argument 'cmake_args' from command line to 'None'
[0.247s] Level 5:colcon.colcon_core.verb:set package 'musashi_rqt_player_controller' build argument 'cmake_target' from command line to 'None'
[0.247s] Level 5:colcon.colcon_core.verb:set package 'musashi_rqt_player_controller' build argument 'cmake_target_skip_unavailable' from command line to 'False'
[0.247s] Level 5:colcon.colcon_core.verb:set package 'musashi_rqt_player_controller' build argument 'cmake_clean_cache' from command line to 'False'
[0.247s] Level 5:colcon.colcon_core.verb:set package 'musashi_rqt_player_controller' build argument 'cmake_clean_first' from command line to 'False'
[0.247s] Level 5:colcon.colcon_core.verb:set package 'musashi_rqt_player_controller' build argument 'cmake_force_configure' from command line to 'False'
[0.247s] Level 5:colcon.colcon_core.verb:set package 'musashi_rqt_player_controller' build argument 'ament_cmake_args' from command line to 'None'
[0.247s] Level 5:colcon.colcon_core.verb:set package 'musashi_rqt_player_controller' build argument 'catkin_cmake_args' from command line to 'None'
[0.247s] Level 5:colcon.colcon_core.verb:set package 'musashi_rqt_player_controller' build argument 'catkin_skip_building_tests' from command line to 'False'
[0.247s] DEBUG:colcon.colcon_core.verb:Building package 'musashi_rqt_player_controller' with the following arguments: {'ament_cmake_args': None, 'build_base': '/home/aviken/colcon_ws/build/musashi_rqt_player_controller', 'catkin_cmake_args': None, 'catkin_skip_building_tests': False, 'cmake_args': None, 'cmake_clean_cache': False, 'cmake_clean_first': False, 'cmake_force_configure': False, 'cmake_target': None, 'cmake_target_skip_unavailable': False, 'install_base': '/home/aviken/colcon_ws/install/musashi_rqt_player_controller', 'merge_install': False, 'path': '/home/aviken/colcon_ws/src/musashi-ros2-humble/basestation/musashi_rqt_player_controller', 'symlink_install': True, 'test_result_base': None}
[0.248s] Level 5:colcon.colcon_core.verb:set package 'musashi_rqt_player_server' build argument 'cmake_args' from command line to 'None'
[0.248s] Level 5:colcon.colcon_core.verb:set package 'musashi_rqt_player_server' build argument 'cmake_target' from command line to 'None'
[0.248s] Level 5:colcon.colcon_core.verb:set package 'musashi_rqt_player_server' build argument 'cmake_target_skip_unavailable' from command line to 'False'
[0.248s] Level 5:colcon.colcon_core.verb:set package 'musashi_rqt_player_server' build argument 'cmake_clean_cache' from command line to 'False'
[0.248s] Level 5:colcon.colcon_core.verb:set package 'musashi_rqt_player_server' build argument 'cmake_clean_first' from command line to 'False'
[0.248s] Level 5:colcon.colcon_core.verb:set package 'musashi_rqt_player_server' build argument 'cmake_force_configure' from command line to 'False'
[0.248s] Level 5:colcon.colcon_core.verb:set package 'musashi_rqt_player_server' build argument 'ament_cmake_args' from command line to 'None'
[0.248s] Level 5:colcon.colcon_core.verb:set package 'musashi_rqt_player_server' build argument 'catkin_cmake_args' from command line to 'None'
[0.248s] Level 5:colcon.colcon_core.verb:set package 'musashi_rqt_player_server' build argument 'catkin_skip_building_tests' from command line to 'False'
[0.248s] DEBUG:colcon.colcon_core.verb:Building package 'musashi_rqt_player_server' with the following arguments: {'ament_cmake_args': None, 'build_base': '/home/aviken/colcon_ws/build/musashi_rqt_player_server', 'catkin_cmake_args': None, 'catkin_skip_building_tests': False, 'cmake_args': None, 'cmake_clean_cache': False, 'cmake_clean_first': False, 'cmake_force_configure': False, 'cmake_target': None, 'cmake_target_skip_unavailable': False, 'install_base': '/home/aviken/colcon_ws/install/musashi_rqt_player_server', 'merge_install': False, 'path': '/home/aviken/colcon_ws/src/musashi-ros2-humble/basestation/musashi_rqt_player_server', 'symlink_install': True, 'test_result_base': None}
[0.248s] Level 5:colcon.colcon_core.verb:set package 'musashi_rqt_refereebox_client' build argument 'cmake_args' from command line to 'None'
[0.248s] Level 5:colcon.colcon_core.verb:set package 'musashi_rqt_refereebox_client' build argument 'cmake_target' from command line to 'None'
[0.248s] Level 5:colcon.colcon_core.verb:set package 'musashi_rqt_refereebox_client' build argument 'cmake_target_skip_unavailable' from command line to 'False'
[0.248s] Level 5:colcon.colcon_core.verb:set package 'musashi_rqt_refereebox_client' build argument 'cmake_clean_cache' from command line to 'False'
[0.248s] Level 5:colcon.colcon_core.verb:set package 'musashi_rqt_refereebox_client' build argument 'cmake_clean_first' from command line to 'False'
[0.248s] Level 5:colcon.colcon_core.verb:set package 'musashi_rqt_refereebox_client' build argument 'cmake_force_configure' from command line to 'False'
[0.248s] Level 5:colcon.colcon_core.verb:set package 'musashi_rqt_refereebox_client' build argument 'ament_cmake_args' from command line to 'None'
[0.248s] Level 5:colcon.colcon_core.verb:set package 'musashi_rqt_refereebox_client' build argument 'catkin_cmake_args' from command line to 'None'
[0.248s] Level 5:colcon.colcon_core.verb:set package 'musashi_rqt_refereebox_client' build argument 'catkin_skip_building_tests' from command line to 'False'
[0.248s] DEBUG:colcon.colcon_core.verb:Building package 'musashi_rqt_refereebox_client' with the following arguments: {'ament_cmake_args': None, 'build_base': '/home/aviken/colcon_ws/build/musashi_rqt_refereebox_client', 'catkin_cmake_args': None, 'catkin_skip_building_tests': False, 'cmake_args': None, 'cmake_clean_cache': False, 'cmake_clean_first': False, 'cmake_force_configure': False, 'cmake_target': None, 'cmake_target_skip_unavailable': False, 'install_base': '/home/aviken/colcon_ws/install/musashi_rqt_refereebox_client', 'merge_install': False, 'path': '/home/aviken/colcon_ws/src/musashi-ros2-humble/basestation/musashi_rqt_refereebox_client', 'symlink_install': True, 'test_result_base': None}
[0.248s] Level 5:colcon.colcon_core.verb:set package 'musashi_rviz' build argument 'cmake_args' from command line to 'None'
[0.248s] Level 5:colcon.colcon_core.verb:set package 'musashi_rviz' build argument 'cmake_target' from command line to 'None'
[0.248s] Level 5:colcon.colcon_core.verb:set package 'musashi_rviz' build argument 'cmake_target_skip_unavailable' from command line to 'False'
[0.248s] Level 5:colcon.colcon_core.verb:set package 'musashi_rviz' build argument 'cmake_clean_cache' from command line to 'False'
[0.248s] Level 5:colcon.colcon_core.verb:set package 'musashi_rviz' build argument 'cmake_clean_first' from command line to 'False'
[0.248s] Level 5:colcon.colcon_core.verb:set package 'musashi_rviz' build argument 'cmake_force_configure' from command line to 'False'
[0.248s] Level 5:colcon.colcon_core.verb:set package 'musashi_rviz' build argument 'ament_cmake_args' from command line to 'None'
[0.248s] Level 5:colcon.colcon_core.verb:set package 'musashi_rviz' build argument 'catkin_cmake_args' from command line to 'None'
[0.248s] Level 5:colcon.colcon_core.verb:set package 'musashi_rviz' build argument 'catkin_skip_building_tests' from command line to 'False'
[0.248s] DEBUG:colcon.colcon_core.verb:Building package 'musashi_rviz' with the following arguments: {'ament_cmake_args': None, 'build_base': '/home/aviken/colcon_ws/build/musashi_rviz', 'catkin_cmake_args': None, 'catkin_skip_building_tests': False, 'cmake_args': None, 'cmake_clean_cache': False, 'cmake_clean_first': False, 'cmake_force_configure': False, 'cmake_target': None, 'cmake_target_skip_unavailable': False, 'install_base': '/home/aviken/colcon_ws/install/musashi_rviz', 'merge_install': False, 'path': '/home/aviken/colcon_ws/src/musashi-ros2-humble/basestation/musashi_rviz', 'symlink_install': True, 'test_result_base': None}
[0.248s] INFO:colcon.colcon_core.executor:Executing jobs using 'parallel' executor
[0.249s] DEBUG:colcon.colcon_parallel_executor.executor.parallel:run_until_complete
[0.249s] INFO:colcon.colcon_ros.task.ament_cmake.build:Building ROS package in '/home/aviken/colcon_ws/src/musashi-ros2-humble/musashi_msgs' with build type 'ament_cmake'
[0.250s] INFO:colcon.colcon_cmake.task.cmake.build:Building CMake package in '/home/aviken/colcon_ws/src/musashi-ros2-humble/musashi_msgs'
[0.251s] INFO:colcon.colcon_core.plugin_system:Skipping extension 'colcon_core.shell.bat': Not used on non-Windows systems
[0.251s] INFO:colcon.colcon_core.shell:Skip shell extension 'powershell' for command environment: Not usable outside of PowerShell
[0.251s] DEBUG:colcon.colcon_core.shell:Skip shell extension 'dsv' for command environment
[0.254s] INFO:colcon.colcon_ros.task.ament_python.build:Building ROS package in '/home/aviken/colcon_ws/src/musashi-ros2-humble/communication/musashi_basestation_client' with build type 'ament_python'
[0.254s] Level 1:colcon.colcon_core.shell:create_environment_hook('musashi_basestation_client', 'ament_prefix_path')
[0.254s] INFO:colcon.colcon_core.shell:Creating environment hook '/home/aviken/colcon_ws/install/musashi_basestation_client/share/musashi_basestation_client/hook/ament_prefix_path.ps1'
[0.255s] INFO:colcon.colcon_core.shell:Creating environment descriptor '/home/aviken/colcon_ws/install/musashi_basestation_client/share/musashi_basestation_client/hook/ament_prefix_path.dsv'
[0.255s] INFO:colcon.colcon_core.shell:Creating environment hook '/home/aviken/colcon_ws/install/musashi_basestation_client/share/musashi_basestation_client/hook/ament_prefix_path.sh'
[0.255s] INFO:colcon.colcon_core.shell:Skip shell extension 'powershell' for command environment: Not usable outside of PowerShell
[0.256s] DEBUG:colcon.colcon_core.shell:Skip shell extension 'dsv' for command environment
[0.258s] INFO:colcon.colcon_ros.task.ament_python.build:Building ROS package in '/home/aviken/colcon_ws/src/musashi-ros2-humble/hardware/musashi_camera' with build type 'ament_python'
[0.259s] Level 1:colcon.colcon_core.shell:create_environment_hook('musashi_camera', 'ament_prefix_path')
[0.259s] INFO:colcon.colcon_core.shell:Creating environment hook '/home/aviken/colcon_ws/install/musashi_camera/share/musashi_camera/hook/ament_prefix_path.ps1'
[0.259s] INFO:colcon.colcon_core.shell:Creating environment descriptor '/home/aviken/colcon_ws/install/musashi_camera/share/musashi_camera/hook/ament_prefix_path.dsv'
[0.259s] INFO:colcon.colcon_core.shell:Creating environment hook '/home/aviken/colcon_ws/install/musashi_camera/share/musashi_camera/hook/ament_prefix_path.sh'
[0.260s] INFO:colcon.colcon_core.shell:Skip shell extension 'powershell' for command environment: Not usable outside of PowerShell
[0.260s] DEBUG:colcon.colcon_core.shell:Skip shell extension 'dsv' for command environment
[0.262s] INFO:colcon.colcon_ros.task.ament_python.build:Building ROS package in '/home/aviken/colcon_ws/src/musashi-ros2-humble/musashi_description' with build type 'ament_python'
[0.263s] Level 1:colcon.colcon_core.shell:create_environment_hook('musashi_description', 'ament_prefix_path')
[0.263s] INFO:colcon.colcon_core.shell:Creating environment hook '/home/aviken/colcon_ws/install/musashi_description/share/musashi_description/hook/ament_prefix_path.ps1'
[0.263s] INFO:colcon.colcon_core.shell:Creating environment descriptor '/home/aviken/colcon_ws/install/musashi_description/share/musashi_description/hook/ament_prefix_path.dsv'
[0.263s] INFO:colcon.colcon_core.shell:Creating environment hook '/home/aviken/colcon_ws/install/musashi_description/share/musashi_description/hook/ament_prefix_path.sh'
[0.263s] INFO:colcon.colcon_core.shell:Skip shell extension 'powershell' for command environment: Not usable outside of PowerShell
[0.264s] DEBUG:colcon.colcon_core.shell:Skip shell extension 'dsv' for command environment
[0.267s] INFO:colcon.colcon_ros.task.ament_python.build:Building ROS package in '/home/aviken/colcon_ws/src/musashi-ros2-humble/basestation/musashi_rqt_player_controller' with build type 'ament_python'
[0.267s] Level 1:colcon.colcon_core.shell:create_environment_hook('musashi_rqt_player_controller', 'ament_prefix_path')
[0.267s] INFO:colcon.colcon_core.shell:Creating environment hook '/home/aviken/colcon_ws/install/musashi_rqt_player_controller/share/musashi_rqt_player_controller/hook/ament_prefix_path.ps1'
[0.267s] INFO:colcon.colcon_core.shell:Creating environment descriptor '/home/aviken/colcon_ws/install/musashi_rqt_player_controller/share/musashi_rqt_player_controller/hook/ament_prefix_path.dsv'
[0.267s] INFO:colcon.colcon_core.shell:Creating environment hook '/home/aviken/colcon_ws/install/musashi_rqt_player_controller/share/musashi_rqt_player_controller/hook/ament_prefix_path.sh'
[0.268s] INFO:colcon.colcon_core.shell:Skip shell extension 'powershell' for command environment: Not usable outside of PowerShell
[0.268s] DEBUG:colcon.colcon_core.shell:Skip shell extension 'dsv' for command environment
[0.270s] INFO:colcon.colcon_ros.task.ament_python.build:Building ROS package in '/home/aviken/colcon_ws/src/musashi-ros2-humble/basestation/musashi_rqt_player_server' with build type 'ament_python'
[0.270s] Level 1:colcon.colcon_core.shell:create_environment_hook('musashi_rqt_player_server', 'ament_prefix_path')
[0.271s] INFO:colcon.colcon_core.shell:Creating environment hook '/home/aviken/colcon_ws/install/musashi_rqt_player_server/share/musashi_rqt_player_server/hook/ament_prefix_path.ps1'
[0.271s] INFO:colcon.colcon_core.shell:Creating environment descriptor '/home/aviken/colcon_ws/install/musashi_rqt_player_server/share/musashi_rqt_player_server/hook/ament_prefix_path.dsv'
[0.271s] INFO:colcon.colcon_core.shell:Creating environment hook '/home/aviken/colcon_ws/install/musashi_rqt_player_server/share/musashi_rqt_player_server/hook/ament_prefix_path.sh'
[0.271s] INFO:colcon.colcon_core.shell:Skip shell extension 'powershell' for command environment: Not usable outside of PowerShell
[0.271s] DEBUG:colcon.colcon_core.shell:Skip shell extension 'dsv' for command environment
[0.274s] INFO:colcon.colcon_ros.task.ament_python.build:Building ROS package in '/home/aviken/colcon_ws/src/musashi-ros2-humble/basestation/musashi_rqt_refereebox_client' with build type 'ament_python'
[0.274s] Level 1:colcon.colcon_core.shell:create_environment_hook('musashi_rqt_refereebox_client', 'ament_prefix_path')
[0.274s] INFO:colcon.colcon_core.shell:Creating environment hook '/home/aviken/colcon_ws/install/musashi_rqt_refereebox_client/share/musashi_rqt_refereebox_client/hook/ament_prefix_path.ps1'
[0.275s] INFO:colcon.colcon_core.shell:Creating environment descriptor '/home/aviken/colcon_ws/install/musashi_rqt_refereebox_client/share/musashi_rqt_refereebox_client/hook/ament_prefix_path.dsv'
[0.275s] INFO:colcon.colcon_core.shell:Creating environment hook '/home/aviken/colcon_ws/install/musashi_rqt_refereebox_client/share/musashi_rqt_refereebox_client/hook/ament_prefix_path.sh'
[0.275s] INFO:colcon.colcon_core.shell:Skip shell extension 'powershell' for command environment: Not usable outside of PowerShell
[0.275s] DEBUG:colcon.colcon_core.shell:Skip shell extension 'dsv' for command environment
[0.281s] DEBUG:colcon.colcon_core.event_handler.log_command:Invoking command in '/home/aviken/colcon_ws/build/musashi_msgs': CMAKE_PREFIX_PATH=${CMAKE_PREFIX_PATH}:/home/aviken/turtlebot3_ws/install/turtlebot3_yolo_object_detection:/home/aviken/turtlebot3_ws/install/turtlebot3_teleop:/home/aviken/turtlebot3_ws/install/turtlebot3_ps4_teleop:/home/aviken/turtlebot3_ws/install/turtlebot3_example:/home/aviken/turtlebot3_ws/install/turtlebot3_automatic_parking_vision:/home/aviken/turtlebot3_ws/install/turtlebot3_automatic_parking:/home/aviken/turtlebot3_ws/install/turtlebot3_aruco_tracker:/home/aviken/colcon_ws/install/musashi_rviz:/home/aviken/colcon_ws/install/musashi_rqt_refereebox_client:/home/aviken/colcon_ws/install/musashi_rqt_player_server:/home/aviken/colcon_ws/install/musashi_rqt_player_controller:/home/aviken/colcon_ws/install/musashi_description:/home/aviken/colcon_ws/install/musashi_camera:/home/aviken/colcon_ws/install/musashi_basestation_client:/opt/ros/humble /usr/bin/cmake --build /home/aviken/colcon_ws/build/musashi_msgs -- -j16 -l16
[0.466s] INFO:colcon.colcon_core.task.python.build:Building Python package in '/home/aviken/colcon_ws/src/musashi-ros2-humble/communication/musashi_basestation_client'
[0.466s] INFO:colcon.colcon_core.shell:Skip shell extension 'powershell' for command environment: Not usable outside of PowerShell
[0.466s] DEBUG:colcon.colcon_core.shell:Skip shell extension 'dsv' for command environment
[0.668s] INFO:colcon.colcon_core.task.python.build:Building Python package in '/home/aviken/colcon_ws/src/musashi-ros2-humble/hardware/musashi_camera'
[0.668s] INFO:colcon.colcon_core.shell:Skip shell extension 'powershell' for command environment: Not usable outside of PowerShell
[0.668s] DEBUG:colcon.colcon_core.shell:Skip shell extension 'dsv' for command environment
[0.864s] INFO:colcon.colcon_core.task.python.build:Building Python package in '/home/aviken/colcon_ws/src/musashi-ros2-humble/musashi_description'
[0.865s] INFO:colcon.colcon_core.shell:Skip shell extension 'powershell' for command environment: Not usable outside of PowerShell
[0.865s] DEBUG:colcon.colcon_core.shell:Skip shell extension 'dsv' for command environment
[1.064s] INFO:colcon.colcon_core.task.python.build:Building Python package in '/home/aviken/colcon_ws/src/musashi-ros2-humble/basestation/musashi_rqt_player_controller'
[1.064s] INFO:colcon.colcon_core.shell:Skip shell extension 'powershell' for command environment: Not usable outside of PowerShell
[1.064s] DEBUG:colcon.colcon_core.shell:Skip shell extension 'dsv' for command environment
[1.260s] INFO:colcon.colcon_core.task.python.build:Building Python package in '/home/aviken/colcon_ws/src/musashi-ros2-humble/basestation/musashi_rqt_player_server'
[1.260s] INFO:colcon.colcon_core.shell:Skip shell extension 'powershell' for command environment: Not usable outside of PowerShell
[1.260s] DEBUG:colcon.colcon_core.shell:Skip shell extension 'dsv' for command environment
[1.433s] INFO:colcon.colcon_core.task.python.build:Building Python package in '/home/aviken/colcon_ws/src/musashi-ros2-humble/basestation/musashi_rqt_refereebox_client'
[1.433s] INFO:colcon.colcon_core.shell:Skip shell extension 'powershell' for command environment: Not usable outside of PowerShell
[1.434s] DEBUG:colcon.colcon_core.shell:Skip shell extension 'dsv' for command environment
[1.438s] DEBUG:colcon.colcon_core.event_handler.log_command:Invoked command in '/home/aviken/colcon_ws/build/musashi_msgs' returned '0': CMAKE_PREFIX_PATH=${CMAKE_PREFIX_PATH}:/home/aviken/turtlebot3_ws/install/turtlebot3_yolo_object_detection:/home/aviken/turtlebot3_ws/install/turtlebot3_teleop:/home/aviken/turtlebot3_ws/install/turtlebot3_ps4_teleop:/home/aviken/turtlebot3_ws/install/turtlebot3_example:/home/aviken/turtlebot3_ws/install/turtlebot3_automatic_parking_vision:/home/aviken/turtlebot3_ws/install/turtlebot3_automatic_parking:/home/aviken/turtlebot3_ws/install/turtlebot3_aruco_tracker:/home/aviken/colcon_ws/install/musashi_rviz:/home/aviken/colcon_ws/install/musashi_rqt_refereebox_client:/home/aviken/colcon_ws/install/musashi_rqt_player_server:/home/aviken/colcon_ws/install/musashi_rqt_player_controller:/home/aviken/colcon_ws/install/musashi_description:/home/aviken/colcon_ws/install/musashi_camera:/home/aviken/colcon_ws/install/musashi_basestation_client:/opt/ros/humble /usr/bin/cmake --build /home/aviken/colcon_ws/build/musashi_msgs -- -j16 -l16
[1.445s] DEBUG:colcon.colcon_core.event_handler.log_command:Invoking command in '/home/aviken/colcon_ws/build/musashi_msgs': CMAKE_PREFIX_PATH=${CMAKE_PREFIX_PATH}:/home/aviken/turtlebot3_ws/install/turtlebot3_yolo_object_detection:/home/aviken/turtlebot3_ws/install/turtlebot3_teleop:/home/aviken/turtlebot3_ws/install/turtlebot3_ps4_teleop:/home/aviken/turtlebot3_ws/install/turtlebot3_example:/home/aviken/turtlebot3_ws/install/turtlebot3_automatic_parking_vision:/home/aviken/turtlebot3_ws/install/turtlebot3_automatic_parking:/home/aviken/turtlebot3_ws/install/turtlebot3_aruco_tracker:/home/aviken/colcon_ws/install/musashi_rviz:/home/aviken/colcon_ws/install/musashi_rqt_refereebox_client:/home/aviken/colcon_ws/install/musashi_rqt_player_server:/home/aviken/colcon_ws/install/musashi_rqt_player_controller:/home/aviken/colcon_ws/install/musashi_description:/home/aviken/colcon_ws/install/musashi_camera:/home/aviken/colcon_ws/install/musashi_basestation_client:/opt/ros/humble /usr/bin/cmake --install /home/aviken/colcon_ws/build/musashi_msgs
[1.506s] Level 1:colcon.colcon_core.environment:create_environment_scripts_only(musashi_msgs)
[1.507s] DEBUG:colcon.colcon_core.event_handler.log_command:Invoked command in '/home/aviken/colcon_ws/build/musashi_msgs' returned '0': CMAKE_PREFIX_PATH=${CMAKE_PREFIX_PATH}:/home/aviken/turtlebot3_ws/install/turtlebot3_yolo_object_detection:/home/aviken/turtlebot3_ws/install/turtlebot3_teleop:/home/aviken/turtlebot3_ws/install/turtlebot3_ps4_teleop:/home/aviken/turtlebot3_ws/install/turtlebot3_example:/home/aviken/turtlebot3_ws/install/turtlebot3_automatic_parking_vision:/home/aviken/turtlebot3_ws/install/turtlebot3_automatic_parking:/home/aviken/turtlebot3_ws/install/turtlebot3_aruco_tracker:/home/aviken/colcon_ws/install/musashi_rviz:/home/aviken/colcon_ws/install/musashi_rqt_refereebox_client:/home/aviken/colcon_ws/install/musashi_rqt_player_server:/home/aviken/colcon_ws/install/musashi_rqt_player_controller:/home/aviken/colcon_ws/install/musashi_description:/home/aviken/colcon_ws/install/musashi_camera:/home/aviken/colcon_ws/install/musashi_basestation_client:/opt/ros/humble /usr/bin/cmake --install /home/aviken/colcon_ws/build/musashi_msgs
[1.510s] Level 1:colcon.colcon_core.environment:checking '/home/aviken/colcon_ws/install/musashi_msgs' for CMake module files
[1.510s] Level 1:colcon.colcon_core.environment:checking '/home/aviken/colcon_ws/install/musashi_msgs' for CMake config files
[1.511s] Level 1:colcon.colcon_core.shell:create_environment_hook('musashi_msgs', 'cmake_prefix_path')
[1.511s] INFO:colcon.colcon_core.shell:Creating environment hook '/home/aviken/colcon_ws/install/musashi_msgs/share/musashi_msgs/hook/cmake_prefix_path.ps1'
[1.511s] INFO:colcon.colcon_core.shell:Creating environment descriptor '/home/aviken/colcon_ws/install/musashi_msgs/share/musashi_msgs/hook/cmake_prefix_path.dsv'
[1.512s] INFO:colcon.colcon_core.shell:Creating environment hook '/home/aviken/colcon_ws/install/musashi_msgs/share/musashi_msgs/hook/cmake_prefix_path.sh'
[1.512s] Level 1:colcon.colcon_core.environment:checking '/home/aviken/colcon_ws/install/musashi_msgs/lib'
[1.513s] Level 1:colcon.colcon_core.shell:create_environment_hook('musashi_msgs', 'ld_library_path_lib')
[1.513s] INFO:colcon.colcon_core.shell:Creating environment hook '/home/aviken/colcon_ws/install/musashi_msgs/share/musashi_msgs/hook/ld_library_path_lib.ps1'
[1.513s] INFO:colcon.colcon_core.shell:Creating environment descriptor '/home/aviken/colcon_ws/install/musashi_msgs/share/musashi_msgs/hook/ld_library_path_lib.dsv'
[1.514s] INFO:colcon.colcon_core.shell:Creating environment hook '/home/aviken/colcon_ws/install/musashi_msgs/share/musashi_msgs/hook/ld_library_path_lib.sh'
[1.514s] Level 1:colcon.colcon_core.environment:checking '/home/aviken/colcon_ws/install/musashi_msgs/bin'
[1.514s] Level 1:colcon.colcon_core.environment:checking '/home/aviken/colcon_ws/install/musashi_msgs/lib/pkgconfig/musashi_msgs.pc'
[1.514s] Level 1:colcon.colcon_core.environment:checking '/home/aviken/colcon_ws/install/musashi_msgs/lib/python3.10/site-packages'
[1.514s] Level 1:colcon.colcon_core.environment:checking '/home/aviken/colcon_ws/install/musashi_msgs/bin'
[1.515s] INFO:colcon.colcon_core.shell:Creating package script '/home/aviken/colcon_ws/install/musashi_msgs/share/musashi_msgs/package.ps1'
[1.516s] INFO:colcon.colcon_core.shell:Creating package descriptor '/home/aviken/colcon_ws/install/musashi_msgs/share/musashi_msgs/package.dsv'
[1.516s] INFO:colcon.colcon_core.shell:Creating package script '/home/aviken/colcon_ws/install/musashi_msgs/share/musashi_msgs/package.sh'
[1.517s] INFO:colcon.colcon_core.shell:Creating package script '/home/aviken/colcon_ws/install/musashi_msgs/share/musashi_msgs/package.bash'
[1.518s] INFO:colcon.colcon_core.shell:Creating package script '/home/aviken/colcon_ws/install/musashi_msgs/share/musashi_msgs/package.zsh'
[1.519s] Level 1:colcon.colcon_core.environment:create_file_with_runtime_dependencies(/home/aviken/colcon_ws/install/musashi_msgs/share/colcon-core/packages/musashi_msgs)
[1.519s] Level 1:colcon.colcon_core.environment:create_environment_scripts_only(musashi_msgs)
[1.519s] Level 1:colcon.colcon_core.environment:checking '/home/aviken/colcon_ws/install/musashi_msgs' for CMake module files
[1.520s] Level 1:colcon.colcon_core.environment:checking '/home/aviken/colcon_ws/install/musashi_msgs' for CMake config files
[1.520s] Level 1:colcon.colcon_core.shell:create_environment_hook('musashi_msgs', 'cmake_prefix_path')
[1.521s] INFO:colcon.colcon_core.shell:Creating environment hook '/home/aviken/colcon_ws/install/musashi_msgs/share/musashi_msgs/hook/cmake_prefix_path.ps1'
[1.521s] INFO:colcon.colcon_core.shell:Creating environment descriptor '/home/aviken/colcon_ws/install/musashi_msgs/share/musashi_msgs/hook/cmake_prefix_path.dsv'
[1.522s] INFO:colcon.colcon_core.shell:Creating environment hook '/home/aviken/colcon_ws/install/musashi_msgs/share/musashi_msgs/hook/cmake_prefix_path.sh'
[1.522s] Level 1:colcon.colcon_core.environment:checking '/home/aviken/colcon_ws/install/musashi_msgs/lib'
[1.522s] Level 1:colcon.colcon_core.shell:create_environment_hook('musashi_msgs', 'ld_library_path_lib')
[1.522s] INFO:colcon.colcon_core.shell:Creating environment hook '/home/aviken/colcon_ws/install/musashi_msgs/share/musashi_msgs/hook/ld_library_path_lib.ps1'
[1.523s] INFO:colcon.colcon_core.shell:Creating environment descriptor '/home/aviken/colcon_ws/install/musashi_msgs/share/musashi_msgs/hook/ld_library_path_lib.dsv'
[1.523s] INFO:colcon.colcon_core.shell:Creating environment hook '/home/aviken/colcon_ws/install/musashi_msgs/share/musashi_msgs/hook/ld_library_path_lib.sh'
[1.523s] Level 1:colcon.colcon_core.environment:checking '/home/aviken/colcon_ws/install/musashi_msgs/bin'
[1.523s] Level 1:colcon.colcon_core.environment:checking '/home/aviken/colcon_ws/install/musashi_msgs/lib/pkgconfig/musashi_msgs.pc'
[1.524s] Level 1:colcon.colcon_core.environment:checking '/home/aviken/colcon_ws/install/musashi_msgs/lib/python3.10/site-packages'
[1.524s] Level 1:colcon.colcon_core.environment:checking '/home/aviken/colcon_ws/install/musashi_msgs/bin'
[1.524s] INFO:colcon.colcon_core.shell:Creating package script '/home/aviken/colcon_ws/install/musashi_msgs/share/musashi_msgs/package.ps1'
[1.525s] INFO:colcon.colcon_core.shell:Creating package descriptor '/home/aviken/colcon_ws/install/musashi_msgs/share/musashi_msgs/package.dsv'
[1.525s] INFO:colcon.colcon_core.shell:Creating package script '/home/aviken/colcon_ws/install/musashi_msgs/share/musashi_msgs/package.sh'
[1.526s] INFO:colcon.colcon_core.shell:Creating package script '/home/aviken/colcon_ws/install/musashi_msgs/share/musashi_msgs/package.bash'
[1.526s] INFO:colcon.colcon_core.shell:Creating package script '/home/aviken/colcon_ws/install/musashi_msgs/share/musashi_msgs/package.zsh'
[1.526s] Level 1:colcon.colcon_core.environment:create_file_with_runtime_dependencies(/home/aviken/colcon_ws/install/musashi_msgs/share/colcon-core/packages/musashi_msgs)
[1.527s] INFO:colcon.colcon_ros.task.ament_python.build:Building ROS package in '/home/aviken/colcon_ws/src/musashi-ros2-humble/basestation/musashi_rviz' with build type 'ament_python'
[1.527s] Level 1:colcon.colcon_core.shell:create_environment_hook('musashi_rviz', 'ament_prefix_path')
[1.527s] INFO:colcon.colcon_core.shell:Creating environment hook '/home/aviken/colcon_ws/install/musashi_rviz/share/musashi_rviz/hook/ament_prefix_path.ps1'
[1.528s] INFO:colcon.colcon_core.shell:Creating environment descriptor '/home/aviken/colcon_ws/install/musashi_rviz/share/musashi_rviz/hook/ament_prefix_path.dsv'
[1.528s] INFO:colcon.colcon_core.shell:Creating environment hook '/home/aviken/colcon_ws/install/musashi_rviz/share/musashi_rviz/hook/ament_prefix_path.sh'
[1.529s] INFO:colcon.colcon_core.shell:Skip shell extension 'powershell' for command environment: Not usable outside of PowerShell
[1.529s] DEBUG:colcon.colcon_core.shell:Skip shell extension 'dsv' for command environment
[1.734s] INFO:colcon.colcon_core.task.python.build:Building Python package in '/home/aviken/colcon_ws/src/musashi-ros2-humble/basestation/musashi_rviz'
[1.734s] INFO:colcon.colcon_core.shell:Skip shell extension 'powershell' for command environment: Not usable outside of PowerShell
[1.735s] DEBUG:colcon.colcon_core.shell:Skip shell extension 'dsv' for command environment
[1.740s] DEBUG:colcon.colcon_core.event_handler.log_command:Invoking command in '/home/aviken/colcon_ws/build/musashi_camera': PYTHONPATH=/home/aviken/colcon_ws/build/musashi_camera/prefix_override:/usr/lib/python3/dist-packages/colcon_core/task/python/colcon_distutils_commands:/home/aviken/colcon_ws/install/musashi_camera/lib/python3.10/site-packages:${PYTHONPATH} /usr/bin/python3 -W ignore:setup.py install is deprecated -W ignore:easy_install command is deprecated setup.py develop --editable --build-directory /home/aviken/colcon_ws/build/musashi_camera/build --no-deps symlink_data
[1.741s] DEBUG:colcon.colcon_core.event_handler.log_command:Invoking command in '/home/aviken/colcon_ws/build/musashi_basestation_client': PYTHONPATH=/home/aviken/colcon_ws/build/musashi_basestation_client/prefix_override:/usr/lib/python3/dist-packages/colcon_core/task/python/colcon_distutils_commands:/home/aviken/colcon_ws/install/musashi_basestation_client/lib/python3.10/site-packages:${PYTHONPATH} /usr/bin/python3 -W ignore:setup.py install is deprecated -W ignore:easy_install command is deprecated setup.py develop --editable --build-directory /home/aviken/colcon_ws/build/musashi_basestation_client/build --no-deps symlink_data
[1.742s] DEBUG:colcon.colcon_core.event_handler.log_command:Invoking command in '/home/aviken/colcon_ws/build/musashi_rqt_player_server': PYTHONPATH=/home/aviken/colcon_ws/build/musashi_rqt_player_server/prefix_override:/usr/lib/python3/dist-packages/colcon_core/task/python/colcon_distutils_commands:/home/aviken/colcon_ws/install/musashi_rqt_player_server/lib/python3.10/site-packages:${PYTHONPATH} /usr/bin/python3 -W ignore:setup.py install is deprecated -W ignore:easy_install command is deprecated setup.py develop --editable --build-directory /home/aviken/colcon_ws/build/musashi_rqt_player_server/build --no-deps symlink_data
[1.743s] DEBUG:colcon.colcon_core.event_handler.log_command:Invoking command in '/home/aviken/colcon_ws/build/musashi_rqt_player_controller': PYTHONPATH=/home/aviken/colcon_ws/build/musashi_rqt_player_controller/prefix_override:/usr/lib/python3/dist-packages/colcon_core/task/python/colcon_distutils_commands:/home/aviken/colcon_ws/install/musashi_rqt_player_controller/lib/python3.10/site-packages:${PYTHONPATH} /usr/bin/python3 -W ignore:setup.py install is deprecated -W ignore:easy_install command is deprecated setup.py develop --editable --build-directory /home/aviken/colcon_ws/build/musashi_rqt_player_controller/build --no-deps symlink_data
[1.744s] DEBUG:colcon.colcon_core.event_handler.log_command:Invoking command in '/home/aviken/colcon_ws/build/musashi_rqt_refereebox_client': PYTHONPATH=/home/aviken/colcon_ws/build/musashi_rqt_refereebox_client/prefix_override:/usr/lib/python3/dist-packages/colcon_core/task/python/colcon_distutils_commands:/home/aviken/colcon_ws/install/musashi_rqt_refereebox_client/lib/python3.10/site-packages:${PYTHONPATH} /usr/bin/python3 -W ignore:setup.py install is deprecated -W ignore:easy_install command is deprecated setup.py develop --editable --build-directory /home/aviken/colcon_ws/build/musashi_rqt_refereebox_client/build --no-deps symlink_data
[1.746s] DEBUG:colcon.colcon_core.event_handler.log_command:Invoking command in '/home/aviken/colcon_ws/build/musashi_description': PYTHONPATH=/home/aviken/colcon_ws/build/musashi_description/prefix_override:/usr/lib/python3/dist-packages/colcon_core/task/python/colcon_distutils_commands:/home/aviken/colcon_ws/install/musashi_description/lib/python3.10/site-packages:${PYTHONPATH} /usr/bin/python3 -W ignore:setup.py install is deprecated -W ignore:easy_install command is deprecated setup.py develop --editable --build-directory /home/aviken/colcon_ws/build/musashi_description/build --no-deps symlink_data
[2.032s] DEBUG:colcon.colcon_core.event_handler.log_command:Invoking command in '/home/aviken/colcon_ws/build/musashi_rviz': CMAKE_PREFIX_PATH=/home/aviken/colcon_ws/install/musashi_msgs:/home/aviken/turtlebot3_ws/install/turtlebot3_applications:/home/aviken/turtlebot3_ws/install/turtlebot3:/home/aviken/turtlebot3_ws/install/turtlebot3_panorama:/home/aviken/turtlebot3_ws/install/turtlebot3_bringup:/home/aviken/turtlebot3_ws/install/turtlebot3_node:/home/aviken/turtlebot3_ws/install/turtlebot3_navigation2:/home/aviken/turtlebot3_ws/install/turtlebot3_msgs:/home/aviken/turtlebot3_ws/install/turtlebot3_follower:/home/aviken/turtlebot3_ws/install/turtlebot3_description:/home/aviken/turtlebot3_ws/install/turtlebot3_cartographer:/home/aviken/turtlebot3_ws/install/turtlebot3_applications_msgs:/home/aviken/turtlebot3_ws/install/dynamixel_sdk_examples:/home/aviken/turtlebot3_ws/install/dynamixel_sdk_custom_interfaces:/home/aviken/turtlebot3_ws/install/dynamixel_sdk LD_LIBRARY_PATH=/home/aviken/colcon_ws/install/musashi_msgs/lib:/home/aviken/turtlebot3_ws/install/turtlebot3_msgs/lib:/home/aviken/turtlebot3_ws/install/turtlebot3_applications_msgs/lib:/home/aviken/turtlebot3_ws/install/dynamixel_sdk_custom_interfaces/lib:/home/aviken/turtlebot3_ws/install/dynamixel_sdk/lib:/usr/lib/x86_64-linux-gnu/gazebo-11/plugins:/opt/ros/humble/opt/rviz_ogre_vendor/lib:/opt/ros/humble/lib/x86_64-linux-gnu:/opt/ros/humble/lib:/usr/lib/x86_64-linux-gnu/gazebo-11/plugins PYTHONPATH=/home/aviken/colcon_ws/build/musashi_rviz/prefix_override:/usr/lib/python3/dist-packages/colcon_core/task/python/colcon_distutils_commands:/home/aviken/colcon_ws/install/musashi_rviz/lib/python3.10/site-packages:${PYTHONPATH} /usr/bin/python3 -W ignore:setup.py install is deprecated -W ignore:easy_install command is deprecated setup.py develop --editable --build-directory /home/aviken/colcon_ws/build/musashi_rviz/build --no-deps symlink_data
[2.103s] Level 1:colcon.colcon_core.shell:create_environment_hook('musashi_rqt_player_server', 'pythonpath_develop')
[2.103s] INFO:colcon.colcon_core.shell:Creating environment hook '/home/aviken/colcon_ws/build/musashi_rqt_player_server/src/share/musashi_rqt_player_server/hook/pythonpath_develop.ps1'
[2.104s] DEBUG:colcon.colcon_core.event_handler.log_command:Invoked command in '/home/aviken/colcon_ws/build/musashi_rqt_player_server' returned '0': PYTHONPATH=/home/aviken/colcon_ws/build/musashi_rqt_player_server/prefix_override:/usr/lib/python3/dist-packages/colcon_core/task/python/colcon_distutils_commands:/home/aviken/colcon_ws/install/musashi_rqt_player_server/lib/python3.10/site-packages:${PYTHONPATH} /usr/bin/python3 -W ignore:setup.py install is deprecated -W ignore:easy_install command is deprecated setup.py develop --editable --build-directory /home/aviken/colcon_ws/build/musashi_rqt_player_server/build --no-deps symlink_data
[2.104s] INFO:colcon.colcon_core.shell:Creating environment descriptor '/home/aviken/colcon_ws/build/musashi_rqt_player_server/src/share/musashi_rqt_player_server/hook/pythonpath_develop.dsv'
[2.105s] INFO:colcon.colcon_core.shell:Creating environment hook '/home/aviken/colcon_ws/build/musashi_rqt_player_server/src/share/musashi_rqt_player_server/hook/pythonpath_develop.sh'
[2.105s] Level 1:colcon.colcon_core.environment:checking '/home/aviken/colcon_ws/install/musashi_rqt_player_server' for CMake module files
[2.106s] Level 1:colcon.colcon_core.environment:checking '/home/aviken/colcon_ws/install/musashi_rqt_player_server' for CMake config files
[2.106s] Level 1:colcon.colcon_core.environment:checking '/home/aviken/colcon_ws/install/musashi_rqt_player_server/lib'
[2.106s] Level 1:colcon.colcon_core.environment:checking '/home/aviken/colcon_ws/install/musashi_rqt_player_server/bin'
[2.106s] Level 1:colcon.colcon_core.environment:checking '/home/aviken/colcon_ws/install/musashi_rqt_player_server/lib/pkgconfig/musashi_rqt_player_server.pc'
[2.107s] Level 1:colcon.colcon_core.environment:checking '/home/aviken/colcon_ws/install/musashi_rqt_player_server/lib/python3.10/site-packages'
[2.107s] Level 1:colcon.colcon_core.shell:create_environment_hook('musashi_rqt_player_server', 'pythonpath')
[2.107s] INFO:colcon.colcon_core.shell:Creating environment hook '/home/aviken/colcon_ws/install/musashi_rqt_player_server/share/musashi_rqt_player_server/hook/pythonpath.ps1'
[2.108s] INFO:colcon.colcon_core.shell:Creating environment descriptor '/home/aviken/colcon_ws/install/musashi_rqt_player_server/share/musashi_rqt_player_server/hook/pythonpath.dsv'
[2.108s] INFO:colcon.colcon_core.shell:Creating environment hook '/home/aviken/colcon_ws/install/musashi_rqt_player_server/share/musashi_rqt_player_server/hook/pythonpath.sh'
[2.108s] Level 1:colcon.colcon_core.environment:checking '/home/aviken/colcon_ws/install/musashi_rqt_player_server/bin'
[2.109s] Level 1:colcon.colcon_core.environment:create_environment_scripts_only(musashi_rqt_player_server)
[2.109s] INFO:colcon.colcon_core.shell:Creating package script '/home/aviken/colcon_ws/install/musashi_rqt_player_server/share/musashi_rqt_player_server/package.ps1'
[2.109s] INFO:colcon.colcon_core.shell:Creating package descriptor '/home/aviken/colcon_ws/install/musashi_rqt_player_server/share/musashi_rqt_player_server/package.dsv'
[2.110s] INFO:colcon.colcon_core.shell:Creating package script '/home/aviken/colcon_ws/install/musashi_rqt_player_server/share/musashi_rqt_player_server/package.sh'
[2.110s] INFO:colcon.colcon_core.shell:Creating package script '/home/aviken/colcon_ws/install/musashi_rqt_player_server/share/musashi_rqt_player_server/package.bash'
[2.111s] INFO:colcon.colcon_core.shell:Creating package script '/home/aviken/colcon_ws/install/musashi_rqt_player_server/share/musashi_rqt_player_server/package.zsh'
[2.111s] Level 1:colcon.colcon_core.environment:create_file_with_runtime_dependencies(/home/aviken/colcon_ws/install/musashi_rqt_player_server/share/colcon-core/packages/musashi_rqt_player_server)
[2.113s] Level 1:colcon.colcon_core.shell:create_environment_hook('musashi_camera', 'pythonpath_develop')
[2.113s] INFO:colcon.colcon_core.shell:Creating environment hook '/home/aviken/colcon_ws/build/musashi_camera/share/musashi_camera/hook/pythonpath_develop.ps1'
[2.113s] DEBUG:colcon.colcon_core.event_handler.log_command:Invoked command in '/home/aviken/colcon_ws/build/musashi_camera' returned '0': PYTHONPATH=/home/aviken/colcon_ws/build/musashi_camera/prefix_override:/usr/lib/python3/dist-packages/colcon_core/task/python/colcon_distutils_commands:/home/aviken/colcon_ws/install/musashi_camera/lib/python3.10/site-packages:${PYTHONPATH} /usr/bin/python3 -W ignore:setup.py install is deprecated -W ignore:easy_install command is deprecated setup.py develop --editable --build-directory /home/aviken/colcon_ws/build/musashi_camera/build --no-deps symlink_data
[2.113s] INFO:colcon.colcon_core.shell:Creating environment descriptor '/home/aviken/colcon_ws/build/musashi_camera/share/musashi_camera/hook/pythonpath_develop.dsv'
[2.114s] INFO:colcon.colcon_core.shell:Creating environment hook '/home/aviken/colcon_ws/build/musashi_camera/share/musashi_camera/hook/pythonpath_develop.sh'
[2.114s] Level 1:colcon.colcon_core.environment:checking '/home/aviken/colcon_ws/install/musashi_camera' for CMake module files
[2.114s] Level 1:colcon.colcon_core.environment:checking '/home/aviken/colcon_ws/install/musashi_camera' for CMake config files
[2.115s] Level 1:colcon.colcon_core.environment:checking '/home/aviken/colcon_ws/install/musashi_camera/lib'
[2.115s] Level 1:colcon.colcon_core.environment:checking '/home/aviken/colcon_ws/install/musashi_camera/bin'
[2.115s] Level 1:colcon.colcon_core.environment:checking '/home/aviken/colcon_ws/install/musashi_camera/lib/pkgconfig/musashi_camera.pc'
[2.115s] Level 1:colcon.colcon_core.environment:checking '/home/aviken/colcon_ws/install/musashi_camera/lib/python3.10/site-packages'
[2.115s] Level 1:colcon.colcon_core.shell:create_environment_hook('musashi_camera', 'pythonpath')
[2.115s] INFO:colcon.colcon_core.shell:Creating environment hook '/home/aviken/colcon_ws/install/musashi_camera/share/musashi_camera/hook/pythonpath.ps1'
[2.115s] INFO:colcon.colcon_core.shell:Creating environment descriptor '/home/aviken/colcon_ws/install/musashi_camera/share/musashi_camera/hook/pythonpath.dsv'
[2.115s] INFO:colcon.colcon_core.shell:Creating environment hook '/home/aviken/colcon_ws/install/musashi_camera/share/musashi_camera/hook/pythonpath.sh'
[2.116s] Level 1:colcon.colcon_core.environment:checking '/home/aviken/colcon_ws/install/musashi_camera/bin'
[2.116s] Level 1:colcon.colcon_core.environment:create_environment_scripts_only(musashi_camera)
[2.116s] INFO:colcon.colcon_core.shell:Creating package script '/home/aviken/colcon_ws/install/musashi_camera/share/musashi_camera/package.ps1'
[2.116s] INFO:colcon.colcon_core.shell:Creating package descriptor '/home/aviken/colcon_ws/install/musashi_camera/share/musashi_camera/package.dsv'
[2.117s] INFO:colcon.colcon_core.shell:Creating package script '/home/aviken/colcon_ws/install/musashi_camera/share/musashi_camera/package.sh'
[2.117s] INFO:colcon.colcon_core.shell:Creating package script '/home/aviken/colcon_ws/install/musashi_camera/share/musashi_camera/package.bash'
[2.117s] INFO:colcon.colcon_core.shell:Creating package script '/home/aviken/colcon_ws/install/musashi_camera/share/musashi_camera/package.zsh'
[2.117s] Level 1:colcon.colcon_core.environment:create_file_with_runtime_dependencies(/home/aviken/colcon_ws/install/musashi_camera/share/colcon-core/packages/musashi_camera)
[2.117s] Level 1:colcon.colcon_core.shell:create_environment_hook('musashi_rqt_player_controller', 'pythonpath_develop')
[2.118s] INFO:colcon.colcon_core.shell:Creating environment hook '/home/aviken/colcon_ws/build/musashi_rqt_player_controller/src/share/musashi_rqt_player_controller/hook/pythonpath_develop.ps1'
[2.118s] DEBUG:colcon.colcon_core.event_handler.log_command:Invoked command in '/home/aviken/colcon_ws/build/musashi_rqt_player_controller' returned '0': PYTHONPATH=/home/aviken/colcon_ws/build/musashi_rqt_player_controller/prefix_override:/usr/lib/python3/dist-packages/colcon_core/task/python/colcon_distutils_commands:/home/aviken/colcon_ws/install/musashi_rqt_player_controller/lib/python3.10/site-packages:${PYTHONPATH} /usr/bin/python3 -W ignore:setup.py install is deprecated -W ignore:easy_install command is deprecated setup.py develop --editable --build-directory /home/aviken/colcon_ws/build/musashi_rqt_player_controller/build --no-deps symlink_data
[2.118s] INFO:colcon.colcon_core.shell:Creating environment descriptor '/home/aviken/colcon_ws/build/musashi_rqt_player_controller/src/share/musashi_rqt_player_controller/hook/pythonpath_develop.dsv'
[2.118s] INFO:colcon.colcon_core.shell:Creating environment hook '/home/aviken/colcon_ws/build/musashi_rqt_player_controller/src/share/musashi_rqt_player_controller/hook/pythonpath_develop.sh'
[2.119s] Level 1:colcon.colcon_core.environment:checking '/home/aviken/colcon_ws/install/musashi_rqt_player_controller' for CMake module files
[2.119s] Level 1:colcon.colcon_core.environment:checking '/home/aviken/colcon_ws/install/musashi_rqt_player_controller' for CMake config files
[2.119s] Level 1:colcon.colcon_core.environment:checking '/home/aviken/colcon_ws/install/musashi_rqt_player_controller/lib'
[2.119s] Level 1:colcon.colcon_core.environment:checking '/home/aviken/colcon_ws/install/musashi_rqt_player_controller/bin'
[2.119s] Level 1:colcon.colcon_core.environment:checking '/home/aviken/colcon_ws/install/musashi_rqt_player_controller/lib/pkgconfig/musashi_rqt_player_controller.pc'
[2.120s] Level 1:colcon.colcon_core.environment:checking '/home/aviken/colcon_ws/install/musashi_rqt_player_controller/lib/python3.10/site-packages'
[2.120s] Level 1:colcon.colcon_core.shell:create_environment_hook('musashi_rqt_player_controller', 'pythonpath')
[2.120s] INFO:colcon.colcon_core.shell:Creating environment hook '/home/aviken/colcon_ws/install/musashi_rqt_player_controller/share/musashi_rqt_player_controller/hook/pythonpath.ps1'
[2.120s] INFO:colcon.colcon_core.shell:Creating environment descriptor '/home/aviken/colcon_ws/install/musashi_rqt_player_controller/share/musashi_rqt_player_controller/hook/pythonpath.dsv'
[2.120s] INFO:colcon.colcon_core.shell:Creating environment hook '/home/aviken/colcon_ws/install/musashi_rqt_player_controller/share/musashi_rqt_player_controller/hook/pythonpath.sh'
[2.121s] Level 1:colcon.colcon_core.environment:checking '/home/aviken/colcon_ws/install/musashi_rqt_player_controller/bin'
[2.121s] Level 1:colcon.colcon_core.environment:create_environment_scripts_only(musashi_rqt_player_controller)
[2.121s] INFO:colcon.colcon_core.shell:Creating package script '/home/aviken/colcon_ws/install/musashi_rqt_player_controller/share/musashi_rqt_player_controller/package.ps1'
[2.121s] INFO:colcon.colcon_core.shell:Creating package descriptor '/home/aviken/colcon_ws/install/musashi_rqt_player_controller/share/musashi_rqt_player_controller/package.dsv'
[2.121s] INFO:colcon.colcon_core.shell:Creating package script '/home/aviken/colcon_ws/install/musashi_rqt_player_controller/share/musashi_rqt_player_controller/package.sh'
[2.122s] INFO:colcon.colcon_core.shell:Creating package script '/home/aviken/colcon_ws/install/musashi_rqt_player_controller/share/musashi_rqt_player_controller/package.bash'
[2.122s] INFO:colcon.colcon_core.shell:Creating package script '/home/aviken/colcon_ws/install/musashi_rqt_player_controller/share/musashi_rqt_player_controller/package.zsh'
[2.122s] Level 1:colcon.colcon_core.environment:create_file_with_runtime_dependencies(/home/aviken/colcon_ws/install/musashi_rqt_player_controller/share/colcon-core/packages/musashi_rqt_player_controller)
[2.122s] Level 1:colcon.colcon_core.shell:create_environment_hook('musashi_basestation_client', 'pythonpath_develop')
[2.122s] INFO:colcon.colcon_core.shell:Creating environment hook '/home/aviken/colcon_ws/build/musashi_basestation_client/share/musashi_basestation_client/hook/pythonpath_develop.ps1'
[2.123s] DEBUG:colcon.colcon_core.event_handler.log_command:Invoked command in '/home/aviken/colcon_ws/build/musashi_basestation_client' returned '0': PYTHONPATH=/home/aviken/colcon_ws/build/musashi_basestation_client/prefix_override:/usr/lib/python3/dist-packages/colcon_core/task/python/colcon_distutils_commands:/home/aviken/colcon_ws/install/musashi_basestation_client/lib/python3.10/site-packages:${PYTHONPATH} /usr/bin/python3 -W ignore:setup.py install is deprecated -W ignore:easy_install command is deprecated setup.py develop --editable --build-directory /home/aviken/colcon_ws/build/musashi_basestation_client/build --no-deps symlink_data
[2.123s] INFO:colcon.colcon_core.shell:Creating environment descriptor '/home/aviken/colcon_ws/build/musashi_basestation_client/share/musashi_basestation_client/hook/pythonpath_develop.dsv'
[2.123s] INFO:colcon.colcon_core.shell:Creating environment hook '/home/aviken/colcon_ws/build/musashi_basestation_client/share/musashi_basestation_client/hook/pythonpath_develop.sh'
[2.124s] Level 1:colcon.colcon_core.environment:checking '/home/aviken/colcon_ws/install/musashi_basestation_client' for CMake module files
[2.124s] Level 1:colcon.colcon_core.environment:checking '/home/aviken/colcon_ws/install/musashi_basestation_client' for CMake config files
[2.124s] Level 1:colcon.colcon_core.environment:checking '/home/aviken/colcon_ws/install/musashi_basestation_client/lib'
[2.124s] Level 1:colcon.colcon_core.environment:checking '/home/aviken/colcon_ws/install/musashi_basestation_client/bin'
[2.124s] Level 1:colcon.colcon_core.environment:checking '/home/aviken/colcon_ws/install/musashi_basestation_client/lib/pkgconfig/musashi_basestation_client.pc'
[2.124s] Level 1:colcon.colcon_core.environment:checking '/home/aviken/colcon_ws/install/musashi_basestation_client/lib/python3.10/site-packages'
[2.124s] Level 1:colcon.colcon_core.shell:create_environment_hook('musashi_basestation_client', 'pythonpath')
[2.125s] INFO:colcon.colcon_core.shell:Creating environment hook '/home/aviken/colcon_ws/install/musashi_basestation_client/share/musashi_basestation_client/hook/pythonpath.ps1'
[2.125s] INFO:colcon.colcon_core.shell:Creating environment descriptor '/home/aviken/colcon_ws/install/musashi_basestation_client/share/musashi_basestation_client/hook/pythonpath.dsv'
[2.125s] INFO:colcon.colcon_core.shell:Creating environment hook '/home/aviken/colcon_ws/install/musashi_basestation_client/share/musashi_basestation_client/hook/pythonpath.sh'
[2.125s] Level 1:colcon.colcon_core.environment:checking '/home/aviken/colcon_ws/install/musashi_basestation_client/bin'
[2.125s] Level 1:colcon.colcon_core.environment:create_environment_scripts_only(musashi_basestation_client)
[2.126s] INFO:colcon.colcon_core.shell:Creating package script '/home/aviken/colcon_ws/install/musashi_basestation_client/share/musashi_basestation_client/package.ps1'
[2.126s] INFO:colcon.colcon_core.shell:Creating package descriptor '/home/aviken/colcon_ws/install/musashi_basestation_client/share/musashi_basestation_client/package.dsv'
[2.126s] INFO:colcon.colcon_core.shell:Creating package script '/home/aviken/colcon_ws/install/musashi_basestation_client/share/musashi_basestation_client/package.sh'
[2.126s] INFO:colcon.colcon_core.shell:Creating package script '/home/aviken/colcon_ws/install/musashi_basestation_client/share/musashi_basestation_client/package.bash'
[2.127s] INFO:colcon.colcon_core.shell:Creating package script '/home/aviken/colcon_ws/install/musashi_basestation_client/share/musashi_basestation_client/package.zsh'
[2.127s] Level 1:colcon.colcon_core.environment:create_file_with_runtime_dependencies(/home/aviken/colcon_ws/install/musashi_basestation_client/share/colcon-core/packages/musashi_basestation_client)
[2.127s] Level 1:colcon.colcon_core.shell:create_environment_hook('musashi_rqt_refereebox_client', 'pythonpath_develop')
[2.127s] INFO:colcon.colcon_core.shell:Creating environment hook '/home/aviken/colcon_ws/build/musashi_rqt_refereebox_client/src/share/musashi_rqt_refereebox_client/hook/pythonpath_develop.ps1'
[2.128s] DEBUG:colcon.colcon_core.event_handler.log_command:Invoked command in '/home/aviken/colcon_ws/build/musashi_rqt_refereebox_client' returned '0': PYTHONPATH=/home/aviken/colcon_ws/build/musashi_rqt_refereebox_client/prefix_override:/usr/lib/python3/dist-packages/colcon_core/task/python/colcon_distutils_commands:/home/aviken/colcon_ws/install/musashi_rqt_refereebox_client/lib/python3.10/site-packages:${PYTHONPATH} /usr/bin/python3 -W ignore:setup.py install is deprecated -W ignore:easy_install command is deprecated setup.py develop --editable --build-directory /home/aviken/colcon_ws/build/musashi_rqt_refereebox_client/build --no-deps symlink_data
[2.128s] INFO:colcon.colcon_core.shell:Creating environment descriptor '/home/aviken/colcon_ws/build/musashi_rqt_refereebox_client/src/share/musashi_rqt_refereebox_client/hook/pythonpath_develop.dsv'
[2.128s] INFO:colcon.colcon_core.shell:Creating environment hook '/home/aviken/colcon_ws/build/musashi_rqt_refereebox_client/src/share/musashi_rqt_refereebox_client/hook/pythonpath_develop.sh'
[2.128s] Level 1:colcon.colcon_core.environment:checking '/home/aviken/colcon_ws/install/musashi_rqt_refereebox_client' for CMake module files
[2.129s] Level 1:colcon.colcon_core.environment:checking '/home/aviken/colcon_ws/install/musashi_rqt_refereebox_client' for CMake config files
[2.129s] Level 1:colcon.colcon_core.environment:checking '/home/aviken/colcon_ws/install/musashi_rqt_refereebox_client/lib'
[2.129s] Level 1:colcon.colcon_core.environment:checking '/home/aviken/colcon_ws/install/musashi_rqt_refereebox_client/bin'
[2.129s] Level 1:colcon.colcon_core.environment:checking '/home/aviken/colcon_ws/install/musashi_rqt_refereebox_client/lib/pkgconfig/musashi_rqt_refereebox_client.pc'
[2.129s] Level 1:colcon.colcon_core.environment:checking '/home/aviken/colcon_ws/install/musashi_rqt_refereebox_client/lib/python3.10/site-packages'
[2.129s] Level 1:colcon.colcon_core.shell:create_environment_hook('musashi_rqt_refereebox_client', 'pythonpath')
[2.129s] INFO:colcon.colcon_core.shell:Creating environment hook '/home/aviken/colcon_ws/install/musashi_rqt_refereebox_client/share/musashi_rqt_refereebox_client/hook/pythonpath.ps1'
[2.130s] INFO:colcon.colcon_core.shell:Creating environment descriptor '/home/aviken/colcon_ws/install/musashi_rqt_refereebox_client/share/musashi_rqt_refereebox_client/hook/pythonpath.dsv'
[2.130s] INFO:colcon.colcon_core.shell:Creating environment hook '/home/aviken/colcon_ws/install/musashi_rqt_refereebox_client/share/musashi_rqt_refereebox_client/hook/pythonpath.sh'
[2.130s] Level 1:colcon.colcon_core.environment:checking '/home/aviken/colcon_ws/install/musashi_rqt_refereebox_client/bin'
[2.130s] Level 1:colcon.colcon_core.environment:create_environment_scripts_only(musashi_rqt_refereebox_client)
[2.130s] INFO:colcon.colcon_core.shell:Creating package script '/home/aviken/colcon_ws/install/musashi_rqt_refereebox_client/share/musashi_rqt_refereebox_client/package.ps1'
[2.131s] INFO:colcon.colcon_core.shell:Creating package descriptor '/home/aviken/colcon_ws/install/musashi_rqt_refereebox_client/share/musashi_rqt_refereebox_client/package.dsv'
[2.131s] INFO:colcon.colcon_core.shell:Creating package script '/home/aviken/colcon_ws/install/musashi_rqt_refereebox_client/share/musashi_rqt_refereebox_client/package.sh'
[2.131s] INFO:colcon.colcon_core.shell:Creating package script '/home/aviken/colcon_ws/install/musashi_rqt_refereebox_client/share/musashi_rqt_refereebox_client/package.bash'
[2.131s] INFO:colcon.colcon_core.shell:Creating package script '/home/aviken/colcon_ws/install/musashi_rqt_refereebox_client/share/musashi_rqt_refereebox_client/package.zsh'
[2.132s] Level 1:colcon.colcon_core.environment:create_file_with_runtime_dependencies(/home/aviken/colcon_ws/install/musashi_rqt_refereebox_client/share/colcon-core/packages/musashi_rqt_refereebox_client)
[2.132s] Level 1:colcon.colcon_core.shell:create_environment_hook('musashi_description', 'pythonpath_develop')
[2.132s] INFO:colcon.colcon_core.shell:Creating environment hook '/home/aviken/colcon_ws/build/musashi_description/share/musashi_description/hook/pythonpath_develop.ps1'
[2.133s] DEBUG:colcon.colcon_core.event_handler.log_command:Invoked command in '/home/aviken/colcon_ws/build/musashi_description' returned '0': PYTHONPATH=/home/aviken/colcon_ws/build/musashi_description/prefix_override:/usr/lib/python3/dist-packages/colcon_core/task/python/colcon_distutils_commands:/home/aviken/colcon_ws/install/musashi_description/lib/python3.10/site-packages:${PYTHONPATH} /usr/bin/python3 -W ignore:setup.py install is deprecated -W ignore:easy_install command is deprecated setup.py develop --editable --build-directory /home/aviken/colcon_ws/build/musashi_description/build --no-deps symlink_data
[2.133s] INFO:colcon.colcon_core.shell:Creating environment descriptor '/home/aviken/colcon_ws/build/musashi_description/share/musashi_description/hook/pythonpath_develop.dsv'
[2.133s] INFO:colcon.colcon_core.shell:Creating environment hook '/home/aviken/colcon_ws/build/musashi_description/share/musashi_description/hook/pythonpath_develop.sh'
[2.133s] Level 1:colcon.colcon_core.environment:checking '/home/aviken/colcon_ws/install/musashi_description' for CMake module files
[2.133s] Level 1:colcon.colcon_core.environment:checking '/home/aviken/colcon_ws/install/musashi_description' for CMake config files
[2.134s] Level 1:colcon.colcon_core.environment:checking '/home/aviken/colcon_ws/install/musashi_description/lib'
[2.134s] Level 1:colcon.colcon_core.environment:checking '/home/aviken/colcon_ws/install/musashi_description/bin'
[2.134s] Level 1:colcon.colcon_core.environment:checking '/home/aviken/colcon_ws/install/musashi_description/lib/pkgconfig/musashi_description.pc'
[2.134s] Level 1:colcon.colcon_core.environment:checking '/home/aviken/colcon_ws/install/musashi_description/lib/python3.10/site-packages'
[2.134s] Level 1:colcon.colcon_core.shell:create_environment_hook('musashi_description', 'pythonpath')
[2.134s] INFO:colcon.colcon_core.shell:Creating environment hook '/home/aviken/colcon_ws/install/musashi_description/share/musashi_description/hook/pythonpath.ps1'
[2.134s] INFO:colcon.colcon_core.shell:Creating environment descriptor '/home/aviken/colcon_ws/install/musashi_description/share/musashi_description/hook/pythonpath.dsv'
[2.135s] INFO:colcon.colcon_core.shell:Creating environment hook '/home/aviken/colcon_ws/install/musashi_description/share/musashi_description/hook/pythonpath.sh'
[2.135s] Level 1:colcon.colcon_core.environment:checking '/home/aviken/colcon_ws/install/musashi_description/bin'
[2.135s] Level 1:colcon.colcon_core.environment:create_environment_scripts_only(musashi_description)
[2.135s] INFO:colcon.colcon_core.shell:Creating package script '/home/aviken/colcon_ws/install/musashi_description/share/musashi_description/package.ps1'
[2.135s] INFO:colcon.colcon_core.shell:Creating package descriptor '/home/aviken/colcon_ws/install/musashi_description/share/musashi_description/package.dsv'
[2.136s] INFO:colcon.colcon_core.shell:Creating package script '/home/aviken/colcon_ws/install/musashi_description/share/musashi_description/package.sh'
[2.136s] INFO:colcon.colcon_core.shell:Creating package script '/home/aviken/colcon_ws/install/musashi_description/share/musashi_description/package.bash'
[2.136s] INFO:colcon.colcon_core.shell:Creating package script '/home/aviken/colcon_ws/install/musashi_description/share/musashi_description/package.zsh'
[2.136s] Level 1:colcon.colcon_core.environment:create_file_with_runtime_dependencies(/home/aviken/colcon_ws/install/musashi_description/share/colcon-core/packages/musashi_description)
[2.365s] Level 1:colcon.colcon_core.shell:create_environment_hook('musashi_rviz', 'pythonpath_develop')
[2.365s] INFO:colcon.colcon_core.shell:Creating environment hook '/home/aviken/colcon_ws/build/musashi_rviz/share/musashi_rviz/hook/pythonpath_develop.ps1'
[2.365s] DEBUG:colcon.colcon_core.event_handler.log_command:Invoked command in '/home/aviken/colcon_ws/build/musashi_rviz' returned '0': CMAKE_PREFIX_PATH=/home/aviken/colcon_ws/install/musashi_msgs:/home/aviken/turtlebot3_ws/install/turtlebot3_applications:/home/aviken/turtlebot3_ws/install/turtlebot3:/home/aviken/turtlebot3_ws/install/turtlebot3_panorama:/home/aviken/turtlebot3_ws/install/turtlebot3_bringup:/home/aviken/turtlebot3_ws/install/turtlebot3_node:/home/aviken/turtlebot3_ws/install/turtlebot3_navigation2:/home/aviken/turtlebot3_ws/install/turtlebot3_msgs:/home/aviken/turtlebot3_ws/install/turtlebot3_follower:/home/aviken/turtlebot3_ws/install/turtlebot3_description:/home/aviken/turtlebot3_ws/install/turtlebot3_cartographer:/home/aviken/turtlebot3_ws/install/turtlebot3_applications_msgs:/home/aviken/turtlebot3_ws/install/dynamixel_sdk_examples:/home/aviken/turtlebot3_ws/install/dynamixel_sdk_custom_interfaces:/home/aviken/turtlebot3_ws/install/dynamixel_sdk LD_LIBRARY_PATH=/home/aviken/colcon_ws/install/musashi_msgs/lib:/home/aviken/turtlebot3_ws/install/turtlebot3_msgs/lib:/home/aviken/turtlebot3_ws/install/turtlebot3_applications_msgs/lib:/home/aviken/turtlebot3_ws/install/dynamixel_sdk_custom_interfaces/lib:/home/aviken/turtlebot3_ws/install/dynamixel_sdk/lib:/usr/lib/x86_64-linux-gnu/gazebo-11/plugins:/opt/ros/humble/opt/rviz_ogre_vendor/lib:/opt/ros/humble/lib/x86_64-linux-gnu:/opt/ros/humble/lib:/usr/lib/x86_64-linux-gnu/gazebo-11/plugins PYTHONPATH=/home/aviken/colcon_ws/build/musashi_rviz/prefix_override:/usr/lib/python3/dist-packages/colcon_core/task/python/colcon_distutils_commands:/home/aviken/colcon_ws/install/musashi_rviz/lib/python3.10/site-packages:${PYTHONPATH} /usr/bin/python3 -W ignore:setup.py install is deprecated -W ignore:easy_install command is deprecated setup.py develop --editable --build-directory /home/aviken/colcon_ws/build/musashi_rviz/build --no-deps symlink_data
[2.366s] INFO:colcon.colcon_core.shell:Creating environment descriptor '/home/aviken/colcon_ws/build/musashi_rviz/share/musashi_rviz/hook/pythonpath_develop.dsv'
[2.366s] INFO:colcon.colcon_core.shell:Creating environment hook '/home/aviken/colcon_ws/build/musashi_rviz/share/musashi_rviz/hook/pythonpath_develop.sh'
[2.367s] Level 1:colcon.colcon_core.environment:checking '/home/aviken/colcon_ws/install/musashi_rviz' for CMake module files
[2.367s] Level 1:colcon.colcon_core.environment:checking '/home/aviken/colcon_ws/install/musashi_rviz' for CMake config files
[2.367s] Level 1:colcon.colcon_core.environment:checking '/home/aviken/colcon_ws/install/musashi_rviz/lib'
[2.367s] Level 1:colcon.colcon_core.environment:checking '/home/aviken/colcon_ws/install/musashi_rviz/bin'
[2.367s] Level 1:colcon.colcon_core.environment:checking '/home/aviken/colcon_ws/install/musashi_rviz/lib/pkgconfig/musashi_rviz.pc'
[2.367s] Level 1:colcon.colcon_core.environment:checking '/home/aviken/colcon_ws/install/musashi_rviz/lib/python3.10/site-packages'
[2.367s] Level 1:colcon.colcon_core.shell:create_environment_hook('musashi_rviz', 'pythonpath')
[2.368s] INFO:colcon.colcon_core.shell:Creating environment hook '/home/aviken/colcon_ws/install/musashi_rviz/share/musashi_rviz/hook/pythonpath.ps1'
[2.368s] INFO:colcon.colcon_core.shell:Creating environment descriptor '/home/aviken/colcon_ws/install/musashi_rviz/share/musashi_rviz/hook/pythonpath.dsv'
[2.368s] INFO:colcon.colcon_core.shell:Creating environment hook '/home/aviken/colcon_ws/install/musashi_rviz/share/musashi_rviz/hook/pythonpath.sh'
[2.368s] Level 1:colcon.colcon_core.environment:checking '/home/aviken/colcon_ws/install/musashi_rviz/bin'
[2.368s] Level 1:colcon.colcon_core.environment:create_environment_scripts_only(musashi_rviz)
[2.369s] INFO:colcon.colcon_core.shell:Creating package script '/home/aviken/colcon_ws/install/musashi_rviz/share/musashi_rviz/package.ps1'
[2.369s] INFO:colcon.colcon_core.shell:Creating package descriptor '/home/aviken/colcon_ws/install/musashi_rviz/share/musashi_rviz/package.dsv'
[2.369s] INFO:colcon.colcon_core.shell:Creating package script '/home/aviken/colcon_ws/install/musashi_rviz/share/musashi_rviz/package.sh'
[2.369s] INFO:colcon.colcon_core.shell:Creating package script '/home/aviken/colcon_ws/install/musashi_rviz/share/musashi_rviz/package.bash'
[2.370s] INFO:colcon.colcon_core.shell:Creating package script '/home/aviken/colcon_ws/install/musashi_rviz/share/musashi_rviz/package.zsh'
[2.370s] Level 1:colcon.colcon_core.environment:create_file_with_runtime_dependencies(/home/aviken/colcon_ws/install/musashi_rviz/share/colcon-core/packages/musashi_rviz)
[2.370s] DEBUG:colcon.colcon_parallel_executor.executor.parallel:closing loop
[2.370s] DEBUG:colcon.colcon_parallel_executor.executor.parallel:loop closed
[2.370s] DEBUG:colcon.colcon_parallel_executor.executor.parallel:run_until_complete finished with '0'
[2.370s] DEBUG:colcon.colcon_core.event_reactor:joining thread
[2.374s] INFO:colcon.colcon_core.plugin_system:Skipping extension 'colcon_notification.desktop_notification.terminal_notifier': Not used on non-Darwin systems
[2.374s] INFO:colcon.colcon_core.plugin_system:Skipping extension 'colcon_notification.desktop_notification.win32': Not used on non-Windows systems
[2.374s] INFO:colcon.colcon_notification.desktop_notification:Sending desktop notification using 'notify2'
[2.382s] DEBUG:colcon.colcon_core.event_reactor:joined thread
[2.382s] INFO:colcon.colcon_core.shell:Creating prefix script '/home/aviken/colcon_ws/install/local_setup.ps1'
[2.383s] INFO:colcon.colcon_core.shell:Creating prefix util module '/home/aviken/colcon_ws/install/_local_setup_util_ps1.py'
[2.384s] INFO:colcon.colcon_core.shell:Creating prefix chain script '/home/aviken/colcon_ws/install/setup.ps1'
[2.385s] INFO:colcon.colcon_core.shell:Creating prefix script '/home/aviken/colcon_ws/install/local_setup.sh'
[2.385s] INFO:colcon.colcon_core.shell:Creating prefix util module '/home/aviken/colcon_ws/install/_local_setup_util_sh.py'
[2.386s] INFO:colcon.colcon_core.shell:Creating prefix chain script '/home/aviken/colcon_ws/install/setup.sh'
[2.387s] INFO:colcon.colcon_core.shell:Creating prefix script '/home/aviken/colcon_ws/install/local_setup.bash'
[2.387s] INFO:colcon.colcon_core.shell:Creating prefix chain script '/home/aviken/colcon_ws/install/setup.bash'
[2.388s] INFO:colcon.colcon_core.shell:Creating prefix script '/home/aviken/colcon_ws/install/local_setup.zsh'
[2.389s] INFO:colcon.colcon_core.shell:Creating prefix chain script '/home/aviken/colcon_ws/install/setup.zsh'
