[0.068s] DEBUG:colcon:Command line arguments: ['/usr/bin/colcon', 'build', '--symlink-install']
[0.068s] DEBUG:colcon:Parsed command line arguments: Namespace(log_base=None, log_level=None, verb_name='build', build_base='build', install_base='install', merge_install=False, symlink_install=True, test_result_base=None, continue_on_error=False, executor='parallel', parallel_workers=16, event_handlers=None, ignore_user_meta=False, metas=['./colcon.meta'], base_paths=['.'], packages_ignore=None, packages_ignore_regex=None, paths=None, packages_up_to=None, packages_up_to_regex=None, packages_above=None, packages_above_and_dependencies=None, packages_above_depth=None, packages_select_by_dep=None, packages_skip_by_dep=None, packages_skip_up_to=None, packages_select_build_failed=False, packages_skip_build_finished=False, packages_select_test_failures=False, packages_skip_test_passed=False, packages_select=None, packages_skip=None, packages_select_regex=None, packages_skip_regex=None, packages_start=None, packages_end=None, allow_overriding=[], cmake_args=None, cmake_target=None, cmake_target_skip_unavailable=False, cmake_clean_cache=False, cmake_clean_first=False, cmake_force_configure=False, ament_cmake_args=None, catkin_cmake_args=None, catkin_skip_building_tests=False, verb_parser=<colcon_defaults.argument_parser.defaults.DefaultArgumentsDecorator object at 0x7d2eb7670640>, verb_extension=<colcon_core.verb.build.BuildVerb object at 0x7d2eb7789a20>, main=<bound method BuildVerb.main of <colcon_core.verb.build.BuildVerb object at 0x7d2eb7789a20>>)
[0.172s] Level 1:colcon.colcon_core.package_discovery:discover_packages(colcon_meta) check parameters
[0.172s] Level 1:colcon.colcon_core.package_discovery:discover_packages(recursive) check parameters
[0.172s] Level 1:colcon.colcon_core.package_discovery:discover_packages(ignore) check parameters
[0.172s] Level 1:colcon.colcon_core.package_discovery:discover_packages(path) check parameters
[0.172s] Level 1:colcon.colcon_core.package_discovery:discover_packages(colcon_meta) discover
[0.172s] Level 1:colcon.colcon_core.package_discovery:discover_packages(recursive) discover
[0.172s] INFO:colcon.colcon_core.package_discovery:Crawling recursively for packages in '/home/aviken/colcon_ws'
[0.207s] Level 1:colcon.colcon_core.package_identification:_identify(.) by extensions ['ignore', 'ignore_ament_install']
[0.207s] Level 1:colcon.colcon_core.package_identification:_identify(.) by extension 'ignore'
[0.208s] Level 1:colcon.colcon_core.package_identification:_identify(.) by extension 'ignore_ament_install'
[0.208s] Level 1:colcon.colcon_core.package_identification:_identify(.) by extensions ['colcon_pkg']
[0.208s] Level 1:colcon.colcon_core.package_identification:_identify(.) by extension 'colcon_pkg'
[0.208s] Level 1:colcon.colcon_core.package_identification:_identify(.) by extensions ['colcon_meta']
[0.208s] Level 1:colcon.colcon_core.package_identification:_identify(.) by extension 'colcon_meta'
[0.208s] Level 1:colcon.colcon_core.package_identification:_identify(.) by extensions ['ros']
[0.208s] Level 1:colcon.colcon_core.package_identification:_identify(.) by extension 'ros'
[0.227s] Level 1:colcon.colcon_core.package_identification:_identify(.) by extensions ['cmake', 'python']
[0.227s] Level 1:colcon.colcon_core.package_identification:_identify(.) by extension 'cmake'
[0.227s] Level 1:colcon.colcon_core.package_identification:_identify(.) by extension 'python'
[0.227s] Level 1:colcon.colcon_core.package_identification:_identify(.) by extensions ['python_setup_py']
[0.227s] Level 1:colcon.colcon_core.package_identification:_identify(.) by extension 'python_setup_py'
[0.227s] Level 1:colcon.colcon_core.package_identification:_identify(build) by extensions ['ignore', 'ignore_ament_install']
[0.227s] Level 1:colcon.colcon_core.package_identification:_identify(build) by extension 'ignore'
[0.227s] Level 1:colcon.colcon_core.package_identification:_identify(build) ignored
[0.228s] Level 1:colcon.colcon_core.package_identification:_identify(install) by extensions ['ignore', 'ignore_ament_install']
[0.228s] Level 1:colcon.colcon_core.package_identification:_identify(install) by extension 'ignore'
[0.228s] Level 1:colcon.colcon_core.package_identification:_identify(install) ignored
[0.228s] Level 1:colcon.colcon_core.package_identification:_identify(log) by extensions ['ignore', 'ignore_ament_install']
[0.228s] Level 1:colcon.colcon_core.package_identification:_identify(log) by extension 'ignore'
[0.228s] Level 1:colcon.colcon_core.package_identification:_identify(log) ignored
[0.228s] Level 1:colcon.colcon_core.package_identification:_identify(src) by extensions ['ignore', 'ignore_ament_install']
[0.228s] Level 1:colcon.colcon_core.package_identification:_identify(src) by extension 'ignore'
[0.228s] Level 1:colcon.colcon_core.package_identification:_identify(src) by extension 'ignore_ament_install'
[0.228s] Level 1:colcon.colcon_core.package_identification:_identify(src) by extensions ['colcon_pkg']
[0.228s] Level 1:colcon.colcon_core.package_identification:_identify(src) by extension 'colcon_pkg'
[0.228s] Level 1:colcon.colcon_core.package_identification:_identify(src) by extensions ['colcon_meta']
[0.228s] Level 1:colcon.colcon_core.package_identification:_identify(src) by extension 'colcon_meta'
[0.228s] Level 1:colcon.colcon_core.package_identification:_identify(src) by extensions ['ros']
[0.228s] Level 1:colcon.colcon_core.package_identification:_identify(src) by extension 'ros'
[0.228s] Level 1:colcon.colcon_core.package_identification:_identify(src) by extensions ['cmake', 'python']
[0.228s] Level 1:colcon.colcon_core.package_identification:_identify(src) by extension 'cmake'
[0.228s] Level 1:colcon.colcon_core.package_identification:_identify(src) by extension 'python'
[0.228s] Level 1:colcon.colcon_core.package_identification:_identify(src) by extensions ['python_setup_py']
[0.228s] Level 1:colcon.colcon_core.package_identification:_identify(src) by extension 'python_setup_py'
[0.228s] Level 1:colcon.colcon_core.package_identification:_identify(src/musashi-ros2-humble) by extensions ['ignore', 'ignore_ament_install']
[0.228s] Level 1:colcon.colcon_core.package_identification:_identify(src/musashi-ros2-humble) by extension 'ignore'
[0.228s] Level 1:colcon.colcon_core.package_identification:_identify(src/musashi-ros2-humble) by extension 'ignore_ament_install'
[0.228s] Level 1:colcon.colcon_core.package_identification:_identify(src/musashi-ros2-humble) by extensions ['colcon_pkg']
[0.228s] Level 1:colcon.colcon_core.package_identification:_identify(src/musashi-ros2-humble) by extension 'colcon_pkg'
[0.228s] Level 1:colcon.colcon_core.package_identification:_identify(src/musashi-ros2-humble) by extensions ['colcon_meta']
[0.228s] Level 1:colcon.colcon_core.package_identification:_identify(src/musashi-ros2-humble) by extension 'colcon_meta'
[0.228s] Level 1:colcon.colcon_core.package_identification:_identify(src/musashi-ros2-humble) by extensions ['ros']
[0.228s] Level 1:colcon.colcon_core.package_identification:_identify(src/musashi-ros2-humble) by extension 'ros'
[0.228s] Level 1:colcon.colcon_core.package_identification:_identify(src/musashi-ros2-humble) by extensions ['cmake', 'python']
[0.228s] Level 1:colcon.colcon_core.package_identification:_identify(src/musashi-ros2-humble) by extension 'cmake'
[0.228s] Level 1:colcon.colcon_core.package_identification:_identify(src/musashi-ros2-humble) by extension 'python'
[0.228s] Level 1:colcon.colcon_core.package_identification:_identify(src/musashi-ros2-humble) by extensions ['python_setup_py']
[0.228s] Level 1:colcon.colcon_core.package_identification:_identify(src/musashi-ros2-humble) by extension 'python_setup_py'
[0.229s] Level 1:colcon.colcon_core.package_identification:_identify(src/musashi-ros2-humble/basestation) by extensions ['ignore', 'ignore_ament_install']
[0.229s] Level 1:colcon.colcon_core.package_identification:_identify(src/musashi-ros2-humble/basestation) by extension 'ignore'
[0.229s] Level 1:colcon.colcon_core.package_identification:_identify(src/musashi-ros2-humble/basestation) by extension 'ignore_ament_install'
[0.229s] Level 1:colcon.colcon_core.package_identification:_identify(src/musashi-ros2-humble/basestation) by extensions ['colcon_pkg']
[0.229s] Level 1:colcon.colcon_core.package_identification:_identify(src/musashi-ros2-humble/basestation) by extension 'colcon_pkg'
[0.229s] Level 1:colcon.colcon_core.package_identification:_identify(src/musashi-ros2-humble/basestation) by extensions ['colcon_meta']
[0.229s] Level 1:colcon.colcon_core.package_identification:_identify(src/musashi-ros2-humble/basestation) by extension 'colcon_meta'
[0.229s] Level 1:colcon.colcon_core.package_identification:_identify(src/musashi-ros2-humble/basestation) by extensions ['ros']
[0.229s] Level 1:colcon.colcon_core.package_identification:_identify(src/musashi-ros2-humble/basestation) by extension 'ros'
[0.229s] Level 1:colcon.colcon_core.package_identification:_identify(src/musashi-ros2-humble/basestation) by extensions ['cmake', 'python']
[0.229s] Level 1:colcon.colcon_core.package_identification:_identify(src/musashi-ros2-humble/basestation) by extension 'cmake'
[0.229s] Level 1:colcon.colcon_core.package_identification:_identify(src/musashi-ros2-humble/basestation) by extension 'python'
[0.229s] Level 1:colcon.colcon_core.package_identification:_identify(src/musashi-ros2-humble/basestation) by extensions ['python_setup_py']
[0.229s] Level 1:colcon.colcon_core.package_identification:_identify(src/musashi-ros2-humble/basestation) by extension 'python_setup_py'
[0.229s] Level 1:colcon.colcon_core.package_identification:_identify(src/musashi-ros2-humble/basestation/musashi_rqt_player_controller) by extensions ['ignore', 'ignore_ament_install']
[0.229s] Level 1:colcon.colcon_core.package_identification:_identify(src/musashi-ros2-humble/basestation/musashi_rqt_player_controller) by extension 'ignore'
[0.229s] Level 1:colcon.colcon_core.package_identification:_identify(src/musashi-ros2-humble/basestation/musashi_rqt_player_controller) by extension 'ignore_ament_install'
[0.229s] Level 1:colcon.colcon_core.package_identification:_identify(src/musashi-ros2-humble/basestation/musashi_rqt_player_controller) by extensions ['colcon_pkg']
[0.229s] Level 1:colcon.colcon_core.package_identification:_identify(src/musashi-ros2-humble/basestation/musashi_rqt_player_controller) by extension 'colcon_pkg'
[0.229s] Level 1:colcon.colcon_core.package_identification:_identify(src/musashi-ros2-humble/basestation/musashi_rqt_player_controller) by extensions ['colcon_meta']
[0.229s] Level 1:colcon.colcon_core.package_identification:_identify(src/musashi-ros2-humble/basestation/musashi_rqt_player_controller) by extension 'colcon_meta'
[0.229s] Level 1:colcon.colcon_core.package_identification:_identify(src/musashi-ros2-humble/basestation/musashi_rqt_player_controller) by extensions ['ros']
[0.229s] Level 1:colcon.colcon_core.package_identification:_identify(src/musashi-ros2-humble/basestation/musashi_rqt_player_controller) by extension 'ros'
[0.231s] DEBUG:colcon.colcon_core.package_identification:Package 'src/musashi-ros2-humble/basestation/musashi_rqt_player_controller' with type 'ros.ament_python' and name 'musashi_rqt_player_controller'
[0.231s] Level 1:colcon.colcon_core.package_identification:_identify(src/musashi-ros2-humble/basestation/musashi_rqt_player_server) by extensions ['ignore', 'ignore_ament_install']
[0.231s] Level 1:colcon.colcon_core.package_identification:_identify(src/musashi-ros2-humble/basestation/musashi_rqt_player_server) by extension 'ignore'
[0.231s] Level 1:colcon.colcon_core.package_identification:_identify(src/musashi-ros2-humble/basestation/musashi_rqt_player_server) by extension 'ignore_ament_install'
[0.231s] Level 1:colcon.colcon_core.package_identification:_identify(src/musashi-ros2-humble/basestation/musashi_rqt_player_server) by extensions ['colcon_pkg']
[0.231s] Level 1:colcon.colcon_core.package_identification:_identify(src/musashi-ros2-humble/basestation/musashi_rqt_player_server) by extension 'colcon_pkg'
[0.231s] Level 1:colcon.colcon_core.package_identification:_identify(src/musashi-ros2-humble/basestation/musashi_rqt_player_server) by extensions ['colcon_meta']
[0.231s] Level 1:colcon.colcon_core.package_identification:_identify(src/musashi-ros2-humble/basestation/musashi_rqt_player_server) by extension 'colcon_meta'
[0.231s] Level 1:colcon.colcon_core.package_identification:_identify(src/musashi-ros2-humble/basestation/musashi_rqt_player_server) by extensions ['ros']
[0.231s] Level 1:colcon.colcon_core.package_identification:_identify(src/musashi-ros2-humble/basestation/musashi_rqt_player_server) by extension 'ros'
[0.232s] DEBUG:colcon.colcon_core.package_identification:Package 'src/musashi-ros2-humble/basestation/musashi_rqt_player_server' with type 'ros.ament_python' and name 'musashi_rqt_player_server'
[0.232s] Level 1:colcon.colcon_core.package_identification:_identify(src/musashi-ros2-humble/basestation/musashi_rqt_refereebox_client) by extensions ['ignore', 'ignore_ament_install']
[0.232s] Level 1:colcon.colcon_core.package_identification:_identify(src/musashi-ros2-humble/basestation/musashi_rqt_refereebox_client) by extension 'ignore'
[0.232s] Level 1:colcon.colcon_core.package_identification:_identify(src/musashi-ros2-humble/basestation/musashi_rqt_refereebox_client) by extension 'ignore_ament_install'
[0.232s] Level 1:colcon.colcon_core.package_identification:_identify(src/musashi-ros2-humble/basestation/musashi_rqt_refereebox_client) by extensions ['colcon_pkg']
[0.232s] Level 1:colcon.colcon_core.package_identification:_identify(src/musashi-ros2-humble/basestation/musashi_rqt_refereebox_client) by extension 'colcon_pkg'
[0.232s] Level 1:colcon.colcon_core.package_identification:_identify(src/musashi-ros2-humble/basestation/musashi_rqt_refereebox_client) by extensions ['colcon_meta']
[0.232s] Level 1:colcon.colcon_core.package_identification:_identify(src/musashi-ros2-humble/basestation/musashi_rqt_refereebox_client) by extension 'colcon_meta'
[0.232s] Level 1:colcon.colcon_core.package_identification:_identify(src/musashi-ros2-humble/basestation/musashi_rqt_refereebox_client) by extensions ['ros']
[0.232s] Level 1:colcon.colcon_core.package_identification:_identify(src/musashi-ros2-humble/basestation/musashi_rqt_refereebox_client) by extension 'ros'
[0.232s] DEBUG:colcon.colcon_core.package_identification:Package 'src/musashi-ros2-humble/basestation/musashi_rqt_refereebox_client' with type 'ros.ament_python' and name 'musashi_rqt_refereebox_client'
[0.232s] Level 1:colcon.colcon_core.package_identification:_identify(src/musashi-ros2-humble/basestation/musashi_rviz) by extensions ['ignore', 'ignore_ament_install']
[0.233s] Level 1:colcon.colcon_core.package_identification:_identify(src/musashi-ros2-humble/basestation/musashi_rviz) by extension 'ignore'
[0.233s] Level 1:colcon.colcon_core.package_identification:_identify(src/musashi-ros2-humble/basestation/musashi_rviz) by extension 'ignore_ament_install'
[0.233s] Level 1:colcon.colcon_core.package_identification:_identify(src/musashi-ros2-humble/basestation/musashi_rviz) by extensions ['colcon_pkg']
[0.233s] Level 1:colcon.colcon_core.package_identification:_identify(src/musashi-ros2-humble/basestation/musashi_rviz) by extension 'colcon_pkg'
[0.233s] Level 1:colcon.colcon_core.package_identification:_identify(src/musashi-ros2-humble/basestation/musashi_rviz) by extensions ['colcon_meta']
[0.233s] Level 1:colcon.colcon_core.package_identification:_identify(src/musashi-ros2-humble/basestation/musashi_rviz) by extension 'colcon_meta'
[0.233s] Level 1:colcon.colcon_core.package_identification:_identify(src/musashi-ros2-humble/basestation/musashi_rviz) by extensions ['ros']
[0.233s] Level 1:colcon.colcon_core.package_identification:_identify(src/musashi-ros2-humble/basestation/musashi_rviz) by extension 'ros'
[0.233s] DEBUG:colcon.colcon_core.package_identification:Package 'src/musashi-ros2-humble/basestation/musashi_rviz' with type 'ros.ament_python' and name 'musashi_rviz'
[0.233s] Level 1:colcon.colcon_core.package_identification:_identify(src/musashi-ros2-humble/behavior) by extensions ['ignore', 'ignore_ament_install']
[0.233s] Level 1:colcon.colcon_core.package_identification:_identify(src/musashi-ros2-humble/behavior) by extension 'ignore'
[0.233s] Level 1:colcon.colcon_core.package_identification:_identify(src/musashi-ros2-humble/behavior) by extension 'ignore_ament_install'
[0.233s] Level 1:colcon.colcon_core.package_identification:_identify(src/musashi-ros2-humble/behavior) by extensions ['colcon_pkg']
[0.233s] Level 1:colcon.colcon_core.package_identification:_identify(src/musashi-ros2-humble/behavior) by extension 'colcon_pkg'
[0.233s] Level 1:colcon.colcon_core.package_identification:_identify(src/musashi-ros2-humble/behavior) by extensions ['colcon_meta']
[0.233s] Level 1:colcon.colcon_core.package_identification:_identify(src/musashi-ros2-humble/behavior) by extension 'colcon_meta'
[0.233s] Level 1:colcon.colcon_core.package_identification:_identify(src/musashi-ros2-humble/behavior) by extensions ['ros']
[0.233s] Level 1:colcon.colcon_core.package_identification:_identify(src/musashi-ros2-humble/behavior) by extension 'ros'
[0.233s] Level 1:colcon.colcon_core.package_identification:_identify(src/musashi-ros2-humble/behavior) by extensions ['cmake', 'python']
[0.233s] Level 1:colcon.colcon_core.package_identification:_identify(src/musashi-ros2-humble/behavior) by extension 'cmake'
[0.233s] Level 1:colcon.colcon_core.package_identification:_identify(src/musashi-ros2-humble/behavior) by extension 'python'
[0.234s] Level 1:colcon.colcon_core.package_identification:_identify(src/musashi-ros2-humble/behavior) by extensions ['python_setup_py']
[0.234s] Level 1:colcon.colcon_core.package_identification:_identify(src/musashi-ros2-humble/behavior) by extension 'python_setup_py'
[0.234s] Level 1:colcon.colcon_core.package_identification:_identify(src/musashi-ros2-humble/communication) by extensions ['ignore', 'ignore_ament_install']
[0.234s] Level 1:colcon.colcon_core.package_identification:_identify(src/musashi-ros2-humble/communication) by extension 'ignore'
[0.234s] Level 1:colcon.colcon_core.package_identification:_identify(src/musashi-ros2-humble/communication) by extension 'ignore_ament_install'
[0.234s] Level 1:colcon.colcon_core.package_identification:_identify(src/musashi-ros2-humble/communication) by extensions ['colcon_pkg']
[0.234s] Level 1:colcon.colcon_core.package_identification:_identify(src/musashi-ros2-humble/communication) by extension 'colcon_pkg'
[0.234s] Level 1:colcon.colcon_core.package_identification:_identify(src/musashi-ros2-humble/communication) by extensions ['colcon_meta']
[0.234s] Level 1:colcon.colcon_core.package_identification:_identify(src/musashi-ros2-humble/communication) by extension 'colcon_meta'
[0.234s] Level 1:colcon.colcon_core.package_identification:_identify(src/musashi-ros2-humble/communication) by extensions ['ros']
[0.234s] Level 1:colcon.colcon_core.package_identification:_identify(src/musashi-ros2-humble/communication) by extension 'ros'
[0.234s] Level 1:colcon.colcon_core.package_identification:_identify(src/musashi-ros2-humble/communication) by extensions ['cmake', 'python']
[0.234s] Level 1:colcon.colcon_core.package_identification:_identify(src/musashi-ros2-humble/communication) by extension 'cmake'
[0.234s] Level 1:colcon.colcon_core.package_identification:_identify(src/musashi-ros2-humble/communication) by extension 'python'
[0.234s] Level 1:colcon.colcon_core.package_identification:_identify(src/musashi-ros2-humble/communication) by extensions ['python_setup_py']
[0.234s] Level 1:colcon.colcon_core.package_identification:_identify(src/musashi-ros2-humble/communication) by extension 'python_setup_py'
[0.234s] Level 1:colcon.colcon_core.package_identification:_identify(src/musashi-ros2-humble/communication/musashi_basestation_client) by extensions ['ignore', 'ignore_ament_install']
[0.234s] Level 1:colcon.colcon_core.package_identification:_identify(src/musashi-ros2-humble/communication/musashi_basestation_client) by extension 'ignore'
[0.234s] Level 1:colcon.colcon_core.package_identification:_identify(src/musashi-ros2-humble/communication/musashi_basestation_client) by extension 'ignore_ament_install'
[0.234s] Level 1:colcon.colcon_core.package_identification:_identify(src/musashi-ros2-humble/communication/musashi_basestation_client) by extensions ['colcon_pkg']
[0.234s] Level 1:colcon.colcon_core.package_identification:_identify(src/musashi-ros2-humble/communication/musashi_basestation_client) by extension 'colcon_pkg'
[0.234s] Level 1:colcon.colcon_core.package_identification:_identify(src/musashi-ros2-humble/communication/musashi_basestation_client) by extensions ['colcon_meta']
[0.234s] Level 1:colcon.colcon_core.package_identification:_identify(src/musashi-ros2-humble/communication/musashi_basestation_client) by extension 'colcon_meta'
[0.234s] Level 1:colcon.colcon_core.package_identification:_identify(src/musashi-ros2-humble/communication/musashi_basestation_client) by extensions ['ros']
[0.234s] Level 1:colcon.colcon_core.package_identification:_identify(src/musashi-ros2-humble/communication/musashi_basestation_client) by extension 'ros'
[0.235s] DEBUG:colcon.colcon_core.package_identification:Package 'src/musashi-ros2-humble/communication/musashi_basestation_client' with type 'ros.ament_python' and name 'musashi_basestation_client'
[0.235s] Level 1:colcon.colcon_core.package_identification:_identify(src/musashi-ros2-humble/hardware) by extensions ['ignore', 'ignore_ament_install']
[0.235s] Level 1:colcon.colcon_core.package_identification:_identify(src/musashi-ros2-humble/hardware) by extension 'ignore'
[0.235s] Level 1:colcon.colcon_core.package_identification:_identify(src/musashi-ros2-humble/hardware) by extension 'ignore_ament_install'
[0.235s] Level 1:colcon.colcon_core.package_identification:_identify(src/musashi-ros2-humble/hardware) by extensions ['colcon_pkg']
[0.235s] Level 1:colcon.colcon_core.package_identification:_identify(src/musashi-ros2-humble/hardware) by extension 'colcon_pkg'
[0.235s] Level 1:colcon.colcon_core.package_identification:_identify(src/musashi-ros2-humble/hardware) by extensions ['colcon_meta']
[0.235s] Level 1:colcon.colcon_core.package_identification:_identify(src/musashi-ros2-humble/hardware) by extension 'colcon_meta'
[0.235s] Level 1:colcon.colcon_core.package_identification:_identify(src/musashi-ros2-humble/hardware) by extensions ['ros']
[0.235s] Level 1:colcon.colcon_core.package_identification:_identify(src/musashi-ros2-humble/hardware) by extension 'ros'
[0.235s] Level 1:colcon.colcon_core.package_identification:_identify(src/musashi-ros2-humble/hardware) by extensions ['cmake', 'python']
[0.235s] Level 1:colcon.colcon_core.package_identification:_identify(src/musashi-ros2-humble/hardware) by extension 'cmake'
[0.235s] Level 1:colcon.colcon_core.package_identification:_identify(src/musashi-ros2-humble/hardware) by extension 'python'
[0.235s] Level 1:colcon.colcon_core.package_identification:_identify(src/musashi-ros2-humble/hardware) by extensions ['python_setup_py']
[0.235s] Level 1:colcon.colcon_core.package_identification:_identify(src/musashi-ros2-humble/hardware) by extension 'python_setup_py'
[0.235s] Level 1:colcon.colcon_core.package_identification:_identify(src/musashi-ros2-humble/hardware/musashi_camera) by extensions ['ignore', 'ignore_ament_install']
[0.235s] Level 1:colcon.colcon_core.package_identification:_identify(src/musashi-ros2-humble/hardware/musashi_camera) by extension 'ignore'
[0.235s] Level 1:colcon.colcon_core.package_identification:_identify(src/musashi-ros2-humble/hardware/musashi_camera) by extension 'ignore_ament_install'
[0.235s] Level 1:colcon.colcon_core.package_identification:_identify(src/musashi-ros2-humble/hardware/musashi_camera) by extensions ['colcon_pkg']
[0.235s] Level 1:colcon.colcon_core.package_identification:_identify(src/musashi-ros2-humble/hardware/musashi_camera) by extension 'colcon_pkg'
[0.235s] Level 1:colcon.colcon_core.package_identification:_identify(src/musashi-ros2-humble/hardware/musashi_camera) by extensions ['colcon_meta']
[0.235s] Level 1:colcon.colcon_core.package_identification:_identify(src/musashi-ros2-humble/hardware/musashi_camera) by extension 'colcon_meta'
[0.235s] Level 1:colcon.colcon_core.package_identification:_identify(src/musashi-ros2-humble/hardware/musashi_camera) by extensions ['ros']
[0.235s] Level 1:colcon.colcon_core.package_identification:_identify(src/musashi-ros2-humble/hardware/musashi_camera) by extension 'ros'
[0.235s] DEBUG:colcon.colcon_core.package_identification:Package 'src/musashi-ros2-humble/hardware/musashi_camera' with type 'ros.ament_python' and name 'musashi_camera'
[0.235s] Level 1:colcon.colcon_core.package_identification:_identify(src/musashi-ros2-humble/hardware/musashi_movebase) by extensions ['ignore', 'ignore_ament_install']
[0.236s] Level 1:colcon.colcon_core.package_identification:_identify(src/musashi-ros2-humble/hardware/musashi_movebase) by extension 'ignore'
[0.236s] Level 1:colcon.colcon_core.package_identification:_identify(src/musashi-ros2-humble/hardware/musashi_movebase) by extension 'ignore_ament_install'
[0.236s] Level 1:colcon.colcon_core.package_identification:_identify(src/musashi-ros2-humble/hardware/musashi_movebase) by extensions ['colcon_pkg']
[0.236s] Level 1:colcon.colcon_core.package_identification:_identify(src/musashi-ros2-humble/hardware/musashi_movebase) by extension 'colcon_pkg'
[0.236s] Level 1:colcon.colcon_core.package_identification:_identify(src/musashi-ros2-humble/hardware/musashi_movebase) by extensions ['colcon_meta']
[0.236s] Level 1:colcon.colcon_core.package_identification:_identify(src/musashi-ros2-humble/hardware/musashi_movebase) by extension 'colcon_meta'
[0.236s] Level 1:colcon.colcon_core.package_identification:_identify(src/musashi-ros2-humble/hardware/musashi_movebase) by extensions ['ros']
[0.236s] Level 1:colcon.colcon_core.package_identification:_identify(src/musashi-ros2-humble/hardware/musashi_movebase) by extension 'ros'
[0.236s] DEBUG:colcon.colcon_core.package_identification:Package 'src/musashi-ros2-humble/hardware/musashi_movebase' with type 'ros.ament_cmake' and name 'musashi_movebase'
[0.236s] Level 1:colcon.colcon_core.package_identification:_identify(src/musashi-ros2-humble/localization) by extensions ['ignore', 'ignore_ament_install']
[0.236s] Level 1:colcon.colcon_core.package_identification:_identify(src/musashi-ros2-humble/localization) by extension 'ignore'
[0.236s] Level 1:colcon.colcon_core.package_identification:_identify(src/musashi-ros2-humble/localization) by extension 'ignore_ament_install'
[0.236s] Level 1:colcon.colcon_core.package_identification:_identify(src/musashi-ros2-humble/localization) by extensions ['colcon_pkg']
[0.236s] Level 1:colcon.colcon_core.package_identification:_identify(src/musashi-ros2-humble/localization) by extension 'colcon_pkg'
[0.236s] Level 1:colcon.colcon_core.package_identification:_identify(src/musashi-ros2-humble/localization) by extensions ['colcon_meta']
[0.236s] Level 1:colcon.colcon_core.package_identification:_identify(src/musashi-ros2-humble/localization) by extension 'colcon_meta'
[0.236s] Level 1:colcon.colcon_core.package_identification:_identify(src/musashi-ros2-humble/localization) by extensions ['ros']
[0.236s] Level 1:colcon.colcon_core.package_identification:_identify(src/musashi-ros2-humble/localization) by extension 'ros'
[0.236s] Level 1:colcon.colcon_core.package_identification:_identify(src/musashi-ros2-humble/localization) by extensions ['cmake', 'python']
[0.236s] Level 1:colcon.colcon_core.package_identification:_identify(src/musashi-ros2-humble/localization) by extension 'cmake'
[0.236s] Level 1:colcon.colcon_core.package_identification:_identify(src/musashi-ros2-humble/localization) by extension 'python'
[0.236s] Level 1:colcon.colcon_core.package_identification:_identify(src/musashi-ros2-humble/localization) by extensions ['python_setup_py']
[0.236s] Level 1:colcon.colcon_core.package_identification:_identify(src/musashi-ros2-humble/localization) by extension 'python_setup_py'
[0.237s] Level 1:colcon.colcon_core.package_identification:_identify(src/musashi-ros2-humble/musashi_description) by extensions ['ignore', 'ignore_ament_install']
[0.237s] Level 1:colcon.colcon_core.package_identification:_identify(src/musashi-ros2-humble/musashi_description) by extension 'ignore'
[0.237s] Level 1:colcon.colcon_core.package_identification:_identify(src/musashi-ros2-humble/musashi_description) by extension 'ignore_ament_install'
[0.237s] Level 1:colcon.colcon_core.package_identification:_identify(src/musashi-ros2-humble/musashi_description) by extensions ['colcon_pkg']
[0.237s] Level 1:colcon.colcon_core.package_identification:_identify(src/musashi-ros2-humble/musashi_description) by extension 'colcon_pkg'
[0.237s] Level 1:colcon.colcon_core.package_identification:_identify(src/musashi-ros2-humble/musashi_description) by extensions ['colcon_meta']
[0.237s] Level 1:colcon.colcon_core.package_identification:_identify(src/musashi-ros2-humble/musashi_description) by extension 'colcon_meta'
[0.237s] Level 1:colcon.colcon_core.package_identification:_identify(src/musashi-ros2-humble/musashi_description) by extensions ['ros']
[0.237s] Level 1:colcon.colcon_core.package_identification:_identify(src/musashi-ros2-humble/musashi_description) by extension 'ros'
[0.237s] DEBUG:colcon.colcon_core.package_identification:Package 'src/musashi-ros2-humble/musashi_description' with type 'ros.ament_python' and name 'musashi_description'
[0.237s] Level 1:colcon.colcon_core.package_identification:_identify(src/musashi-ros2-humble/musashi_msgs) by extensions ['ignore', 'ignore_ament_install']
[0.237s] Level 1:colcon.colcon_core.package_identification:_identify(src/musashi-ros2-humble/musashi_msgs) by extension 'ignore'
[0.237s] Level 1:colcon.colcon_core.package_identification:_identify(src/musashi-ros2-humble/musashi_msgs) by extension 'ignore_ament_install'
[0.237s] Level 1:colcon.colcon_core.package_identification:_identify(src/musashi-ros2-humble/musashi_msgs) by extensions ['colcon_pkg']
[0.237s] Level 1:colcon.colcon_core.package_identification:_identify(src/musashi-ros2-humble/musashi_msgs) by extension 'colcon_pkg'
[0.237s] Level 1:colcon.colcon_core.package_identification:_identify(src/musashi-ros2-humble/musashi_msgs) by extensions ['colcon_meta']
[0.237s] Level 1:colcon.colcon_core.package_identification:_identify(src/musashi-ros2-humble/musashi_msgs) by extension 'colcon_meta'
[0.237s] Level 1:colcon.colcon_core.package_identification:_identify(src/musashi-ros2-humble/musashi_msgs) by extensions ['ros']
[0.237s] Level 1:colcon.colcon_core.package_identification:_identify(src/musashi-ros2-humble/musashi_msgs) by extension 'ros'
[0.238s] DEBUG:colcon.colcon_core.package_identification:Package 'src/musashi-ros2-humble/musashi_msgs' with type 'ros.ament_cmake' and name 'musashi_msgs'
[0.238s] Level 1:colcon.colcon_core.package_identification:_identify(src/musashi-ros2-humble/perception) by extensions ['ignore', 'ignore_ament_install']
[0.238s] Level 1:colcon.colcon_core.package_identification:_identify(src/musashi-ros2-humble/perception) by extension 'ignore'
[0.238s] Level 1:colcon.colcon_core.package_identification:_identify(src/musashi-ros2-humble/perception) by extension 'ignore_ament_install'
[0.238s] Level 1:colcon.colcon_core.package_identification:_identify(src/musashi-ros2-humble/perception) by extensions ['colcon_pkg']
[0.238s] Level 1:colcon.colcon_core.package_identification:_identify(src/musashi-ros2-humble/perception) by extension 'colcon_pkg'
[0.238s] Level 1:colcon.colcon_core.package_identification:_identify(src/musashi-ros2-humble/perception) by extensions ['colcon_meta']
[0.238s] Level 1:colcon.colcon_core.package_identification:_identify(src/musashi-ros2-humble/perception) by extension 'colcon_meta'
[0.238s] Level 1:colcon.colcon_core.package_identification:_identify(src/musashi-ros2-humble/perception) by extensions ['ros']
[0.238s] Level 1:colcon.colcon_core.package_identification:_identify(src/musashi-ros2-humble/perception) by extension 'ros'
[0.238s] Level 1:colcon.colcon_core.package_identification:_identify(src/musashi-ros2-humble/perception) by extensions ['cmake', 'python']
[0.238s] Level 1:colcon.colcon_core.package_identification:_identify(src/musashi-ros2-humble/perception) by extension 'cmake'
[0.238s] Level 1:colcon.colcon_core.package_identification:_identify(src/musashi-ros2-humble/perception) by extension 'python'
[0.238s] Level 1:colcon.colcon_core.package_identification:_identify(src/musashi-ros2-humble/perception) by extensions ['python_setup_py']
[0.238s] Level 1:colcon.colcon_core.package_identification:_identify(src/musashi-ros2-humble/perception) by extension 'python_setup_py'
[0.238s] Level 1:colcon.colcon_core.package_discovery:discover_packages(recursive) using defaults
[0.238s] Level 1:colcon.colcon_core.package_discovery:discover_packages(ignore) discover
[0.238s] Level 1:colcon.colcon_core.package_discovery:discover_packages(ignore) using defaults
[0.238s] Level 1:colcon.colcon_core.package_discovery:discover_packages(path) discover
[0.238s] Level 1:colcon.colcon_core.package_discovery:discover_packages(path) using defaults
[0.258s] Level 1:colcon.colcon_core.package_discovery:discover_packages(prefix_path) check parameters
[0.258s] Level 1:colcon.colcon_core.package_discovery:discover_packages(prefix_path) discover
[0.258s] WARNING:colcon.colcon_ros.prefix_path.ament:The path '/home/aviken/colcon_ws/install/musashi_rviz' in the environment variable AMENT_PREFIX_PATH doesn't exist
[0.259s] WARNING:colcon.colcon_ros.prefix_path.ament:The path '/home/aviken/colcon_ws/install/musashi_rqt_refereebox_client' in the environment variable AMENT_PREFIX_PATH doesn't exist
[0.259s] WARNING:colcon.colcon_ros.prefix_path.ament:The path '/home/aviken/colcon_ws/install/musashi_rqt_player_server' in the environment variable AMENT_PREFIX_PATH doesn't exist
[0.259s] WARNING:colcon.colcon_ros.prefix_path.ament:The path '/home/aviken/colcon_ws/install/musashi_rqt_player_controller' in the environment variable AMENT_PREFIX_PATH doesn't exist
[0.259s] WARNING:colcon.colcon_ros.prefix_path.ament:The path '/home/aviken/colcon_ws/install/musashi_msgs' in the environment variable AMENT_PREFIX_PATH doesn't exist
[0.259s] WARNING:colcon.colcon_ros.prefix_path.ament:The path '/home/aviken/colcon_ws/install/musashi_description' in the environment variable AMENT_PREFIX_PATH doesn't exist
[0.259s] WARNING:colcon.colcon_ros.prefix_path.ament:The path '/home/aviken/colcon_ws/install/musashi_camera' in the environment variable AMENT_PREFIX_PATH doesn't exist
[0.259s] WARNING:colcon.colcon_ros.prefix_path.ament:The path '/home/aviken/colcon_ws/install/musashi_basestation_client' in the environment variable AMENT_PREFIX_PATH doesn't exist
[0.259s] WARNING:colcon.colcon_ros.prefix_path.catkin:The path '/home/aviken/colcon_ws/install/musashi_msgs' in the environment variable CMAKE_PREFIX_PATH doesn't exist
[0.259s] DEBUG:colcon.colcon_installed_package_information.package_discovery:Found 21 installed packages in /home/aviken/turtlebot3_ws/install
[0.260s] DEBUG:colcon.colcon_installed_package_information.package_discovery:Found 0 installed packages in /home/aviken/colcon_ws/install
[0.261s] DEBUG:colcon.colcon_installed_package_information.package_discovery:Found 398 installed packages in /opt/ros/humble
[0.262s] Level 1:colcon.colcon_core.package_discovery:discover_packages(prefix_path) using defaults
[0.290s] Level 5:colcon.colcon_core.verb:set package 'musashi_basestation_client' build argument 'cmake_args' from command line to 'None'
[0.290s] Level 5:colcon.colcon_core.verb:set package 'musashi_basestation_client' build argument 'cmake_target' from command line to 'None'
[0.290s] Level 5:colcon.colcon_core.verb:set package 'musashi_basestation_client' build argument 'cmake_target_skip_unavailable' from command line to 'False'
[0.290s] Level 5:colcon.colcon_core.verb:set package 'musashi_basestation_client' build argument 'cmake_clean_cache' from command line to 'False'
[0.290s] Level 5:colcon.colcon_core.verb:set package 'musashi_basestation_client' build argument 'cmake_clean_first' from command line to 'False'
[0.290s] Level 5:colcon.colcon_core.verb:set package 'musashi_basestation_client' build argument 'cmake_force_configure' from command line to 'False'
[0.290s] Level 5:colcon.colcon_core.verb:set package 'musashi_basestation_client' build argument 'ament_cmake_args' from command line to 'None'
[0.290s] Level 5:colcon.colcon_core.verb:set package 'musashi_basestation_client' build argument 'catkin_cmake_args' from command line to 'None'
[0.290s] Level 5:colcon.colcon_core.verb:set package 'musashi_basestation_client' build argument 'catkin_skip_building_tests' from command line to 'False'
[0.290s] DEBUG:colcon.colcon_core.verb:Building package 'musashi_basestation_client' with the following arguments: {'ament_cmake_args': None, 'build_base': '/home/aviken/colcon_ws/build/musashi_basestation_client', 'catkin_cmake_args': None, 'catkin_skip_building_tests': False, 'cmake_args': None, 'cmake_clean_cache': False, 'cmake_clean_first': False, 'cmake_force_configure': False, 'cmake_target': None, 'cmake_target_skip_unavailable': False, 'install_base': '/home/aviken/colcon_ws/install/musashi_basestation_client', 'merge_install': False, 'path': '/home/aviken/colcon_ws/src/musashi-ros2-humble/communication/musashi_basestation_client', 'symlink_install': True, 'test_result_base': None}
[0.290s] Level 5:colcon.colcon_core.verb:set package 'musashi_camera' build argument 'cmake_args' from command line to 'None'
[0.290s] Level 5:colcon.colcon_core.verb:set package 'musashi_camera' build argument 'cmake_target' from command line to 'None'
[0.290s] Level 5:colcon.colcon_core.verb:set package 'musashi_camera' build argument 'cmake_target_skip_unavailable' from command line to 'False'
[0.290s] Level 5:colcon.colcon_core.verb:set package 'musashi_camera' build argument 'cmake_clean_cache' from command line to 'False'
[0.290s] Level 5:colcon.colcon_core.verb:set package 'musashi_camera' build argument 'cmake_clean_first' from command line to 'False'
[0.290s] Level 5:colcon.colcon_core.verb:set package 'musashi_camera' build argument 'cmake_force_configure' from command line to 'False'
[0.290s] Level 5:colcon.colcon_core.verb:set package 'musashi_camera' build argument 'ament_cmake_args' from command line to 'None'
[0.290s] Level 5:colcon.colcon_core.verb:set package 'musashi_camera' build argument 'catkin_cmake_args' from command line to 'None'
[0.290s] Level 5:colcon.colcon_core.verb:set package 'musashi_camera' build argument 'catkin_skip_building_tests' from command line to 'False'
[0.290s] DEBUG:colcon.colcon_core.verb:Building package 'musashi_camera' with the following arguments: {'ament_cmake_args': None, 'build_base': '/home/aviken/colcon_ws/build/musashi_camera', 'catkin_cmake_args': None, 'catkin_skip_building_tests': False, 'cmake_args': None, 'cmake_clean_cache': False, 'cmake_clean_first': False, 'cmake_force_configure': False, 'cmake_target': None, 'cmake_target_skip_unavailable': False, 'install_base': '/home/aviken/colcon_ws/install/musashi_camera', 'merge_install': False, 'path': '/home/aviken/colcon_ws/src/musashi-ros2-humble/hardware/musashi_camera', 'symlink_install': True, 'test_result_base': None}
[0.290s] Level 5:colcon.colcon_core.verb:set package 'musashi_description' build argument 'cmake_args' from command line to 'None'
[0.290s] Level 5:colcon.colcon_core.verb:set package 'musashi_description' build argument 'cmake_target' from command line to 'None'
[0.290s] Level 5:colcon.colcon_core.verb:set package 'musashi_description' build argument 'cmake_target_skip_unavailable' from command line to 'False'
[0.291s] Level 5:colcon.colcon_core.verb:set package 'musashi_description' build argument 'cmake_clean_cache' from command line to 'False'
[0.291s] Level 5:colcon.colcon_core.verb:set package 'musashi_description' build argument 'cmake_clean_first' from command line to 'False'
[0.291s] Level 5:colcon.colcon_core.verb:set package 'musashi_description' build argument 'cmake_force_configure' from command line to 'False'
[0.291s] Level 5:colcon.colcon_core.verb:set package 'musashi_description' build argument 'ament_cmake_args' from command line to 'None'
[0.291s] Level 5:colcon.colcon_core.verb:set package 'musashi_description' build argument 'catkin_cmake_args' from command line to 'None'
[0.291s] Level 5:colcon.colcon_core.verb:set package 'musashi_description' build argument 'catkin_skip_building_tests' from command line to 'False'
[0.291s] DEBUG:colcon.colcon_core.verb:Building package 'musashi_description' with the following arguments: {'ament_cmake_args': None, 'build_base': '/home/aviken/colcon_ws/build/musashi_description', 'catkin_cmake_args': None, 'catkin_skip_building_tests': False, 'cmake_args': None, 'cmake_clean_cache': False, 'cmake_clean_first': False, 'cmake_force_configure': False, 'cmake_target': None, 'cmake_target_skip_unavailable': False, 'install_base': '/home/aviken/colcon_ws/install/musashi_description', 'merge_install': False, 'path': '/home/aviken/colcon_ws/src/musashi-ros2-humble/musashi_description', 'symlink_install': True, 'test_result_base': None}
[0.291s] Level 5:colcon.colcon_core.verb:set package 'musashi_msgs' build argument 'cmake_args' from command line to 'None'
[0.291s] Level 5:colcon.colcon_core.verb:set package 'musashi_msgs' build argument 'cmake_target' from command line to 'None'
[0.291s] Level 5:colcon.colcon_core.verb:set package 'musashi_msgs' build argument 'cmake_target_skip_unavailable' from command line to 'False'
[0.291s] Level 5:colcon.colcon_core.verb:set package 'musashi_msgs' build argument 'cmake_clean_cache' from command line to 'False'
[0.291s] Level 5:colcon.colcon_core.verb:set package 'musashi_msgs' build argument 'cmake_clean_first' from command line to 'False'
[0.291s] Level 5:colcon.colcon_core.verb:set package 'musashi_msgs' build argument 'cmake_force_configure' from command line to 'False'
[0.291s] Level 5:colcon.colcon_core.verb:set package 'musashi_msgs' build argument 'ament_cmake_args' from command line to 'None'
[0.291s] Level 5:colcon.colcon_core.verb:set package 'musashi_msgs' build argument 'catkin_cmake_args' from command line to 'None'
[0.291s] Level 5:colcon.colcon_core.verb:set package 'musashi_msgs' build argument 'catkin_skip_building_tests' from command line to 'False'
[0.291s] DEBUG:colcon.colcon_core.verb:Building package 'musashi_msgs' with the following arguments: {'ament_cmake_args': None, 'build_base': '/home/aviken/colcon_ws/build/musashi_msgs', 'catkin_cmake_args': None, 'catkin_skip_building_tests': False, 'cmake_args': None, 'cmake_clean_cache': False, 'cmake_clean_first': False, 'cmake_force_configure': False, 'cmake_target': None, 'cmake_target_skip_unavailable': False, 'install_base': '/home/aviken/colcon_ws/install/musashi_msgs', 'merge_install': False, 'path': '/home/aviken/colcon_ws/src/musashi-ros2-humble/musashi_msgs', 'symlink_install': True, 'test_result_base': None}
[0.291s] Level 5:colcon.colcon_core.verb:set package 'musashi_rqt_player_controller' build argument 'cmake_args' from command line to 'None'
[0.291s] Level 5:colcon.colcon_core.verb:set package 'musashi_rqt_player_controller' build argument 'cmake_target' from command line to 'None'
[0.291s] Level 5:colcon.colcon_core.verb:set package 'musashi_rqt_player_controller' build argument 'cmake_target_skip_unavailable' from command line to 'False'
[0.291s] Level 5:colcon.colcon_core.verb:set package 'musashi_rqt_player_controller' build argument 'cmake_clean_cache' from command line to 'False'
[0.291s] Level 5:colcon.colcon_core.verb:set package 'musashi_rqt_player_controller' build argument 'cmake_clean_first' from command line to 'False'
[0.291s] Level 5:colcon.colcon_core.verb:set package 'musashi_rqt_player_controller' build argument 'cmake_force_configure' from command line to 'False'
[0.291s] Level 5:colcon.colcon_core.verb:set package 'musashi_rqt_player_controller' build argument 'ament_cmake_args' from command line to 'None'
[0.291s] Level 5:colcon.colcon_core.verb:set package 'musashi_rqt_player_controller' build argument 'catkin_cmake_args' from command line to 'None'
[0.291s] Level 5:colcon.colcon_core.verb:set package 'musashi_rqt_player_controller' build argument 'catkin_skip_building_tests' from command line to 'False'
[0.291s] DEBUG:colcon.colcon_core.verb:Building package 'musashi_rqt_player_controller' with the following arguments: {'ament_cmake_args': None, 'build_base': '/home/aviken/colcon_ws/build/musashi_rqt_player_controller', 'catkin_cmake_args': None, 'catkin_skip_building_tests': False, 'cmake_args': None, 'cmake_clean_cache': False, 'cmake_clean_first': False, 'cmake_force_configure': False, 'cmake_target': None, 'cmake_target_skip_unavailable': False, 'install_base': '/home/aviken/colcon_ws/install/musashi_rqt_player_controller', 'merge_install': False, 'path': '/home/aviken/colcon_ws/src/musashi-ros2-humble/basestation/musashi_rqt_player_controller', 'symlink_install': True, 'test_result_base': None}
[0.291s] Level 5:colcon.colcon_core.verb:set package 'musashi_rqt_player_server' build argument 'cmake_args' from command line to 'None'
[0.291s] Level 5:colcon.colcon_core.verb:set package 'musashi_rqt_player_server' build argument 'cmake_target' from command line to 'None'
[0.291s] Level 5:colcon.colcon_core.verb:set package 'musashi_rqt_player_server' build argument 'cmake_target_skip_unavailable' from command line to 'False'
[0.291s] Level 5:colcon.colcon_core.verb:set package 'musashi_rqt_player_server' build argument 'cmake_clean_cache' from command line to 'False'
[0.291s] Level 5:colcon.colcon_core.verb:set package 'musashi_rqt_player_server' build argument 'cmake_clean_first' from command line to 'False'
[0.291s] Level 5:colcon.colcon_core.verb:set package 'musashi_rqt_player_server' build argument 'cmake_force_configure' from command line to 'False'
[0.291s] Level 5:colcon.colcon_core.verb:set package 'musashi_rqt_player_server' build argument 'ament_cmake_args' from command line to 'None'
[0.291s] Level 5:colcon.colcon_core.verb:set package 'musashi_rqt_player_server' build argument 'catkin_cmake_args' from command line to 'None'
[0.291s] Level 5:colcon.colcon_core.verb:set package 'musashi_rqt_player_server' build argument 'catkin_skip_building_tests' from command line to 'False'
[0.292s] DEBUG:colcon.colcon_core.verb:Building package 'musashi_rqt_player_server' with the following arguments: {'ament_cmake_args': None, 'build_base': '/home/aviken/colcon_ws/build/musashi_rqt_player_server', 'catkin_cmake_args': None, 'catkin_skip_building_tests': False, 'cmake_args': None, 'cmake_clean_cache': False, 'cmake_clean_first': False, 'cmake_force_configure': False, 'cmake_target': None, 'cmake_target_skip_unavailable': False, 'install_base': '/home/aviken/colcon_ws/install/musashi_rqt_player_server', 'merge_install': False, 'path': '/home/aviken/colcon_ws/src/musashi-ros2-humble/basestation/musashi_rqt_player_server', 'symlink_install': True, 'test_result_base': None}
[0.292s] Level 5:colcon.colcon_core.verb:set package 'musashi_rqt_refereebox_client' build argument 'cmake_args' from command line to 'None'
[0.292s] Level 5:colcon.colcon_core.verb:set package 'musashi_rqt_refereebox_client' build argument 'cmake_target' from command line to 'None'
[0.292s] Level 5:colcon.colcon_core.verb:set package 'musashi_rqt_refereebox_client' build argument 'cmake_target_skip_unavailable' from command line to 'False'
[0.292s] Level 5:colcon.colcon_core.verb:set package 'musashi_rqt_refereebox_client' build argument 'cmake_clean_cache' from command line to 'False'
[0.292s] Level 5:colcon.colcon_core.verb:set package 'musashi_rqt_refereebox_client' build argument 'cmake_clean_first' from command line to 'False'
[0.292s] Level 5:colcon.colcon_core.verb:set package 'musashi_rqt_refereebox_client' build argument 'cmake_force_configure' from command line to 'False'
[0.292s] Level 5:colcon.colcon_core.verb:set package 'musashi_rqt_refereebox_client' build argument 'ament_cmake_args' from command line to 'None'
[0.292s] Level 5:colcon.colcon_core.verb:set package 'musashi_rqt_refereebox_client' build argument 'catkin_cmake_args' from command line to 'None'
[0.292s] Level 5:colcon.colcon_core.verb:set package 'musashi_rqt_refereebox_client' build argument 'catkin_skip_building_tests' from command line to 'False'
[0.292s] DEBUG:colcon.colcon_core.verb:Building package 'musashi_rqt_refereebox_client' with the following arguments: {'ament_cmake_args': None, 'build_base': '/home/aviken/colcon_ws/build/musashi_rqt_refereebox_client', 'catkin_cmake_args': None, 'catkin_skip_building_tests': False, 'cmake_args': None, 'cmake_clean_cache': False, 'cmake_clean_first': False, 'cmake_force_configure': False, 'cmake_target': None, 'cmake_target_skip_unavailable': False, 'install_base': '/home/aviken/colcon_ws/install/musashi_rqt_refereebox_client', 'merge_install': False, 'path': '/home/aviken/colcon_ws/src/musashi-ros2-humble/basestation/musashi_rqt_refereebox_client', 'symlink_install': True, 'test_result_base': None}
[0.292s] Level 5:colcon.colcon_core.verb:set package 'musashi_movebase' build argument 'cmake_args' from command line to 'None'
[0.292s] Level 5:colcon.colcon_core.verb:set package 'musashi_movebase' build argument 'cmake_target' from command line to 'None'
[0.292s] Level 5:colcon.colcon_core.verb:set package 'musashi_movebase' build argument 'cmake_target_skip_unavailable' from command line to 'False'
[0.292s] Level 5:colcon.colcon_core.verb:set package 'musashi_movebase' build argument 'cmake_clean_cache' from command line to 'False'
[0.292s] Level 5:colcon.colcon_core.verb:set package 'musashi_movebase' build argument 'cmake_clean_first' from command line to 'False'
[0.292s] Level 5:colcon.colcon_core.verb:set package 'musashi_movebase' build argument 'cmake_force_configure' from command line to 'False'
[0.292s] Level 5:colcon.colcon_core.verb:set package 'musashi_movebase' build argument 'ament_cmake_args' from command line to 'None'
[0.292s] Level 5:colcon.colcon_core.verb:set package 'musashi_movebase' build argument 'catkin_cmake_args' from command line to 'None'
[0.292s] Level 5:colcon.colcon_core.verb:set package 'musashi_movebase' build argument 'catkin_skip_building_tests' from command line to 'False'
[0.292s] DEBUG:colcon.colcon_core.verb:Building package 'musashi_movebase' with the following arguments: {'ament_cmake_args': None, 'build_base': '/home/aviken/colcon_ws/build/musashi_movebase', 'catkin_cmake_args': None, 'catkin_skip_building_tests': False, 'cmake_args': None, 'cmake_clean_cache': False, 'cmake_clean_first': False, 'cmake_force_configure': False, 'cmake_target': None, 'cmake_target_skip_unavailable': False, 'install_base': '/home/aviken/colcon_ws/install/musashi_movebase', 'merge_install': False, 'path': '/home/aviken/colcon_ws/src/musashi-ros2-humble/hardware/musashi_movebase', 'symlink_install': True, 'test_result_base': None}
[0.292s] Level 5:colcon.colcon_core.verb:set package 'musashi_rviz' build argument 'cmake_args' from command line to 'None'
[0.292s] Level 5:colcon.colcon_core.verb:set package 'musashi_rviz' build argument 'cmake_target' from command line to 'None'
[0.292s] Level 5:colcon.colcon_core.verb:set package 'musashi_rviz' build argument 'cmake_target_skip_unavailable' from command line to 'False'
[0.292s] Level 5:colcon.colcon_core.verb:set package 'musashi_rviz' build argument 'cmake_clean_cache' from command line to 'False'
[0.292s] Level 5:colcon.colcon_core.verb:set package 'musashi_rviz' build argument 'cmake_clean_first' from command line to 'False'
[0.292s] Level 5:colcon.colcon_core.verb:set package 'musashi_rviz' build argument 'cmake_force_configure' from command line to 'False'
[0.292s] Level 5:colcon.colcon_core.verb:set package 'musashi_rviz' build argument 'ament_cmake_args' from command line to 'None'
[0.292s] Level 5:colcon.colcon_core.verb:set package 'musashi_rviz' build argument 'catkin_cmake_args' from command line to 'None'
[0.292s] Level 5:colcon.colcon_core.verb:set package 'musashi_rviz' build argument 'catkin_skip_building_tests' from command line to 'False'
[0.292s] DEBUG:colcon.colcon_core.verb:Building package 'musashi_rviz' with the following arguments: {'ament_cmake_args': None, 'build_base': '/home/aviken/colcon_ws/build/musashi_rviz', 'catkin_cmake_args': None, 'catkin_skip_building_tests': False, 'cmake_args': None, 'cmake_clean_cache': False, 'cmake_clean_first': False, 'cmake_force_configure': False, 'cmake_target': None, 'cmake_target_skip_unavailable': False, 'install_base': '/home/aviken/colcon_ws/install/musashi_rviz', 'merge_install': False, 'path': '/home/aviken/colcon_ws/src/musashi-ros2-humble/basestation/musashi_rviz', 'symlink_install': True, 'test_result_base': None}
[0.293s] INFO:colcon.colcon_core.executor:Executing jobs using 'parallel' executor
[0.293s] DEBUG:colcon.colcon_parallel_executor.executor.parallel:run_until_complete
[0.294s] INFO:colcon.colcon_ros.task.ament_cmake.build:Building ROS package in '/home/aviken/colcon_ws/src/musashi-ros2-humble/musashi_msgs' with build type 'ament_cmake'
[0.294s] INFO:colcon.colcon_cmake.task.cmake.build:Building CMake package in '/home/aviken/colcon_ws/src/musashi-ros2-humble/musashi_msgs'
[0.295s] INFO:colcon.colcon_core.plugin_system:Skipping extension 'colcon_core.shell.bat': Not used on non-Windows systems
[0.295s] INFO:colcon.colcon_core.shell:Skip shell extension 'powershell' for command environment: Not usable outside of PowerShell
[0.295s] DEBUG:colcon.colcon_core.shell:Skip shell extension 'dsv' for command environment
[0.298s] INFO:colcon.colcon_ros.task.ament_python.build:Building ROS package in '/home/aviken/colcon_ws/src/musashi-ros2-humble/communication/musashi_basestation_client' with build type 'ament_python'
[0.298s] Level 1:colcon.colcon_core.shell:create_environment_hook('musashi_basestation_client', 'ament_prefix_path')
[0.298s] INFO:colcon.colcon_core.shell:Creating environment hook '/home/aviken/colcon_ws/install/musashi_basestation_client/share/musashi_basestation_client/hook/ament_prefix_path.ps1'
[0.298s] INFO:colcon.colcon_core.shell:Creating environment descriptor '/home/aviken/colcon_ws/install/musashi_basestation_client/share/musashi_basestation_client/hook/ament_prefix_path.dsv'
[0.299s] INFO:colcon.colcon_core.shell:Creating environment hook '/home/aviken/colcon_ws/install/musashi_basestation_client/share/musashi_basestation_client/hook/ament_prefix_path.sh'
[0.299s] INFO:colcon.colcon_core.shell:Skip shell extension 'powershell' for command environment: Not usable outside of PowerShell
[0.299s] DEBUG:colcon.colcon_core.shell:Skip shell extension 'dsv' for command environment
[0.302s] INFO:colcon.colcon_ros.task.ament_python.build:Building ROS package in '/home/aviken/colcon_ws/src/musashi-ros2-humble/hardware/musashi_camera' with build type 'ament_python'
[0.302s] Level 1:colcon.colcon_core.shell:create_environment_hook('musashi_camera', 'ament_prefix_path')
[0.302s] INFO:colcon.colcon_core.shell:Creating environment hook '/home/aviken/colcon_ws/install/musashi_camera/share/musashi_camera/hook/ament_prefix_path.ps1'
[0.302s] INFO:colcon.colcon_core.shell:Creating environment descriptor '/home/aviken/colcon_ws/install/musashi_camera/share/musashi_camera/hook/ament_prefix_path.dsv'
[0.302s] INFO:colcon.colcon_core.shell:Creating environment hook '/home/aviken/colcon_ws/install/musashi_camera/share/musashi_camera/hook/ament_prefix_path.sh'
[0.303s] INFO:colcon.colcon_core.shell:Skip shell extension 'powershell' for command environment: Not usable outside of PowerShell
[0.303s] DEBUG:colcon.colcon_core.shell:Skip shell extension 'dsv' for command environment
[0.305s] INFO:colcon.colcon_ros.task.ament_python.build:Building ROS package in '/home/aviken/colcon_ws/src/musashi-ros2-humble/musashi_description' with build type 'ament_python'
[0.305s] Level 1:colcon.colcon_core.shell:create_environment_hook('musashi_description', 'ament_prefix_path')
[0.306s] INFO:colcon.colcon_core.shell:Creating environment hook '/home/aviken/colcon_ws/install/musashi_description/share/musashi_description/hook/ament_prefix_path.ps1'
[0.306s] INFO:colcon.colcon_core.shell:Creating environment descriptor '/home/aviken/colcon_ws/install/musashi_description/share/musashi_description/hook/ament_prefix_path.dsv'
[0.306s] INFO:colcon.colcon_core.shell:Creating environment hook '/home/aviken/colcon_ws/install/musashi_description/share/musashi_description/hook/ament_prefix_path.sh'
[0.306s] INFO:colcon.colcon_core.shell:Skip shell extension 'powershell' for command environment: Not usable outside of PowerShell
[0.306s] DEBUG:colcon.colcon_core.shell:Skip shell extension 'dsv' for command environment
[0.309s] INFO:colcon.colcon_ros.task.ament_python.build:Building ROS package in '/home/aviken/colcon_ws/src/musashi-ros2-humble/basestation/musashi_rqt_player_controller' with build type 'ament_python'
[0.309s] Level 1:colcon.colcon_core.shell:create_environment_hook('musashi_rqt_player_controller', 'ament_prefix_path')
[0.309s] INFO:colcon.colcon_core.shell:Creating environment hook '/home/aviken/colcon_ws/install/musashi_rqt_player_controller/share/musashi_rqt_player_controller/hook/ament_prefix_path.ps1'
[0.310s] INFO:colcon.colcon_core.shell:Creating environment descriptor '/home/aviken/colcon_ws/install/musashi_rqt_player_controller/share/musashi_rqt_player_controller/hook/ament_prefix_path.dsv'
[0.310s] INFO:colcon.colcon_core.shell:Creating environment hook '/home/aviken/colcon_ws/install/musashi_rqt_player_controller/share/musashi_rqt_player_controller/hook/ament_prefix_path.sh'
[0.310s] INFO:colcon.colcon_core.shell:Skip shell extension 'powershell' for command environment: Not usable outside of PowerShell
[0.310s] DEBUG:colcon.colcon_core.shell:Skip shell extension 'dsv' for command environment
[0.313s] INFO:colcon.colcon_ros.task.ament_python.build:Building ROS package in '/home/aviken/colcon_ws/src/musashi-ros2-humble/basestation/musashi_rqt_player_server' with build type 'ament_python'
[0.313s] Level 1:colcon.colcon_core.shell:create_environment_hook('musashi_rqt_player_server', 'ament_prefix_path')
[0.313s] INFO:colcon.colcon_core.shell:Creating environment hook '/home/aviken/colcon_ws/install/musashi_rqt_player_server/share/musashi_rqt_player_server/hook/ament_prefix_path.ps1'
[0.313s] INFO:colcon.colcon_core.shell:Creating environment descriptor '/home/aviken/colcon_ws/install/musashi_rqt_player_server/share/musashi_rqt_player_server/hook/ament_prefix_path.dsv'
[0.313s] INFO:colcon.colcon_core.shell:Creating environment hook '/home/aviken/colcon_ws/install/musashi_rqt_player_server/share/musashi_rqt_player_server/hook/ament_prefix_path.sh'
[0.314s] INFO:colcon.colcon_core.shell:Skip shell extension 'powershell' for command environment: Not usable outside of PowerShell
[0.314s] DEBUG:colcon.colcon_core.shell:Skip shell extension 'dsv' for command environment
[0.316s] INFO:colcon.colcon_ros.task.ament_python.build:Building ROS package in '/home/aviken/colcon_ws/src/musashi-ros2-humble/basestation/musashi_rqt_refereebox_client' with build type 'ament_python'
[0.316s] Level 1:colcon.colcon_core.shell:create_environment_hook('musashi_rqt_refereebox_client', 'ament_prefix_path')
[0.317s] INFO:colcon.colcon_core.shell:Creating environment hook '/home/aviken/colcon_ws/install/musashi_rqt_refereebox_client/share/musashi_rqt_refereebox_client/hook/ament_prefix_path.ps1'
[0.317s] INFO:colcon.colcon_core.shell:Creating environment descriptor '/home/aviken/colcon_ws/install/musashi_rqt_refereebox_client/share/musashi_rqt_refereebox_client/hook/ament_prefix_path.dsv'
[0.317s] INFO:colcon.colcon_core.shell:Creating environment hook '/home/aviken/colcon_ws/install/musashi_rqt_refereebox_client/share/musashi_rqt_refereebox_client/hook/ament_prefix_path.sh'
[0.317s] INFO:colcon.colcon_core.shell:Skip shell extension 'powershell' for command environment: Not usable outside of PowerShell
[0.317s] DEBUG:colcon.colcon_core.shell:Skip shell extension 'dsv' for command environment
[0.323s] DEBUG:colcon.colcon_core.event_handler.log_command:Invoking command in '/home/aviken/colcon_ws/build/musashi_msgs': CMAKE_PREFIX_PATH=${CMAKE_PREFIX_PATH}:/home/aviken/turtlebot3_ws/install/turtlebot3_yolo_object_detection:/home/aviken/turtlebot3_ws/install/turtlebot3_teleop:/home/aviken/turtlebot3_ws/install/turtlebot3_ps4_teleop:/home/aviken/turtlebot3_ws/install/turtlebot3_example:/home/aviken/turtlebot3_ws/install/turtlebot3_automatic_parking_vision:/home/aviken/turtlebot3_ws/install/turtlebot3_automatic_parking:/home/aviken/turtlebot3_ws/install/turtlebot3_aruco_tracker:/home/aviken/colcon_ws/install/musashi_rviz:/home/aviken/colcon_ws/install/musashi_rqt_refereebox_client:/home/aviken/colcon_ws/install/musashi_rqt_player_server:/home/aviken/colcon_ws/install/musashi_rqt_player_controller:/home/aviken/colcon_ws/install/musashi_description:/home/aviken/colcon_ws/install/musashi_camera:/home/aviken/colcon_ws/install/musashi_basestation_client:/opt/ros/humble /usr/bin/cmake /home/aviken/colcon_ws/src/musashi-ros2-humble/musashi_msgs -DAMENT_CMAKE_SYMLINK_INSTALL=1 -DCMAKE_INSTALL_PREFIX=/home/aviken/colcon_ws/install/musashi_msgs
[0.501s] INFO:colcon.colcon_core.task.python.build:Building Python package in '/home/aviken/colcon_ws/src/musashi-ros2-humble/communication/musashi_basestation_client'
[0.501s] INFO:colcon.colcon_core.shell:Skip shell extension 'powershell' for command environment: Not usable outside of PowerShell
[0.501s] DEBUG:colcon.colcon_core.shell:Skip shell extension 'dsv' for command environment
[0.702s] INFO:colcon.colcon_core.task.python.build:Building Python package in '/home/aviken/colcon_ws/src/musashi-ros2-humble/hardware/musashi_camera'
[0.702s] INFO:colcon.colcon_core.shell:Skip shell extension 'powershell' for command environment: Not usable outside of PowerShell
[0.702s] DEBUG:colcon.colcon_core.shell:Skip shell extension 'dsv' for command environment
[0.877s] INFO:colcon.colcon_core.task.python.build:Building Python package in '/home/aviken/colcon_ws/src/musashi-ros2-humble/musashi_description'
[0.878s] INFO:colcon.colcon_core.shell:Skip shell extension 'powershell' for command environment: Not usable outside of PowerShell
[0.878s] DEBUG:colcon.colcon_core.shell:Skip shell extension 'dsv' for command environment
[1.050s] INFO:colcon.colcon_core.task.python.build:Building Python package in '/home/aviken/colcon_ws/src/musashi-ros2-humble/basestation/musashi_rqt_player_controller'
[1.050s] INFO:colcon.colcon_core.shell:Skip shell extension 'powershell' for command environment: Not usable outside of PowerShell
[1.050s] DEBUG:colcon.colcon_core.shell:Skip shell extension 'dsv' for command environment
[1.233s] INFO:colcon.colcon_core.task.python.build:Building Python package in '/home/aviken/colcon_ws/src/musashi-ros2-humble/basestation/musashi_rqt_player_server'
[1.233s] INFO:colcon.colcon_core.shell:Skip shell extension 'powershell' for command environment: Not usable outside of PowerShell
[1.233s] DEBUG:colcon.colcon_core.shell:Skip shell extension 'dsv' for command environment
[1.421s] INFO:colcon.colcon_core.task.python.build:Building Python package in '/home/aviken/colcon_ws/src/musashi-ros2-humble/basestation/musashi_rqt_refereebox_client'
[1.421s] INFO:colcon.colcon_core.shell:Skip shell extension 'powershell' for command environment: Not usable outside of PowerShell
[1.421s] DEBUG:colcon.colcon_core.shell:Skip shell extension 'dsv' for command environment
[1.720s] DEBUG:colcon.colcon_core.event_handler.log_command:Invoking command in '/home/aviken/colcon_ws/build/musashi_rqt_player_controller': PYTHONPATH=/home/aviken/colcon_ws/build/musashi_rqt_player_controller/prefix_override:/usr/lib/python3/dist-packages/colcon_core/task/python/colcon_distutils_commands:/home/aviken/colcon_ws/install/musashi_rqt_player_controller/lib/python3.10/site-packages:${PYTHONPATH} /usr/bin/python3 -W ignore:setup.py install is deprecated -W ignore:easy_install command is deprecated setup.py develop --editable --build-directory /home/aviken/colcon_ws/build/musashi_rqt_player_controller/build --no-deps symlink_data
[1.724s] DEBUG:colcon.colcon_core.event_handler.log_command:Invoking command in '/home/aviken/colcon_ws/build/musashi_basestation_client': PYTHONPATH=/home/aviken/colcon_ws/build/musashi_basestation_client/prefix_override:/usr/lib/python3/dist-packages/colcon_core/task/python/colcon_distutils_commands:/home/aviken/colcon_ws/install/musashi_basestation_client/lib/python3.10/site-packages:${PYTHONPATH} /usr/bin/python3 -W ignore:setup.py install is deprecated -W ignore:easy_install command is deprecated setup.py develop --editable --build-directory /home/aviken/colcon_ws/build/musashi_basestation_client/build --no-deps symlink_data
[1.726s] DEBUG:colcon.colcon_core.event_handler.log_command:Invoking command in '/home/aviken/colcon_ws/build/musashi_camera': PYTHONPATH=/home/aviken/colcon_ws/build/musashi_camera/prefix_override:/usr/lib/python3/dist-packages/colcon_core/task/python/colcon_distutils_commands:/home/aviken/colcon_ws/install/musashi_camera/lib/python3.10/site-packages:${PYTHONPATH} /usr/bin/python3 -W ignore:setup.py install is deprecated -W ignore:easy_install command is deprecated setup.py develop --editable --build-directory /home/aviken/colcon_ws/build/musashi_camera/build --no-deps symlink_data
[1.729s] DEBUG:colcon.colcon_core.event_handler.log_command:Invoking command in '/home/aviken/colcon_ws/build/musashi_description': PYTHONPATH=/home/aviken/colcon_ws/build/musashi_description/prefix_override:/usr/lib/python3/dist-packages/colcon_core/task/python/colcon_distutils_commands:/home/aviken/colcon_ws/install/musashi_description/lib/python3.10/site-packages:${PYTHONPATH} /usr/bin/python3 -W ignore:setup.py install is deprecated -W ignore:easy_install command is deprecated setup.py develop --editable --build-directory /home/aviken/colcon_ws/build/musashi_description/build --no-deps symlink_data
[1.731s] DEBUG:colcon.colcon_core.event_handler.log_command:Invoking command in '/home/aviken/colcon_ws/build/musashi_rqt_player_server': PYTHONPATH=/home/aviken/colcon_ws/build/musashi_rqt_player_server/prefix_override:/usr/lib/python3/dist-packages/colcon_core/task/python/colcon_distutils_commands:/home/aviken/colcon_ws/install/musashi_rqt_player_server/lib/python3.10/site-packages:${PYTHONPATH} /usr/bin/python3 -W ignore:setup.py install is deprecated -W ignore:easy_install command is deprecated setup.py develop --editable --build-directory /home/aviken/colcon_ws/build/musashi_rqt_player_server/build --no-deps symlink_data
[1.746s] DEBUG:colcon.colcon_core.event_handler.log_command:Invoking command in '/home/aviken/colcon_ws/build/musashi_rqt_refereebox_client': PYTHONPATH=/home/aviken/colcon_ws/build/musashi_rqt_refereebox_client/prefix_override:/usr/lib/python3/dist-packages/colcon_core/task/python/colcon_distutils_commands:/home/aviken/colcon_ws/install/musashi_rqt_refereebox_client/lib/python3.10/site-packages:${PYTHONPATH} /usr/bin/python3 -W ignore:setup.py install is deprecated -W ignore:easy_install command is deprecated setup.py develop --editable --build-directory /home/aviken/colcon_ws/build/musashi_rqt_refereebox_client/build --no-deps symlink_data
[1.760s] DEBUG:colcon.colcon_core.event_handler.log_command:Invoked command in '/home/aviken/colcon_ws/build/musashi_msgs' returned '0': CMAKE_PREFIX_PATH=${CMAKE_PREFIX_PATH}:/home/aviken/turtlebot3_ws/install/turtlebot3_yolo_object_detection:/home/aviken/turtlebot3_ws/install/turtlebot3_teleop:/home/aviken/turtlebot3_ws/install/turtlebot3_ps4_teleop:/home/aviken/turtlebot3_ws/install/turtlebot3_example:/home/aviken/turtlebot3_ws/install/turtlebot3_automatic_parking_vision:/home/aviken/turtlebot3_ws/install/turtlebot3_automatic_parking:/home/aviken/turtlebot3_ws/install/turtlebot3_aruco_tracker:/home/aviken/colcon_ws/install/musashi_rviz:/home/aviken/colcon_ws/install/musashi_rqt_refereebox_client:/home/aviken/colcon_ws/install/musashi_rqt_player_server:/home/aviken/colcon_ws/install/musashi_rqt_player_controller:/home/aviken/colcon_ws/install/musashi_description:/home/aviken/colcon_ws/install/musashi_camera:/home/aviken/colcon_ws/install/musashi_basestation_client:/opt/ros/humble /usr/bin/cmake /home/aviken/colcon_ws/src/musashi-ros2-humble/musashi_msgs -DAMENT_CMAKE_SYMLINK_INSTALL=1 -DCMAKE_INSTALL_PREFIX=/home/aviken/colcon_ws/install/musashi_msgs
[1.762s] DEBUG:colcon.colcon_core.event_handler.log_command:Invoking command in '/home/aviken/colcon_ws/build/musashi_msgs': CMAKE_PREFIX_PATH=${CMAKE_PREFIX_PATH}:/home/aviken/turtlebot3_ws/install/turtlebot3_yolo_object_detection:/home/aviken/turtlebot3_ws/install/turtlebot3_teleop:/home/aviken/turtlebot3_ws/install/turtlebot3_ps4_teleop:/home/aviken/turtlebot3_ws/install/turtlebot3_example:/home/aviken/turtlebot3_ws/install/turtlebot3_automatic_parking_vision:/home/aviken/turtlebot3_ws/install/turtlebot3_automatic_parking:/home/aviken/turtlebot3_ws/install/turtlebot3_aruco_tracker:/home/aviken/colcon_ws/install/musashi_rviz:/home/aviken/colcon_ws/install/musashi_rqt_refereebox_client:/home/aviken/colcon_ws/install/musashi_rqt_player_server:/home/aviken/colcon_ws/install/musashi_rqt_player_controller:/home/aviken/colcon_ws/install/musashi_description:/home/aviken/colcon_ws/install/musashi_camera:/home/aviken/colcon_ws/install/musashi_basestation_client:/opt/ros/humble /usr/bin/cmake --build /home/aviken/colcon_ws/build/musashi_msgs -- -j16 -l16
[2.102s] Level 1:colcon.colcon_core.shell:create_environment_hook('musashi_camera', 'pythonpath_develop')
[2.103s] INFO:colcon.colcon_core.shell:Creating environment hook '/home/aviken/colcon_ws/build/musashi_camera/share/musashi_camera/hook/pythonpath_develop.ps1'
[2.103s] DEBUG:colcon.colcon_core.event_handler.log_command:Invoked command in '/home/aviken/colcon_ws/build/musashi_camera' returned '0': PYTHONPATH=/home/aviken/colcon_ws/build/musashi_camera/prefix_override:/usr/lib/python3/dist-packages/colcon_core/task/python/colcon_distutils_commands:/home/aviken/colcon_ws/install/musashi_camera/lib/python3.10/site-packages:${PYTHONPATH} /usr/bin/python3 -W ignore:setup.py install is deprecated -W ignore:easy_install command is deprecated setup.py develop --editable --build-directory /home/aviken/colcon_ws/build/musashi_camera/build --no-deps symlink_data
[2.104s] INFO:colcon.colcon_core.shell:Creating environment descriptor '/home/aviken/colcon_ws/build/musashi_camera/share/musashi_camera/hook/pythonpath_develop.dsv'
[2.104s] INFO:colcon.colcon_core.shell:Creating environment hook '/home/aviken/colcon_ws/build/musashi_camera/share/musashi_camera/hook/pythonpath_develop.sh'
[2.107s] Level 1:colcon.colcon_core.environment:checking '/home/aviken/colcon_ws/install/musashi_camera' for CMake module files
[2.108s] Level 1:colcon.colcon_core.environment:checking '/home/aviken/colcon_ws/install/musashi_camera' for CMake config files
[2.109s] Level 1:colcon.colcon_core.environment:checking '/home/aviken/colcon_ws/install/musashi_camera/lib'
[2.109s] Level 1:colcon.colcon_core.environment:checking '/home/aviken/colcon_ws/install/musashi_camera/bin'
[2.109s] Level 1:colcon.colcon_core.environment:checking '/home/aviken/colcon_ws/install/musashi_camera/lib/pkgconfig/musashi_camera.pc'
[2.109s] Level 1:colcon.colcon_core.environment:checking '/home/aviken/colcon_ws/install/musashi_camera/lib/python3.10/site-packages'
[2.109s] Level 1:colcon.colcon_core.shell:create_environment_hook('musashi_camera', 'pythonpath')
[2.110s] INFO:colcon.colcon_core.shell:Creating environment hook '/home/aviken/colcon_ws/install/musashi_camera/share/musashi_camera/hook/pythonpath.ps1'
[2.110s] INFO:colcon.colcon_core.shell:Creating environment descriptor '/home/aviken/colcon_ws/install/musashi_camera/share/musashi_camera/hook/pythonpath.dsv'
[2.110s] INFO:colcon.colcon_core.shell:Creating environment hook '/home/aviken/colcon_ws/install/musashi_camera/share/musashi_camera/hook/pythonpath.sh'
[2.111s] Level 1:colcon.colcon_core.environment:checking '/home/aviken/colcon_ws/install/musashi_camera/bin'
[2.111s] Level 1:colcon.colcon_core.environment:create_environment_scripts_only(musashi_camera)
[2.112s] INFO:colcon.colcon_core.shell:Creating package script '/home/aviken/colcon_ws/install/musashi_camera/share/musashi_camera/package.ps1'
[2.113s] INFO:colcon.colcon_core.shell:Creating package descriptor '/home/aviken/colcon_ws/install/musashi_camera/share/musashi_camera/package.dsv'
[2.113s] INFO:colcon.colcon_core.shell:Creating package script '/home/aviken/colcon_ws/install/musashi_camera/share/musashi_camera/package.sh'
[2.114s] INFO:colcon.colcon_core.shell:Creating package script '/home/aviken/colcon_ws/install/musashi_camera/share/musashi_camera/package.bash'
[2.115s] INFO:colcon.colcon_core.shell:Creating package script '/home/aviken/colcon_ws/install/musashi_camera/share/musashi_camera/package.zsh'
[2.116s] Level 1:colcon.colcon_core.environment:create_file_with_runtime_dependencies(/home/aviken/colcon_ws/install/musashi_camera/share/colcon-core/packages/musashi_camera)
[2.117s] Level 1:colcon.colcon_core.shell:create_environment_hook('musashi_rqt_player_server', 'pythonpath_develop')
[2.118s] INFO:colcon.colcon_core.shell:Creating environment hook '/home/aviken/colcon_ws/build/musashi_rqt_player_server/src/share/musashi_rqt_player_server/hook/pythonpath_develop.ps1'
[2.118s] DEBUG:colcon.colcon_core.event_handler.log_command:Invoked command in '/home/aviken/colcon_ws/build/musashi_rqt_player_server' returned '0': PYTHONPATH=/home/aviken/colcon_ws/build/musashi_rqt_player_server/prefix_override:/usr/lib/python3/dist-packages/colcon_core/task/python/colcon_distutils_commands:/home/aviken/colcon_ws/install/musashi_rqt_player_server/lib/python3.10/site-packages:${PYTHONPATH} /usr/bin/python3 -W ignore:setup.py install is deprecated -W ignore:easy_install command is deprecated setup.py develop --editable --build-directory /home/aviken/colcon_ws/build/musashi_rqt_player_server/build --no-deps symlink_data
[2.119s] INFO:colcon.colcon_core.shell:Creating environment descriptor '/home/aviken/colcon_ws/build/musashi_rqt_player_server/src/share/musashi_rqt_player_server/hook/pythonpath_develop.dsv'
[2.119s] INFO:colcon.colcon_core.shell:Creating environment hook '/home/aviken/colcon_ws/build/musashi_rqt_player_server/src/share/musashi_rqt_player_server/hook/pythonpath_develop.sh'
[2.120s] Level 1:colcon.colcon_core.environment:checking '/home/aviken/colcon_ws/install/musashi_rqt_player_server' for CMake module files
[2.120s] Level 1:colcon.colcon_core.environment:checking '/home/aviken/colcon_ws/install/musashi_rqt_player_server' for CMake config files
[2.121s] Level 1:colcon.colcon_core.environment:checking '/home/aviken/colcon_ws/install/musashi_rqt_player_server/lib'
[2.121s] Level 1:colcon.colcon_core.environment:checking '/home/aviken/colcon_ws/install/musashi_rqt_player_server/bin'
[2.121s] Level 1:colcon.colcon_core.environment:checking '/home/aviken/colcon_ws/install/musashi_rqt_player_server/lib/pkgconfig/musashi_rqt_player_server.pc'
[2.122s] Level 1:colcon.colcon_core.environment:checking '/home/aviken/colcon_ws/install/musashi_rqt_player_server/lib/python3.10/site-packages'
[2.122s] Level 1:colcon.colcon_core.shell:create_environment_hook('musashi_rqt_player_server', 'pythonpath')
[2.122s] INFO:colcon.colcon_core.shell:Creating environment hook '/home/aviken/colcon_ws/install/musashi_rqt_player_server/share/musashi_rqt_player_server/hook/pythonpath.ps1'
[2.122s] INFO:colcon.colcon_core.shell:Creating environment descriptor '/home/aviken/colcon_ws/install/musashi_rqt_player_server/share/musashi_rqt_player_server/hook/pythonpath.dsv'
[2.123s] INFO:colcon.colcon_core.shell:Creating environment hook '/home/aviken/colcon_ws/install/musashi_rqt_player_server/share/musashi_rqt_player_server/hook/pythonpath.sh'
[2.124s] Level 1:colcon.colcon_core.environment:checking '/home/aviken/colcon_ws/install/musashi_rqt_player_server/bin'
[2.124s] Level 1:colcon.colcon_core.environment:create_environment_scripts_only(musashi_rqt_player_server)
[2.124s] INFO:colcon.colcon_core.shell:Creating package script '/home/aviken/colcon_ws/install/musashi_rqt_player_server/share/musashi_rqt_player_server/package.ps1'
[2.125s] INFO:colcon.colcon_core.shell:Creating package descriptor '/home/aviken/colcon_ws/install/musashi_rqt_player_server/share/musashi_rqt_player_server/package.dsv'
[2.125s] INFO:colcon.colcon_core.shell:Creating package script '/home/aviken/colcon_ws/install/musashi_rqt_player_server/share/musashi_rqt_player_server/package.sh'
[2.126s] INFO:colcon.colcon_core.shell:Creating package script '/home/aviken/colcon_ws/install/musashi_rqt_player_server/share/musashi_rqt_player_server/package.bash'
[2.127s] INFO:colcon.colcon_core.shell:Creating package script '/home/aviken/colcon_ws/install/musashi_rqt_player_server/share/musashi_rqt_player_server/package.zsh'
[2.127s] Level 1:colcon.colcon_core.environment:create_file_with_runtime_dependencies(/home/aviken/colcon_ws/install/musashi_rqt_player_server/share/colcon-core/packages/musashi_rqt_player_server)
[2.128s] Level 1:colcon.colcon_core.shell:create_environment_hook('musashi_rqt_player_controller', 'pythonpath_develop')
[2.128s] INFO:colcon.colcon_core.shell:Creating environment hook '/home/aviken/colcon_ws/build/musashi_rqt_player_controller/src/share/musashi_rqt_player_controller/hook/pythonpath_develop.ps1'
[2.129s] DEBUG:colcon.colcon_core.event_handler.log_command:Invoked command in '/home/aviken/colcon_ws/build/musashi_rqt_player_controller' returned '0': PYTHONPATH=/home/aviken/colcon_ws/build/musashi_rqt_player_controller/prefix_override:/usr/lib/python3/dist-packages/colcon_core/task/python/colcon_distutils_commands:/home/aviken/colcon_ws/install/musashi_rqt_player_controller/lib/python3.10/site-packages:${PYTHONPATH} /usr/bin/python3 -W ignore:setup.py install is deprecated -W ignore:easy_install command is deprecated setup.py develop --editable --build-directory /home/aviken/colcon_ws/build/musashi_rqt_player_controller/build --no-deps symlink_data
[2.129s] INFO:colcon.colcon_core.shell:Creating environment descriptor '/home/aviken/colcon_ws/build/musashi_rqt_player_controller/src/share/musashi_rqt_player_controller/hook/pythonpath_develop.dsv'
[2.129s] INFO:colcon.colcon_core.shell:Creating environment hook '/home/aviken/colcon_ws/build/musashi_rqt_player_controller/src/share/musashi_rqt_player_controller/hook/pythonpath_develop.sh'
[2.130s] Level 1:colcon.colcon_core.environment:checking '/home/aviken/colcon_ws/install/musashi_rqt_player_controller' for CMake module files
[2.131s] Level 1:colcon.colcon_core.environment:checking '/home/aviken/colcon_ws/install/musashi_rqt_player_controller' for CMake config files
[2.131s] Level 1:colcon.colcon_core.environment:checking '/home/aviken/colcon_ws/install/musashi_rqt_player_controller/lib'
[2.131s] Level 1:colcon.colcon_core.environment:checking '/home/aviken/colcon_ws/install/musashi_rqt_player_controller/bin'
[2.131s] Level 1:colcon.colcon_core.environment:checking '/home/aviken/colcon_ws/install/musashi_rqt_player_controller/lib/pkgconfig/musashi_rqt_player_controller.pc'
[2.131s] Level 1:colcon.colcon_core.environment:checking '/home/aviken/colcon_ws/install/musashi_rqt_player_controller/lib/python3.10/site-packages'
[2.132s] Level 1:colcon.colcon_core.shell:create_environment_hook('musashi_rqt_player_controller', 'pythonpath')
[2.132s] INFO:colcon.colcon_core.shell:Creating environment hook '/home/aviken/colcon_ws/install/musashi_rqt_player_controller/share/musashi_rqt_player_controller/hook/pythonpath.ps1'
[2.132s] INFO:colcon.colcon_core.shell:Creating environment descriptor '/home/aviken/colcon_ws/install/musashi_rqt_player_controller/share/musashi_rqt_player_controller/hook/pythonpath.dsv'
[2.133s] INFO:colcon.colcon_core.shell:Creating environment hook '/home/aviken/colcon_ws/install/musashi_rqt_player_controller/share/musashi_rqt_player_controller/hook/pythonpath.sh'
[2.133s] Level 1:colcon.colcon_core.environment:checking '/home/aviken/colcon_ws/install/musashi_rqt_player_controller/bin'
[2.133s] Level 1:colcon.colcon_core.environment:create_environment_scripts_only(musashi_rqt_player_controller)
[2.134s] INFO:colcon.colcon_core.shell:Creating package script '/home/aviken/colcon_ws/install/musashi_rqt_player_controller/share/musashi_rqt_player_controller/package.ps1'
[2.134s] INFO:colcon.colcon_core.shell:Creating package descriptor '/home/aviken/colcon_ws/install/musashi_rqt_player_controller/share/musashi_rqt_player_controller/package.dsv'
[2.135s] INFO:colcon.colcon_core.shell:Creating package script '/home/aviken/colcon_ws/install/musashi_rqt_player_controller/share/musashi_rqt_player_controller/package.sh'
[2.135s] INFO:colcon.colcon_core.shell:Creating package script '/home/aviken/colcon_ws/install/musashi_rqt_player_controller/share/musashi_rqt_player_controller/package.bash'
[2.136s] INFO:colcon.colcon_core.shell:Creating package script '/home/aviken/colcon_ws/install/musashi_rqt_player_controller/share/musashi_rqt_player_controller/package.zsh'
[2.136s] Level 1:colcon.colcon_core.environment:create_file_with_runtime_dependencies(/home/aviken/colcon_ws/install/musashi_rqt_player_controller/share/colcon-core/packages/musashi_rqt_player_controller)
[2.147s] Level 1:colcon.colcon_core.shell:create_environment_hook('musashi_basestation_client', 'pythonpath_develop')
[2.147s] DEBUG:colcon.colcon_core.event_handler.log_command:Invoked command in '/home/aviken/colcon_ws/build/musashi_basestation_client' returned '0': PYTHONPATH=/home/aviken/colcon_ws/build/musashi_basestation_client/prefix_override:/usr/lib/python3/dist-packages/colcon_core/task/python/colcon_distutils_commands:/home/aviken/colcon_ws/install/musashi_basestation_client/lib/python3.10/site-packages:${PYTHONPATH} /usr/bin/python3 -W ignore:setup.py install is deprecated -W ignore:easy_install command is deprecated setup.py develop --editable --build-directory /home/aviken/colcon_ws/build/musashi_basestation_client/build --no-deps symlink_data
[2.148s] INFO:colcon.colcon_core.shell:Creating environment hook '/home/aviken/colcon_ws/build/musashi_basestation_client/share/musashi_basestation_client/hook/pythonpath_develop.ps1'
[2.148s] INFO:colcon.colcon_core.shell:Creating environment descriptor '/home/aviken/colcon_ws/build/musashi_basestation_client/share/musashi_basestation_client/hook/pythonpath_develop.dsv'
[2.149s] INFO:colcon.colcon_core.shell:Creating environment hook '/home/aviken/colcon_ws/build/musashi_basestation_client/share/musashi_basestation_client/hook/pythonpath_develop.sh'
[2.149s] Level 1:colcon.colcon_core.environment:checking '/home/aviken/colcon_ws/install/musashi_basestation_client' for CMake module files
[2.150s] Level 1:colcon.colcon_core.environment:checking '/home/aviken/colcon_ws/install/musashi_basestation_client' for CMake config files
[2.150s] Level 1:colcon.colcon_core.environment:checking '/home/aviken/colcon_ws/install/musashi_basestation_client/lib'
[2.150s] Level 1:colcon.colcon_core.environment:checking '/home/aviken/colcon_ws/install/musashi_basestation_client/bin'
[2.151s] Level 1:colcon.colcon_core.environment:checking '/home/aviken/colcon_ws/install/musashi_basestation_client/lib/pkgconfig/musashi_basestation_client.pc'
[2.151s] Level 1:colcon.colcon_core.environment:checking '/home/aviken/colcon_ws/install/musashi_basestation_client/lib/python3.10/site-packages'
[2.151s] Level 1:colcon.colcon_core.shell:create_environment_hook('musashi_basestation_client', 'pythonpath')
[2.151s] INFO:colcon.colcon_core.shell:Creating environment hook '/home/aviken/colcon_ws/install/musashi_basestation_client/share/musashi_basestation_client/hook/pythonpath.ps1'
[2.152s] INFO:colcon.colcon_core.shell:Creating environment descriptor '/home/aviken/colcon_ws/install/musashi_basestation_client/share/musashi_basestation_client/hook/pythonpath.dsv'
[2.152s] INFO:colcon.colcon_core.shell:Creating environment hook '/home/aviken/colcon_ws/install/musashi_basestation_client/share/musashi_basestation_client/hook/pythonpath.sh'
[2.153s] Level 1:colcon.colcon_core.environment:checking '/home/aviken/colcon_ws/install/musashi_basestation_client/bin'
[2.153s] Level 1:colcon.colcon_core.environment:create_environment_scripts_only(musashi_basestation_client)
[2.153s] INFO:colcon.colcon_core.shell:Creating package script '/home/aviken/colcon_ws/install/musashi_basestation_client/share/musashi_basestation_client/package.ps1'
[2.154s] INFO:colcon.colcon_core.shell:Creating package descriptor '/home/aviken/colcon_ws/install/musashi_basestation_client/share/musashi_basestation_client/package.dsv'
[2.154s] INFO:colcon.colcon_core.shell:Creating package script '/home/aviken/colcon_ws/install/musashi_basestation_client/share/musashi_basestation_client/package.sh'
[2.155s] INFO:colcon.colcon_core.shell:Creating package script '/home/aviken/colcon_ws/install/musashi_basestation_client/share/musashi_basestation_client/package.bash'
[2.155s] INFO:colcon.colcon_core.shell:Creating package script '/home/aviken/colcon_ws/install/musashi_basestation_client/share/musashi_basestation_client/package.zsh'
[2.155s] Level 1:colcon.colcon_core.environment:create_file_with_runtime_dependencies(/home/aviken/colcon_ws/install/musashi_basestation_client/share/colcon-core/packages/musashi_basestation_client)
[2.167s] Level 1:colcon.colcon_core.shell:create_environment_hook('musashi_rqt_refereebox_client', 'pythonpath_develop')
[2.167s] INFO:colcon.colcon_core.shell:Creating environment hook '/home/aviken/colcon_ws/build/musashi_rqt_refereebox_client/src/share/musashi_rqt_refereebox_client/hook/pythonpath_develop.ps1'
[2.168s] DEBUG:colcon.colcon_core.event_handler.log_command:Invoked command in '/home/aviken/colcon_ws/build/musashi_rqt_refereebox_client' returned '0': PYTHONPATH=/home/aviken/colcon_ws/build/musashi_rqt_refereebox_client/prefix_override:/usr/lib/python3/dist-packages/colcon_core/task/python/colcon_distutils_commands:/home/aviken/colcon_ws/install/musashi_rqt_refereebox_client/lib/python3.10/site-packages:${PYTHONPATH} /usr/bin/python3 -W ignore:setup.py install is deprecated -W ignore:easy_install command is deprecated setup.py develop --editable --build-directory /home/aviken/colcon_ws/build/musashi_rqt_refereebox_client/build --no-deps symlink_data
[2.168s] INFO:colcon.colcon_core.shell:Creating environment descriptor '/home/aviken/colcon_ws/build/musashi_rqt_refereebox_client/src/share/musashi_rqt_refereebox_client/hook/pythonpath_develop.dsv'
[2.168s] INFO:colcon.colcon_core.shell:Creating environment hook '/home/aviken/colcon_ws/build/musashi_rqt_refereebox_client/src/share/musashi_rqt_refereebox_client/hook/pythonpath_develop.sh'
[2.169s] Level 1:colcon.colcon_core.environment:checking '/home/aviken/colcon_ws/install/musashi_rqt_refereebox_client' for CMake module files
[2.169s] Level 1:colcon.colcon_core.environment:checking '/home/aviken/colcon_ws/install/musashi_rqt_refereebox_client' for CMake config files
[2.169s] Level 1:colcon.colcon_core.environment:checking '/home/aviken/colcon_ws/install/musashi_rqt_refereebox_client/lib'
[2.170s] Level 1:colcon.colcon_core.environment:checking '/home/aviken/colcon_ws/install/musashi_rqt_refereebox_client/bin'
[2.170s] Level 1:colcon.colcon_core.environment:checking '/home/aviken/colcon_ws/install/musashi_rqt_refereebox_client/lib/pkgconfig/musashi_rqt_refereebox_client.pc'
[2.170s] Level 1:colcon.colcon_core.environment:checking '/home/aviken/colcon_ws/install/musashi_rqt_refereebox_client/lib/python3.10/site-packages'
[2.170s] Level 1:colcon.colcon_core.shell:create_environment_hook('musashi_rqt_refereebox_client', 'pythonpath')
[2.170s] INFO:colcon.colcon_core.shell:Creating environment hook '/home/aviken/colcon_ws/install/musashi_rqt_refereebox_client/share/musashi_rqt_refereebox_client/hook/pythonpath.ps1'
[2.171s] INFO:colcon.colcon_core.shell:Creating environment descriptor '/home/aviken/colcon_ws/install/musashi_rqt_refereebox_client/share/musashi_rqt_refereebox_client/hook/pythonpath.dsv'
[2.171s] INFO:colcon.colcon_core.shell:Creating environment hook '/home/aviken/colcon_ws/install/musashi_rqt_refereebox_client/share/musashi_rqt_refereebox_client/hook/pythonpath.sh'
[2.171s] Level 1:colcon.colcon_core.environment:checking '/home/aviken/colcon_ws/install/musashi_rqt_refereebox_client/bin'
[2.171s] Level 1:colcon.colcon_core.environment:create_environment_scripts_only(musashi_rqt_refereebox_client)
[2.171s] INFO:colcon.colcon_core.shell:Creating package script '/home/aviken/colcon_ws/install/musashi_rqt_refereebox_client/share/musashi_rqt_refereebox_client/package.ps1'
[2.172s] INFO:colcon.colcon_core.shell:Creating package descriptor '/home/aviken/colcon_ws/install/musashi_rqt_refereebox_client/share/musashi_rqt_refereebox_client/package.dsv'
[2.172s] INFO:colcon.colcon_core.shell:Creating package script '/home/aviken/colcon_ws/install/musashi_rqt_refereebox_client/share/musashi_rqt_refereebox_client/package.sh'
[2.173s] INFO:colcon.colcon_core.shell:Creating package script '/home/aviken/colcon_ws/install/musashi_rqt_refereebox_client/share/musashi_rqt_refereebox_client/package.bash'
[2.173s] INFO:colcon.colcon_core.shell:Creating package script '/home/aviken/colcon_ws/install/musashi_rqt_refereebox_client/share/musashi_rqt_refereebox_client/package.zsh'
[2.173s] Level 1:colcon.colcon_core.environment:create_file_with_runtime_dependencies(/home/aviken/colcon_ws/install/musashi_rqt_refereebox_client/share/colcon-core/packages/musashi_rqt_refereebox_client)
[2.247s] Level 1:colcon.colcon_core.shell:create_environment_hook('musashi_description', 'pythonpath_develop')
[2.247s] INFO:colcon.colcon_core.shell:Creating environment hook '/home/aviken/colcon_ws/build/musashi_description/share/musashi_description/hook/pythonpath_develop.ps1'
[2.248s] DEBUG:colcon.colcon_core.event_handler.log_command:Invoked command in '/home/aviken/colcon_ws/build/musashi_description' returned '0': PYTHONPATH=/home/aviken/colcon_ws/build/musashi_description/prefix_override:/usr/lib/python3/dist-packages/colcon_core/task/python/colcon_distutils_commands:/home/aviken/colcon_ws/install/musashi_description/lib/python3.10/site-packages:${PYTHONPATH} /usr/bin/python3 -W ignore:setup.py install is deprecated -W ignore:easy_install command is deprecated setup.py develop --editable --build-directory /home/aviken/colcon_ws/build/musashi_description/build --no-deps symlink_data
[2.248s] INFO:colcon.colcon_core.shell:Creating environment descriptor '/home/aviken/colcon_ws/build/musashi_description/share/musashi_description/hook/pythonpath_develop.dsv'
[2.248s] INFO:colcon.colcon_core.shell:Creating environment hook '/home/aviken/colcon_ws/build/musashi_description/share/musashi_description/hook/pythonpath_develop.sh'
[2.249s] Level 1:colcon.colcon_core.environment:checking '/home/aviken/colcon_ws/install/musashi_description' for CMake module files
[2.249s] Level 1:colcon.colcon_core.environment:checking '/home/aviken/colcon_ws/install/musashi_description' for CMake config files
[2.249s] Level 1:colcon.colcon_core.environment:checking '/home/aviken/colcon_ws/install/musashi_description/lib'
[2.249s] Level 1:colcon.colcon_core.environment:checking '/home/aviken/colcon_ws/install/musashi_description/bin'
[2.249s] Level 1:colcon.colcon_core.environment:checking '/home/aviken/colcon_ws/install/musashi_description/lib/pkgconfig/musashi_description.pc'
[2.250s] Level 1:colcon.colcon_core.environment:checking '/home/aviken/colcon_ws/install/musashi_description/lib/python3.10/site-packages'
[2.250s] Level 1:colcon.colcon_core.shell:create_environment_hook('musashi_description', 'pythonpath')
[2.250s] INFO:colcon.colcon_core.shell:Creating environment hook '/home/aviken/colcon_ws/install/musashi_description/share/musashi_description/hook/pythonpath.ps1'
[2.250s] INFO:colcon.colcon_core.shell:Creating environment descriptor '/home/aviken/colcon_ws/install/musashi_description/share/musashi_description/hook/pythonpath.dsv'
[2.250s] INFO:colcon.colcon_core.shell:Creating environment hook '/home/aviken/colcon_ws/install/musashi_description/share/musashi_description/hook/pythonpath.sh'
[2.251s] Level 1:colcon.colcon_core.environment:checking '/home/aviken/colcon_ws/install/musashi_description/bin'
[2.251s] Level 1:colcon.colcon_core.environment:create_environment_scripts_only(musashi_description)
[2.251s] INFO:colcon.colcon_core.shell:Creating package script '/home/aviken/colcon_ws/install/musashi_description/share/musashi_description/package.ps1'
[2.252s] INFO:colcon.colcon_core.shell:Creating package descriptor '/home/aviken/colcon_ws/install/musashi_description/share/musashi_description/package.dsv'
[2.252s] INFO:colcon.colcon_core.shell:Creating package script '/home/aviken/colcon_ws/install/musashi_description/share/musashi_description/package.sh'
[2.253s] INFO:colcon.colcon_core.shell:Creating package script '/home/aviken/colcon_ws/install/musashi_description/share/musashi_description/package.bash'
[2.253s] INFO:colcon.colcon_core.shell:Creating package script '/home/aviken/colcon_ws/install/musashi_description/share/musashi_description/package.zsh'
[2.254s] Level 1:colcon.colcon_core.environment:create_file_with_runtime_dependencies(/home/aviken/colcon_ws/install/musashi_description/share/colcon-core/packages/musashi_description)
[4.348s] DEBUG:colcon.colcon_core.event_handler.log_command:Invoked command in '/home/aviken/colcon_ws/build/musashi_msgs' returned '0': CMAKE_PREFIX_PATH=${CMAKE_PREFIX_PATH}:/home/aviken/turtlebot3_ws/install/turtlebot3_yolo_object_detection:/home/aviken/turtlebot3_ws/install/turtlebot3_teleop:/home/aviken/turtlebot3_ws/install/turtlebot3_ps4_teleop:/home/aviken/turtlebot3_ws/install/turtlebot3_example:/home/aviken/turtlebot3_ws/install/turtlebot3_automatic_parking_vision:/home/aviken/turtlebot3_ws/install/turtlebot3_automatic_parking:/home/aviken/turtlebot3_ws/install/turtlebot3_aruco_tracker:/home/aviken/colcon_ws/install/musashi_rviz:/home/aviken/colcon_ws/install/musashi_rqt_refereebox_client:/home/aviken/colcon_ws/install/musashi_rqt_player_server:/home/aviken/colcon_ws/install/musashi_rqt_player_controller:/home/aviken/colcon_ws/install/musashi_description:/home/aviken/colcon_ws/install/musashi_camera:/home/aviken/colcon_ws/install/musashi_basestation_client:/opt/ros/humble /usr/bin/cmake --build /home/aviken/colcon_ws/build/musashi_msgs -- -j16 -l16
[4.355s] DEBUG:colcon.colcon_core.event_handler.log_command:Invoking command in '/home/aviken/colcon_ws/build/musashi_msgs': CMAKE_PREFIX_PATH=${CMAKE_PREFIX_PATH}:/home/aviken/turtlebot3_ws/install/turtlebot3_yolo_object_detection:/home/aviken/turtlebot3_ws/install/turtlebot3_teleop:/home/aviken/turtlebot3_ws/install/turtlebot3_ps4_teleop:/home/aviken/turtlebot3_ws/install/turtlebot3_example:/home/aviken/turtlebot3_ws/install/turtlebot3_automatic_parking_vision:/home/aviken/turtlebot3_ws/install/turtlebot3_automatic_parking:/home/aviken/turtlebot3_ws/install/turtlebot3_aruco_tracker:/home/aviken/colcon_ws/install/musashi_rviz:/home/aviken/colcon_ws/install/musashi_rqt_refereebox_client:/home/aviken/colcon_ws/install/musashi_rqt_player_server:/home/aviken/colcon_ws/install/musashi_rqt_player_controller:/home/aviken/colcon_ws/install/musashi_description:/home/aviken/colcon_ws/install/musashi_camera:/home/aviken/colcon_ws/install/musashi_basestation_client:/opt/ros/humble /usr/bin/cmake --install /home/aviken/colcon_ws/build/musashi_msgs
[5.301s] Level 1:colcon.colcon_core.environment:create_environment_scripts_only(musashi_msgs)
[5.301s] DEBUG:colcon.colcon_core.event_handler.log_command:Invoked command in '/home/aviken/colcon_ws/build/musashi_msgs' returned '0': CMAKE_PREFIX_PATH=${CMAKE_PREFIX_PATH}:/home/aviken/turtlebot3_ws/install/turtlebot3_yolo_object_detection:/home/aviken/turtlebot3_ws/install/turtlebot3_teleop:/home/aviken/turtlebot3_ws/install/turtlebot3_ps4_teleop:/home/aviken/turtlebot3_ws/install/turtlebot3_example:/home/aviken/turtlebot3_ws/install/turtlebot3_automatic_parking_vision:/home/aviken/turtlebot3_ws/install/turtlebot3_automatic_parking:/home/aviken/turtlebot3_ws/install/turtlebot3_aruco_tracker:/home/aviken/colcon_ws/install/musashi_rviz:/home/aviken/colcon_ws/install/musashi_rqt_refereebox_client:/home/aviken/colcon_ws/install/musashi_rqt_player_server:/home/aviken/colcon_ws/install/musashi_rqt_player_controller:/home/aviken/colcon_ws/install/musashi_description:/home/aviken/colcon_ws/install/musashi_camera:/home/aviken/colcon_ws/install/musashi_basestation_client:/opt/ros/humble /usr/bin/cmake --install /home/aviken/colcon_ws/build/musashi_msgs
[5.301s] Level 1:colcon.colcon_core.environment:checking '/home/aviken/colcon_ws/install/musashi_msgs' for CMake module files
[5.301s] Level 1:colcon.colcon_core.environment:checking '/home/aviken/colcon_ws/install/musashi_msgs' for CMake config files
[5.302s] Level 1:colcon.colcon_core.shell:create_environment_hook('musashi_msgs', 'cmake_prefix_path')
[5.302s] INFO:colcon.colcon_core.shell:Creating environment hook '/home/aviken/colcon_ws/install/musashi_msgs/share/musashi_msgs/hook/cmake_prefix_path.ps1'
[5.302s] INFO:colcon.colcon_core.shell:Creating environment descriptor '/home/aviken/colcon_ws/install/musashi_msgs/share/musashi_msgs/hook/cmake_prefix_path.dsv'
[5.302s] INFO:colcon.colcon_core.shell:Creating environment hook '/home/aviken/colcon_ws/install/musashi_msgs/share/musashi_msgs/hook/cmake_prefix_path.sh'
[5.303s] Level 1:colcon.colcon_core.environment:checking '/home/aviken/colcon_ws/install/musashi_msgs/lib'
[5.303s] Level 1:colcon.colcon_core.shell:create_environment_hook('musashi_msgs', 'ld_library_path_lib')
[5.303s] INFO:colcon.colcon_core.shell:Creating environment hook '/home/aviken/colcon_ws/install/musashi_msgs/share/musashi_msgs/hook/ld_library_path_lib.ps1'
[5.303s] INFO:colcon.colcon_core.shell:Creating environment descriptor '/home/aviken/colcon_ws/install/musashi_msgs/share/musashi_msgs/hook/ld_library_path_lib.dsv'
[5.303s] INFO:colcon.colcon_core.shell:Creating environment hook '/home/aviken/colcon_ws/install/musashi_msgs/share/musashi_msgs/hook/ld_library_path_lib.sh'
[5.304s] Level 1:colcon.colcon_core.environment:checking '/home/aviken/colcon_ws/install/musashi_msgs/bin'
[5.304s] Level 1:colcon.colcon_core.environment:checking '/home/aviken/colcon_ws/install/musashi_msgs/lib/pkgconfig/musashi_msgs.pc'
[5.304s] Level 1:colcon.colcon_core.environment:checking '/home/aviken/colcon_ws/install/musashi_msgs/lib/python3.10/site-packages'
[5.304s] Level 1:colcon.colcon_core.environment:checking '/home/aviken/colcon_ws/install/musashi_msgs/bin'
[5.304s] INFO:colcon.colcon_core.shell:Creating package script '/home/aviken/colcon_ws/install/musashi_msgs/share/musashi_msgs/package.ps1'
[5.304s] INFO:colcon.colcon_core.shell:Creating package descriptor '/home/aviken/colcon_ws/install/musashi_msgs/share/musashi_msgs/package.dsv'
[5.305s] INFO:colcon.colcon_core.shell:Creating package script '/home/aviken/colcon_ws/install/musashi_msgs/share/musashi_msgs/package.sh'
[5.305s] INFO:colcon.colcon_core.shell:Creating package script '/home/aviken/colcon_ws/install/musashi_msgs/share/musashi_msgs/package.bash'
[5.305s] INFO:colcon.colcon_core.shell:Creating package script '/home/aviken/colcon_ws/install/musashi_msgs/share/musashi_msgs/package.zsh'
[5.305s] Level 1:colcon.colcon_core.environment:create_file_with_runtime_dependencies(/home/aviken/colcon_ws/install/musashi_msgs/share/colcon-core/packages/musashi_msgs)
[5.306s] Level 1:colcon.colcon_core.environment:create_environment_scripts_only(musashi_msgs)
[5.306s] Level 1:colcon.colcon_core.environment:checking '/home/aviken/colcon_ws/install/musashi_msgs' for CMake module files
[5.306s] Level 1:colcon.colcon_core.environment:checking '/home/aviken/colcon_ws/install/musashi_msgs' for CMake config files
[5.306s] Level 1:colcon.colcon_core.shell:create_environment_hook('musashi_msgs', 'cmake_prefix_path')
[5.306s] INFO:colcon.colcon_core.shell:Creating environment hook '/home/aviken/colcon_ws/install/musashi_msgs/share/musashi_msgs/hook/cmake_prefix_path.ps1'
[5.307s] INFO:colcon.colcon_core.shell:Creating environment descriptor '/home/aviken/colcon_ws/install/musashi_msgs/share/musashi_msgs/hook/cmake_prefix_path.dsv'
[5.307s] INFO:colcon.colcon_core.shell:Creating environment hook '/home/aviken/colcon_ws/install/musashi_msgs/share/musashi_msgs/hook/cmake_prefix_path.sh'
[5.307s] Level 1:colcon.colcon_core.environment:checking '/home/aviken/colcon_ws/install/musashi_msgs/lib'
[5.307s] Level 1:colcon.colcon_core.shell:create_environment_hook('musashi_msgs', 'ld_library_path_lib')
[5.307s] INFO:colcon.colcon_core.shell:Creating environment hook '/home/aviken/colcon_ws/install/musashi_msgs/share/musashi_msgs/hook/ld_library_path_lib.ps1'
[5.308s] INFO:colcon.colcon_core.shell:Creating environment descriptor '/home/aviken/colcon_ws/install/musashi_msgs/share/musashi_msgs/hook/ld_library_path_lib.dsv'
[5.308s] INFO:colcon.colcon_core.shell:Creating environment hook '/home/aviken/colcon_ws/install/musashi_msgs/share/musashi_msgs/hook/ld_library_path_lib.sh'
[5.308s] Level 1:colcon.colcon_core.environment:checking '/home/aviken/colcon_ws/install/musashi_msgs/bin'
[5.308s] Level 1:colcon.colcon_core.environment:checking '/home/aviken/colcon_ws/install/musashi_msgs/lib/pkgconfig/musashi_msgs.pc'
[5.308s] Level 1:colcon.colcon_core.environment:checking '/home/aviken/colcon_ws/install/musashi_msgs/lib/python3.10/site-packages'
[5.308s] Level 1:colcon.colcon_core.environment:checking '/home/aviken/colcon_ws/install/musashi_msgs/bin'
[5.308s] INFO:colcon.colcon_core.shell:Creating package script '/home/aviken/colcon_ws/install/musashi_msgs/share/musashi_msgs/package.ps1'
[5.309s] INFO:colcon.colcon_core.shell:Creating package descriptor '/home/aviken/colcon_ws/install/musashi_msgs/share/musashi_msgs/package.dsv'
[5.309s] INFO:colcon.colcon_core.shell:Creating package script '/home/aviken/colcon_ws/install/musashi_msgs/share/musashi_msgs/package.sh'
[5.309s] INFO:colcon.colcon_core.shell:Creating package script '/home/aviken/colcon_ws/install/musashi_msgs/share/musashi_msgs/package.bash'
[5.309s] INFO:colcon.colcon_core.shell:Creating package script '/home/aviken/colcon_ws/install/musashi_msgs/share/musashi_msgs/package.zsh'
[5.310s] Level 1:colcon.colcon_core.environment:create_file_with_runtime_dependencies(/home/aviken/colcon_ws/install/musashi_msgs/share/colcon-core/packages/musashi_msgs)
[5.310s] INFO:colcon.colcon_ros.task.ament_cmake.build:Building ROS package in '/home/aviken/colcon_ws/src/musashi-ros2-humble/hardware/musashi_movebase' with build type 'ament_cmake'
[5.310s] INFO:colcon.colcon_cmake.task.cmake.build:Building CMake package in '/home/aviken/colcon_ws/src/musashi-ros2-humble/hardware/musashi_movebase'
[5.310s] INFO:colcon.colcon_core.shell:Skip shell extension 'powershell' for command environment: Not usable outside of PowerShell
[5.310s] DEBUG:colcon.colcon_core.shell:Skip shell extension 'dsv' for command environment
[5.314s] INFO:colcon.colcon_ros.task.ament_python.build:Building ROS package in '/home/aviken/colcon_ws/src/musashi-ros2-humble/basestation/musashi_rviz' with build type 'ament_python'
[5.314s] Level 1:colcon.colcon_core.shell:create_environment_hook('musashi_rviz', 'ament_prefix_path')
[5.314s] INFO:colcon.colcon_core.shell:Creating environment hook '/home/aviken/colcon_ws/install/musashi_rviz/share/musashi_rviz/hook/ament_prefix_path.ps1'
[5.314s] INFO:colcon.colcon_core.shell:Creating environment descriptor '/home/aviken/colcon_ws/install/musashi_rviz/share/musashi_rviz/hook/ament_prefix_path.dsv'
[5.314s] INFO:colcon.colcon_core.shell:Creating environment hook '/home/aviken/colcon_ws/install/musashi_rviz/share/musashi_rviz/hook/ament_prefix_path.sh'
[5.315s] INFO:colcon.colcon_core.shell:Skip shell extension 'powershell' for command environment: Not usable outside of PowerShell
[5.315s] DEBUG:colcon.colcon_core.shell:Skip shell extension 'dsv' for command environment
[5.320s] DEBUG:colcon.colcon_core.event_handler.log_command:Invoking command in '/home/aviken/colcon_ws/build/musashi_movebase': CMAKE_PREFIX_PATH=/home/aviken/colcon_ws/install/musashi_msgs:/home/aviken/turtlebot3_ws/install/turtlebot3_applications:/home/aviken/turtlebot3_ws/install/turtlebot3:/home/aviken/turtlebot3_ws/install/turtlebot3_panorama:/home/aviken/turtlebot3_ws/install/turtlebot3_bringup:/home/aviken/turtlebot3_ws/install/turtlebot3_node:/home/aviken/turtlebot3_ws/install/turtlebot3_navigation2:/home/aviken/turtlebot3_ws/install/turtlebot3_msgs:/home/aviken/turtlebot3_ws/install/turtlebot3_follower:/home/aviken/turtlebot3_ws/install/turtlebot3_description:/home/aviken/turtlebot3_ws/install/turtlebot3_cartographer:/home/aviken/turtlebot3_ws/install/turtlebot3_applications_msgs:/home/aviken/turtlebot3_ws/install/dynamixel_sdk_examples:/home/aviken/turtlebot3_ws/install/dynamixel_sdk_custom_interfaces:/home/aviken/turtlebot3_ws/install/dynamixel_sdk:/home/aviken/turtlebot3_ws/install/turtlebot3_yolo_object_detection:/home/aviken/turtlebot3_ws/install/turtlebot3_teleop:/home/aviken/turtlebot3_ws/install/turtlebot3_ps4_teleop:/home/aviken/turtlebot3_ws/install/turtlebot3_example:/home/aviken/turtlebot3_ws/install/turtlebot3_automatic_parking_vision:/home/aviken/turtlebot3_ws/install/turtlebot3_automatic_parking:/home/aviken/turtlebot3_ws/install/turtlebot3_aruco_tracker:/home/aviken/colcon_ws/install/musashi_rviz:/home/aviken/colcon_ws/install/musashi_rqt_refereebox_client:/home/aviken/colcon_ws/install/musashi_rqt_player_server:/home/aviken/colcon_ws/install/musashi_rqt_player_controller:/home/aviken/colcon_ws/install/musashi_description:/home/aviken/colcon_ws/install/musashi_camera:/home/aviken/colcon_ws/install/musashi_basestation_client:/opt/ros/humble LD_LIBRARY_PATH=/home/aviken/colcon_ws/install/musashi_msgs/lib:/home/aviken/turtlebot3_ws/install/turtlebot3_msgs/lib:/home/aviken/turtlebot3_ws/install/turtlebot3_applications_msgs/lib:/home/aviken/turtlebot3_ws/install/dynamixel_sdk_custom_interfaces/lib:/home/aviken/turtlebot3_ws/install/dynamixel_sdk/lib:/usr/lib/x86_64-linux-gnu/gazebo-11/plugins:/opt/ros/humble/opt/rviz_ogre_vendor/lib:/opt/ros/humble/lib/x86_64-linux-gnu:/opt/ros/humble/lib:/usr/lib/x86_64-linux-gnu/gazebo-11/plugins /usr/bin/cmake /home/aviken/colcon_ws/src/musashi-ros2-humble/hardware/musashi_movebase -DAMENT_CMAKE_SYMLINK_INSTALL=1 -DCMAKE_INSTALL_PREFIX=/home/aviken/colcon_ws/install/musashi_movebase
[5.515s] INFO:colcon.colcon_core.task.python.build:Building Python package in '/home/aviken/colcon_ws/src/musashi-ros2-humble/basestation/musashi_rviz'
[5.515s] INFO:colcon.colcon_core.shell:Skip shell extension 'powershell' for command environment: Not usable outside of PowerShell
[5.515s] DEBUG:colcon.colcon_core.shell:Skip shell extension 'dsv' for command environment
[5.773s] DEBUG:colcon.colcon_core.event_handler.log_command:Invoking command in '/home/aviken/colcon_ws/build/musashi_rviz': CMAKE_PREFIX_PATH=/home/aviken/colcon_ws/install/musashi_msgs:/home/aviken/turtlebot3_ws/install/turtlebot3_applications:/home/aviken/turtlebot3_ws/install/turtlebot3:/home/aviken/turtlebot3_ws/install/turtlebot3_panorama:/home/aviken/turtlebot3_ws/install/turtlebot3_bringup:/home/aviken/turtlebot3_ws/install/turtlebot3_node:/home/aviken/turtlebot3_ws/install/turtlebot3_navigation2:/home/aviken/turtlebot3_ws/install/turtlebot3_msgs:/home/aviken/turtlebot3_ws/install/turtlebot3_follower:/home/aviken/turtlebot3_ws/install/turtlebot3_description:/home/aviken/turtlebot3_ws/install/turtlebot3_cartographer:/home/aviken/turtlebot3_ws/install/turtlebot3_applications_msgs:/home/aviken/turtlebot3_ws/install/dynamixel_sdk_examples:/home/aviken/turtlebot3_ws/install/dynamixel_sdk_custom_interfaces:/home/aviken/turtlebot3_ws/install/dynamixel_sdk LD_LIBRARY_PATH=/home/aviken/colcon_ws/install/musashi_msgs/lib:/home/aviken/turtlebot3_ws/install/turtlebot3_msgs/lib:/home/aviken/turtlebot3_ws/install/turtlebot3_applications_msgs/lib:/home/aviken/turtlebot3_ws/install/dynamixel_sdk_custom_interfaces/lib:/home/aviken/turtlebot3_ws/install/dynamixel_sdk/lib:/usr/lib/x86_64-linux-gnu/gazebo-11/plugins:/opt/ros/humble/opt/rviz_ogre_vendor/lib:/opt/ros/humble/lib/x86_64-linux-gnu:/opt/ros/humble/lib:/usr/lib/x86_64-linux-gnu/gazebo-11/plugins PYTHONPATH=/home/aviken/colcon_ws/build/musashi_rviz/prefix_override:/usr/lib/python3/dist-packages/colcon_core/task/python/colcon_distutils_commands:/home/aviken/colcon_ws/install/musashi_rviz/lib/python3.10/site-packages:${PYTHONPATH} /usr/bin/python3 -W ignore:setup.py install is deprecated -W ignore:easy_install command is deprecated setup.py develop --editable --build-directory /home/aviken/colcon_ws/build/musashi_rviz/build --no-deps symlink_data
[6.133s] Level 1:colcon.colcon_core.shell:create_environment_hook('musashi_rviz', 'pythonpath_develop')
[6.133s] INFO:colcon.colcon_core.shell:Creating environment hook '/home/aviken/colcon_ws/build/musashi_rviz/share/musashi_rviz/hook/pythonpath_develop.ps1'
[6.134s] DEBUG:colcon.colcon_core.event_handler.log_command:Invoked command in '/home/aviken/colcon_ws/build/musashi_rviz' returned '0': CMAKE_PREFIX_PATH=/home/aviken/colcon_ws/install/musashi_msgs:/home/aviken/turtlebot3_ws/install/turtlebot3_applications:/home/aviken/turtlebot3_ws/install/turtlebot3:/home/aviken/turtlebot3_ws/install/turtlebot3_panorama:/home/aviken/turtlebot3_ws/install/turtlebot3_bringup:/home/aviken/turtlebot3_ws/install/turtlebot3_node:/home/aviken/turtlebot3_ws/install/turtlebot3_navigation2:/home/aviken/turtlebot3_ws/install/turtlebot3_msgs:/home/aviken/turtlebot3_ws/install/turtlebot3_follower:/home/aviken/turtlebot3_ws/install/turtlebot3_description:/home/aviken/turtlebot3_ws/install/turtlebot3_cartographer:/home/aviken/turtlebot3_ws/install/turtlebot3_applications_msgs:/home/aviken/turtlebot3_ws/install/dynamixel_sdk_examples:/home/aviken/turtlebot3_ws/install/dynamixel_sdk_custom_interfaces:/home/aviken/turtlebot3_ws/install/dynamixel_sdk LD_LIBRARY_PATH=/home/aviken/colcon_ws/install/musashi_msgs/lib:/home/aviken/turtlebot3_ws/install/turtlebot3_msgs/lib:/home/aviken/turtlebot3_ws/install/turtlebot3_applications_msgs/lib:/home/aviken/turtlebot3_ws/install/dynamixel_sdk_custom_interfaces/lib:/home/aviken/turtlebot3_ws/install/dynamixel_sdk/lib:/usr/lib/x86_64-linux-gnu/gazebo-11/plugins:/opt/ros/humble/opt/rviz_ogre_vendor/lib:/opt/ros/humble/lib/x86_64-linux-gnu:/opt/ros/humble/lib:/usr/lib/x86_64-linux-gnu/gazebo-11/plugins PYTHONPATH=/home/aviken/colcon_ws/build/musashi_rviz/prefix_override:/usr/lib/python3/dist-packages/colcon_core/task/python/colcon_distutils_commands:/home/aviken/colcon_ws/install/musashi_rviz/lib/python3.10/site-packages:${PYTHONPATH} /usr/bin/python3 -W ignore:setup.py install is deprecated -W ignore:easy_install command is deprecated setup.py develop --editable --build-directory /home/aviken/colcon_ws/build/musashi_rviz/build --no-deps symlink_data
[6.134s] INFO:colcon.colcon_core.shell:Creating environment descriptor '/home/aviken/colcon_ws/build/musashi_rviz/share/musashi_rviz/hook/pythonpath_develop.dsv'
[6.134s] INFO:colcon.colcon_core.shell:Creating environment hook '/home/aviken/colcon_ws/build/musashi_rviz/share/musashi_rviz/hook/pythonpath_develop.sh'
[6.135s] Level 1:colcon.colcon_core.environment:checking '/home/aviken/colcon_ws/install/musashi_rviz' for CMake module files
[6.135s] Level 1:colcon.colcon_core.environment:checking '/home/aviken/colcon_ws/install/musashi_rviz' for CMake config files
[6.135s] Level 1:colcon.colcon_core.environment:checking '/home/aviken/colcon_ws/install/musashi_rviz/lib'
[6.135s] Level 1:colcon.colcon_core.environment:checking '/home/aviken/colcon_ws/install/musashi_rviz/bin'
[6.135s] Level 1:colcon.colcon_core.environment:checking '/home/aviken/colcon_ws/install/musashi_rviz/lib/pkgconfig/musashi_rviz.pc'
[6.136s] Level 1:colcon.colcon_core.environment:checking '/home/aviken/colcon_ws/install/musashi_rviz/lib/python3.10/site-packages'
[6.136s] Level 1:colcon.colcon_core.shell:create_environment_hook('musashi_rviz', 'pythonpath')
[6.136s] INFO:colcon.colcon_core.shell:Creating environment hook '/home/aviken/colcon_ws/install/musashi_rviz/share/musashi_rviz/hook/pythonpath.ps1'
[6.136s] INFO:colcon.colcon_core.shell:Creating environment descriptor '/home/aviken/colcon_ws/install/musashi_rviz/share/musashi_rviz/hook/pythonpath.dsv'
[6.136s] INFO:colcon.colcon_core.shell:Creating environment hook '/home/aviken/colcon_ws/install/musashi_rviz/share/musashi_rviz/hook/pythonpath.sh'
[6.137s] Level 1:colcon.colcon_core.environment:checking '/home/aviken/colcon_ws/install/musashi_rviz/bin'
[6.137s] Level 1:colcon.colcon_core.environment:create_environment_scripts_only(musashi_rviz)
[6.137s] INFO:colcon.colcon_core.shell:Creating package script '/home/aviken/colcon_ws/install/musashi_rviz/share/musashi_rviz/package.ps1'
[6.137s] INFO:colcon.colcon_core.shell:Creating package descriptor '/home/aviken/colcon_ws/install/musashi_rviz/share/musashi_rviz/package.dsv'
[6.138s] INFO:colcon.colcon_core.shell:Creating package script '/home/aviken/colcon_ws/install/musashi_rviz/share/musashi_rviz/package.sh'
[6.138s] INFO:colcon.colcon_core.shell:Creating package script '/home/aviken/colcon_ws/install/musashi_rviz/share/musashi_rviz/package.bash'
[6.138s] INFO:colcon.colcon_core.shell:Creating package script '/home/aviken/colcon_ws/install/musashi_rviz/share/musashi_rviz/package.zsh'
[6.138s] Level 1:colcon.colcon_core.environment:create_file_with_runtime_dependencies(/home/aviken/colcon_ws/install/musashi_rviz/share/colcon-core/packages/musashi_rviz)
[6.334s] DEBUG:colcon.colcon_core.event_handler.log_command:Invoked command in '/home/aviken/colcon_ws/build/musashi_movebase' returned '0': CMAKE_PREFIX_PATH=/home/aviken/colcon_ws/install/musashi_msgs:/home/aviken/turtlebot3_ws/install/turtlebot3_applications:/home/aviken/turtlebot3_ws/install/turtlebot3:/home/aviken/turtlebot3_ws/install/turtlebot3_panorama:/home/aviken/turtlebot3_ws/install/turtlebot3_bringup:/home/aviken/turtlebot3_ws/install/turtlebot3_node:/home/aviken/turtlebot3_ws/install/turtlebot3_navigation2:/home/aviken/turtlebot3_ws/install/turtlebot3_msgs:/home/aviken/turtlebot3_ws/install/turtlebot3_follower:/home/aviken/turtlebot3_ws/install/turtlebot3_description:/home/aviken/turtlebot3_ws/install/turtlebot3_cartographer:/home/aviken/turtlebot3_ws/install/turtlebot3_applications_msgs:/home/aviken/turtlebot3_ws/install/dynamixel_sdk_examples:/home/aviken/turtlebot3_ws/install/dynamixel_sdk_custom_interfaces:/home/aviken/turtlebot3_ws/install/dynamixel_sdk:/home/aviken/turtlebot3_ws/install/turtlebot3_yolo_object_detection:/home/aviken/turtlebot3_ws/install/turtlebot3_teleop:/home/aviken/turtlebot3_ws/install/turtlebot3_ps4_teleop:/home/aviken/turtlebot3_ws/install/turtlebot3_example:/home/aviken/turtlebot3_ws/install/turtlebot3_automatic_parking_vision:/home/aviken/turtlebot3_ws/install/turtlebot3_automatic_parking:/home/aviken/turtlebot3_ws/install/turtlebot3_aruco_tracker:/home/aviken/colcon_ws/install/musashi_rviz:/home/aviken/colcon_ws/install/musashi_rqt_refereebox_client:/home/aviken/colcon_ws/install/musashi_rqt_player_server:/home/aviken/colcon_ws/install/musashi_rqt_player_controller:/home/aviken/colcon_ws/install/musashi_description:/home/aviken/colcon_ws/install/musashi_camera:/home/aviken/colcon_ws/install/musashi_basestation_client:/opt/ros/humble LD_LIBRARY_PATH=/home/aviken/colcon_ws/install/musashi_msgs/lib:/home/aviken/turtlebot3_ws/install/turtlebot3_msgs/lib:/home/aviken/turtlebot3_ws/install/turtlebot3_applications_msgs/lib:/home/aviken/turtlebot3_ws/install/dynamixel_sdk_custom_interfaces/lib:/home/aviken/turtlebot3_ws/install/dynamixel_sdk/lib:/usr/lib/x86_64-linux-gnu/gazebo-11/plugins:/opt/ros/humble/opt/rviz_ogre_vendor/lib:/opt/ros/humble/lib/x86_64-linux-gnu:/opt/ros/humble/lib:/usr/lib/x86_64-linux-gnu/gazebo-11/plugins /usr/bin/cmake /home/aviken/colcon_ws/src/musashi-ros2-humble/hardware/musashi_movebase -DAMENT_CMAKE_SYMLINK_INSTALL=1 -DCMAKE_INSTALL_PREFIX=/home/aviken/colcon_ws/install/musashi_movebase
[6.335s] DEBUG:colcon.colcon_core.event_handler.log_command:Invoking command in '/home/aviken/colcon_ws/build/musashi_movebase': CMAKE_PREFIX_PATH=/home/aviken/colcon_ws/install/musashi_msgs:/home/aviken/turtlebot3_ws/install/turtlebot3_applications:/home/aviken/turtlebot3_ws/install/turtlebot3:/home/aviken/turtlebot3_ws/install/turtlebot3_panorama:/home/aviken/turtlebot3_ws/install/turtlebot3_bringup:/home/aviken/turtlebot3_ws/install/turtlebot3_node:/home/aviken/turtlebot3_ws/install/turtlebot3_navigation2:/home/aviken/turtlebot3_ws/install/turtlebot3_msgs:/home/aviken/turtlebot3_ws/install/turtlebot3_follower:/home/aviken/turtlebot3_ws/install/turtlebot3_description:/home/aviken/turtlebot3_ws/install/turtlebot3_cartographer:/home/aviken/turtlebot3_ws/install/turtlebot3_applications_msgs:/home/aviken/turtlebot3_ws/install/dynamixel_sdk_examples:/home/aviken/turtlebot3_ws/install/dynamixel_sdk_custom_interfaces:/home/aviken/turtlebot3_ws/install/dynamixel_sdk:/home/aviken/turtlebot3_ws/install/turtlebot3_yolo_object_detection:/home/aviken/turtlebot3_ws/install/turtlebot3_teleop:/home/aviken/turtlebot3_ws/install/turtlebot3_ps4_teleop:/home/aviken/turtlebot3_ws/install/turtlebot3_example:/home/aviken/turtlebot3_ws/install/turtlebot3_automatic_parking_vision:/home/aviken/turtlebot3_ws/install/turtlebot3_automatic_parking:/home/aviken/turtlebot3_ws/install/turtlebot3_aruco_tracker:/home/aviken/colcon_ws/install/musashi_rviz:/home/aviken/colcon_ws/install/musashi_rqt_refereebox_client:/home/aviken/colcon_ws/install/musashi_rqt_player_server:/home/aviken/colcon_ws/install/musashi_rqt_player_controller:/home/aviken/colcon_ws/install/musashi_description:/home/aviken/colcon_ws/install/musashi_camera:/home/aviken/colcon_ws/install/musashi_basestation_client:/opt/ros/humble LD_LIBRARY_PATH=/home/aviken/colcon_ws/install/musashi_msgs/lib:/home/aviken/turtlebot3_ws/install/turtlebot3_msgs/lib:/home/aviken/turtlebot3_ws/install/turtlebot3_applications_msgs/lib:/home/aviken/turtlebot3_ws/install/dynamixel_sdk_custom_interfaces/lib:/home/aviken/turtlebot3_ws/install/dynamixel_sdk/lib:/usr/lib/x86_64-linux-gnu/gazebo-11/plugins:/opt/ros/humble/opt/rviz_ogre_vendor/lib:/opt/ros/humble/lib/x86_64-linux-gnu:/opt/ros/humble/lib:/usr/lib/x86_64-linux-gnu/gazebo-11/plugins /usr/bin/cmake --build /home/aviken/colcon_ws/build/musashi_movebase -- -j16 -l16
[8.575s] DEBUG:colcon.colcon_core.event_handler.log_command:Invoked command in '/home/aviken/colcon_ws/build/musashi_movebase' returned '2': CMAKE_PREFIX_PATH=/home/aviken/colcon_ws/install/musashi_msgs:/home/aviken/turtlebot3_ws/install/turtlebot3_applications:/home/aviken/turtlebot3_ws/install/turtlebot3:/home/aviken/turtlebot3_ws/install/turtlebot3_panorama:/home/aviken/turtlebot3_ws/install/turtlebot3_bringup:/home/aviken/turtlebot3_ws/install/turtlebot3_node:/home/aviken/turtlebot3_ws/install/turtlebot3_navigation2:/home/aviken/turtlebot3_ws/install/turtlebot3_msgs:/home/aviken/turtlebot3_ws/install/turtlebot3_follower:/home/aviken/turtlebot3_ws/install/turtlebot3_description:/home/aviken/turtlebot3_ws/install/turtlebot3_cartographer:/home/aviken/turtlebot3_ws/install/turtlebot3_applications_msgs:/home/aviken/turtlebot3_ws/install/dynamixel_sdk_examples:/home/aviken/turtlebot3_ws/install/dynamixel_sdk_custom_interfaces:/home/aviken/turtlebot3_ws/install/dynamixel_sdk:/home/aviken/turtlebot3_ws/install/turtlebot3_yolo_object_detection:/home/aviken/turtlebot3_ws/install/turtlebot3_teleop:/home/aviken/turtlebot3_ws/install/turtlebot3_ps4_teleop:/home/aviken/turtlebot3_ws/install/turtlebot3_example:/home/aviken/turtlebot3_ws/install/turtlebot3_automatic_parking_vision:/home/aviken/turtlebot3_ws/install/turtlebot3_automatic_parking:/home/aviken/turtlebot3_ws/install/turtlebot3_aruco_tracker:/home/aviken/colcon_ws/install/musashi_rviz:/home/aviken/colcon_ws/install/musashi_rqt_refereebox_client:/home/aviken/colcon_ws/install/musashi_rqt_player_server:/home/aviken/colcon_ws/install/musashi_rqt_player_controller:/home/aviken/colcon_ws/install/musashi_description:/home/aviken/colcon_ws/install/musashi_camera:/home/aviken/colcon_ws/install/musashi_basestation_client:/opt/ros/humble LD_LIBRARY_PATH=/home/aviken/colcon_ws/install/musashi_msgs/lib:/home/aviken/turtlebot3_ws/install/turtlebot3_msgs/lib:/home/aviken/turtlebot3_ws/install/turtlebot3_applications_msgs/lib:/home/aviken/turtlebot3_ws/install/dynamixel_sdk_custom_interfaces/lib:/home/aviken/turtlebot3_ws/install/dynamixel_sdk/lib:/usr/lib/x86_64-linux-gnu/gazebo-11/plugins:/opt/ros/humble/opt/rviz_ogre_vendor/lib:/opt/ros/humble/lib/x86_64-linux-gnu:/opt/ros/humble/lib:/usr/lib/x86_64-linux-gnu/gazebo-11/plugins /usr/bin/cmake --build /home/aviken/colcon_ws/build/musashi_movebase -- -j16 -l16
[8.575s] Level 1:colcon.colcon_core.environment:create_environment_scripts_only(musashi_movebase)
[8.575s] Level 1:colcon.colcon_core.environment:checking '/home/aviken/colcon_ws/install/musashi_movebase' for CMake module files
[8.576s] Level 1:colcon.colcon_core.environment:checking '/home/aviken/colcon_ws/install/musashi_movebase' for CMake config files
[8.576s] Level 1:colcon.colcon_core.environment:checking '/home/aviken/colcon_ws/install/musashi_movebase/bin'
[8.576s] Level 1:colcon.colcon_core.environment:checking '/home/aviken/colcon_ws/install/musashi_movebase/lib/pkgconfig/musashi_movebase.pc'
[8.576s] Level 1:colcon.colcon_core.environment:checking '/home/aviken/colcon_ws/install/musashi_movebase/lib/python3.10/site-packages'
[8.576s] Level 1:colcon.colcon_core.environment:checking '/home/aviken/colcon_ws/install/musashi_movebase/bin'
[8.576s] INFO:colcon.colcon_core.shell:Creating package script '/home/aviken/colcon_ws/install/musashi_movebase/share/musashi_movebase/package.ps1'
[8.576s] INFO:colcon.colcon_core.shell:Creating package descriptor '/home/aviken/colcon_ws/install/musashi_movebase/share/musashi_movebase/package.dsv'
[8.577s] INFO:colcon.colcon_core.shell:Creating package script '/home/aviken/colcon_ws/install/musashi_movebase/share/musashi_movebase/package.sh'
[8.577s] INFO:colcon.colcon_core.shell:Creating package script '/home/aviken/colcon_ws/install/musashi_movebase/share/musashi_movebase/package.bash'
[8.577s] INFO:colcon.colcon_core.shell:Creating package script '/home/aviken/colcon_ws/install/musashi_movebase/share/musashi_movebase/package.zsh'
[8.577s] Level 1:colcon.colcon_core.environment:create_file_with_runtime_dependencies(/home/aviken/colcon_ws/install/musashi_movebase/share/colcon-core/packages/musashi_movebase)
[8.588s] DEBUG:colcon.colcon_parallel_executor.executor.parallel:closing loop
[8.588s] DEBUG:colcon.colcon_parallel_executor.executor.parallel:loop closed
[8.588s] DEBUG:colcon.colcon_parallel_executor.executor.parallel:run_until_complete finished with '2'
[8.588s] DEBUG:colcon.colcon_core.event_reactor:joining thread
[8.593s] INFO:colcon.colcon_core.plugin_system:Skipping extension 'colcon_notification.desktop_notification.terminal_notifier': Not used on non-Darwin systems
[8.593s] INFO:colcon.colcon_core.plugin_system:Skipping extension 'colcon_notification.desktop_notification.win32': Not used on non-Windows systems
[8.593s] INFO:colcon.colcon_notification.desktop_notification:Sending desktop notification using 'notify2'
[8.601s] DEBUG:colcon.colcon_core.event_reactor:joined thread
[8.602s] INFO:colcon.colcon_core.shell:Creating prefix script '/home/aviken/colcon_ws/install/local_setup.ps1'
[8.602s] INFO:colcon.colcon_core.shell:Creating prefix util module '/home/aviken/colcon_ws/install/_local_setup_util_ps1.py'
[8.603s] INFO:colcon.colcon_core.shell:Creating prefix chain script '/home/aviken/colcon_ws/install/setup.ps1'
[8.604s] INFO:colcon.colcon_core.shell:Creating prefix script '/home/aviken/colcon_ws/install/local_setup.sh'
[8.605s] INFO:colcon.colcon_core.shell:Creating prefix util module '/home/aviken/colcon_ws/install/_local_setup_util_sh.py'
[8.605s] INFO:colcon.colcon_core.shell:Creating prefix chain script '/home/aviken/colcon_ws/install/setup.sh'
[8.606s] INFO:colcon.colcon_core.shell:Creating prefix script '/home/aviken/colcon_ws/install/local_setup.bash'
[8.606s] INFO:colcon.colcon_core.shell:Creating prefix chain script '/home/aviken/colcon_ws/install/setup.bash'
[8.608s] INFO:colcon.colcon_core.shell:Creating prefix script '/home/aviken/colcon_ws/install/local_setup.zsh'
[8.608s] INFO:colcon.colcon_core.shell:Creating prefix chain script '/home/aviken/colcon_ws/install/setup.zsh'
